tag,meaning,category,count,usage_rate,sample_image
masterpiece,傑作 (基本クオリティタグ),Quality,5673,138.60%,
very aesthetic,非常に美しい (美的タグ),Quality,4862,118.79%,
1girl,一人の女の子,Character,1713,41.85%,https://cdn.donmai.us/original/1f/6d/1f6d62116178b36bbe03a872d9c66d5b.png
best quality,Best Quality,Quality,2361,57.68%,
,,Others,2134,52.14%,
highres,高画質,Quality,878,21.45%,https://cdn.donmai.us/original/1f/6d/1f6d62116178b36bbe03a872d9c66d5b.png
no text,No Text,Others,1749,42.73%,
solo,一人の女の子,Character,1165,28.46%,https://cdn.donmai.us/sample/58/d9/sample-58d9a2f82a85050b66f729960a69a984.jpg
absurdres,不条理,Quality,831,20.30%,https://cdn.donmai.us/sample/7e/59/sample-7e59a38b73f0c1f20f233c7d3bf28fba.jpg
nsfw,Nsfw,Others,1129,27.58%,
blush,赤面,Character,469,11.46%,https://cdn.donmai.us/sample/8c/74/sample-8c743384a9aebff5406c774e590c3798.jpg
breasts,胸,Character,90,2.20%,https://cdn.donmai.us/original/1f/6d/1f6d62116178b36bbe03a872d9c66d5b.png
no text girl,キャラ: No Text Girl,Character,923,22.55%,
standing,立っている,Pose,802,19.59%,https://cdn.donmai.us/sample/8c/74/sample-8c743384a9aebff5406c774e590c3798.jpg
shiny skin,光ってる肌,Character,842,20.57%,
large breasts,巨乳,Character,836,20.43%,
amazing quality,Amazing Quality,Quality,826,20.18%,
8k,8K解像度 (クオリティタグ),Others,762,18.62%,
upper body,上半身,Others,743,18.15%,
year 2025,2025年 (投稿・制作年指定),Others,739,18.06%,
depth of field,被写界深度 (背景のぼけ),Others,715,17.47%,
anime coloring,アニメカラーリング (発色の良いアニメ配色),Style,710,17.35%,
ultra-detailed,極めて詳細な描き込み,Others,683,16.69%,
long_hair,ロングヘア,Character,0,0.00%,https://cdn.donmai.us/original/1f/6d/1f6d62116178b36bbe03a872d9c66d5b.png
smile,笑顔,Character,347,8.48%,https://cdn.donmai.us/sample/66/7a/sample-667a434f1391d112d9623bd57afd2e21.jpg
beach,砂浜 (ビーチ),Others,573,14.00%,https://cdn.donmai.us/sample/e4/44/sample-e44401a662a15b1e324109bb3a76bc55.jpg
looking_at_viewer,主観視点,Others,38,0.93%,https://cdn.donmai.us/sample/7e/59/sample-7e59a38b73f0c1f20f233c7d3bf28fba.jpg
in_idolmaster_style,アイドルマスター風の絵柄,Style,589,14.39%,
artist:ishigaki_takashi,絵師: ishigaki_takashi風,Style,589,14.39%,
artist:cyclonereizei,絵師: cyclonereizei風,Style,589,14.39%,
official style,公式スタイル,Style,586,14.32%,
wrinkled skin,しわが寄った肌,Character,586,14.32%,
huge breasts,爆乳,Character,568,13.88%,
sweat,汗 (肌の描写),Others,352,8.60%,https://cdn.donmai.us/sample/5f/94/sample-5f94c6661bebe621a0342907e36ac634.jpg
sharp focus,Sharp Focus,Others,565,13.80%,
high contrast lighting,High Contrast Lighting,Background,560,13.68%,
nipples,乳首,Others,159,3.88%,https://cdn.donmai.us/original/1f/6d/1f6d62116178b36bbe03a872d9c66d5b.png
volumetric lighting,空気感のある光 (光の筋),Background,549,13.41%,
rim lighting,輪郭を際立たせる光 (リムライト),Background,513,12.53%,
girl,女の子,Character,510,12.46%,
close-up,接写 (クローズアップ),Others,498,12.17%,https://cdn.donmai.us/sample/78/2b/sample-782b86377e90251da33d2d2e678811e7.jpg
vivid colors,Vivid Colors,Others,502,12.26%,
dutch angle,ダッチアングル,Others,501,12.24%,
anime screenshot,Anime Screenshot,Others,482,11.78%,
official art,公式イラスト風 (公式商品・宣伝絵風),Others,477,11.65%,
ultra detailed,極めて詳細な描き込み,Others,470,11.48%,
navel,おへそ,Character,83,2.03%,https://cdn.donmai.us/sample/e4/44/sample-e44401a662a15b1e324109bb3a76bc55.jpg
looking at viewer,カメラ目線 (こちらを見つめる),Pose,453,11.07%,
large_breasts,巨乳,Character,0,0.00%,https://cdn.donmai.us/original/1f/6d/1f6d62116178b36bbe03a872d9c66d5b.png
year 2024,2024年 (投稿・制作年指定),Others,444,10.85%,
1boy,一人の男の子,Character,126,3.08%,https://cdn.donmai.us/sample/e4/44/sample-e44401a662a15b1e324109bb3a76bc55.jpg
shiny shading,Shiny Shading,Others,436,10.65%,
perfect anatomy,Perfect Anatomy,Others,435,10.63%,
dramatic lighting,Dramatic Lighting,Background,425,10.38%,
ass,お尻,Others,154,3.76%,https://cdn.donmai.us/sample/7e/59/sample-7e59a38b73f0c1f20f233c7d3bf28fba.jpg
hyper detailed,Hyper Detailed,Others,414,10.11%,
cinematic lighting,映画風のドラマチックな照明,Background,410,10.02%,
thighs,太もも,Character,125,3.05%,https://cdn.donmai.us/sample/66/7a/sample-667a434f1391d112d9623bd57afd2e21.jpg
soft shadows,Soft Shadows,Background,390,9.53%,
detailed eyes,キャラ: Detailed Eyes,Character,385,9.41%,
great quality,Great Quality,Quality,378,9.24%,
bikini,ビキニ,Clothing,161,3.93%,https://cdn.donmai.us/sample/e4/44/sample-e44401a662a15b1e324109bb3a76bc55.jpg
white background,白背景,Background,377,9.21%,
cleavage,胸の谷間,Character,210,5.13%,https://cdn.donmai.us/sample/50/e6/sample-50e699ce175bfbfcf3ed2d7617beed74.jpg
wrinkled fabric,しわのある生地,Others,365,8.92%,
night,夜,Background,351,8.58%,https://cdn.donmai.us/sample/b3/b3/sample-b3b371bac350a14ebe78a9d15e9e4d4d.jpg
clean lineart,Clean Lineart,Others,359,8.77%,
ai-generated,AI生成画像,Others,356,8.70%,https://cdn.donmai.us/sample/6a/b6/sample-6ab6d88c1a8919902cc7f91e9f38d5ee.jpg
hard shadows,Hard Shadows,Background,358,8.75%,
specular highlights,Specular Highlights,Background,355,8.67%,
ray tracing,Ray Tracing,Others,352,8.60%,
skin gloss,キャラ: Skin Gloss,Character,349,8.53%,
cowboy shot,腿から上のアングル,Character,349,8.53%,
glossy skin,キャラ: Glossy Skin,Character,341,8.33%,
ai-assisted,AI支援画像,Others,330,8.06%,https://cdn.donmai.us/sample/ed/ec/sample-edec5969de69285c5df0e9997a9d4e86.jpg
deep skin,深い肌,Character,335,8.18%,
extremely detailed,Extremely Detailed,Others,334,8.16%,
voluptuous,Voluptuous,Others,332,8.11%,
chiaroscuro,Chiaroscuro,Others,331,8.09%,
magazine cover,雑誌の表紙,Others,330,8.06%,
detailed environment,Detailed Environment,Others,330,8.06%,
painterly,ペインター塗り (筆跡を残した厚塗り),Others,329,8.04%,
thighhighs,サイハイソックス,Others,100,2.44%,https://cdn.donmai.us/original/1f/6d/1f6d62116178b36bbe03a872d9c66d5b.png
ultra detail,Ultra Detail,Others,328,8.01%,
polished skin,キャラ: Polished Skin,Character,328,8.01%,
professional photoshoot,Professional Photoshoot,Others,328,8.01%,
ultra-high resolution,Ultra-high Resolution,Others,328,8.01%,
gravure photo,Gravure Photo,Others,328,8.01%,
unity 8k wallpaper,Unity 8k Wallpaper,Background,328,8.01%,
sharp lineart,Sharp Lineart,Others,328,8.01%,
polished surface,キャラ: Polished Surface,Character,328,8.01%,
high contrast shading,High Contrast Shading,Others,328,8.01%,
glossy hair highlights,Glossy Hair Highlights,Background,328,8.01%,
solid eyes,しっかりした目,Character,328,8.01%,
high brightness,High Brightness,Others,328,8.01%,
high exposure,High Exposure,Others,328,8.01%,
super detailed skin,キャラ: Super Detailed Skin,Character,328,8.01%,
ultra quality,Ultra Quality,Quality,328,8.01%,
key lighting,Key Lighting,Background,328,8.01%,
reflective surface,キャラ: Reflective Surface,Character,328,8.01%,
mirror shine,Mirror Shine,Others,328,8.01%,
highly reflective,Highly Reflective,Others,328,8.01%,
saturated colors,Saturated Colors,Others,326,7.96%,
glossy latex,Glossy Latex,Others,321,7.84%,
latex,ラテックス,Others,315,7.70%,https://cdn.donmai.us/sample/84/4d/sample-844dbbdce905ac2da924a7731452ce53.jpg
hyper shiny skin,キャラ: Hyper Shiny Skin,Character,321,7.84%,
high contrast image,High Contrast Image,Others,321,7.84%,
pussy,割れ目・秘部,Others,97,2.37%,https://cdn.donmai.us/sample/7e/59/sample-7e59a38b73f0c1f20f233c7d3bf28fba.jpg
sex,セックス,Others,114,2.79%,https://cdn.donmai.us/original/1f/6d/1f6d62116178b36bbe03a872d9c66d5b.png
mutimuti sound onomatopoeia,Mutimuti Sound Onomatopoeia,Others,318,7.77%,
lycoris recoil,lycoris反動,Others,317,7.74%,
stroke shading,Stroke Shading,Others,316,7.72%,
cell-shading,Cell-shading,Others,316,7.72%,
stable diffusion,Stable Diffusion,Others,316,7.72%,
wuthering waves,Wuthering Waves,Others,316,7.72%,
detailed cel shading,Detailed Cel Shading,Others,316,7.72%,
colorful and shiny,Colorful And Shiny,Others,316,7.72%,
pix ai,Pix Ai,Others,316,7.72%,
bold outlines,太い外枠線 (ステッカー・ポップ風),Others,316,7.72%,
kyoto animation,京都アニメーション,Others,315,7.70%,
ufotable,ufotable,Others,315,7.70%,
no text sharpnesses,No Text Sharpnesses,Others,315,7.70%,
photorealistic glowing atmosphere,Photorealistic Glowing Atmosphere,Others,315,7.70%,
lvibrant colors,Lvibrant Colors,Clothing,315,7.70%,
open_mouth,開いた口,Character,0,0.00%,https://cdn.donmai.us/sample/8c/74/sample-8c743384a9aebff5406c774e590c3798.jpg
Nishikori atsushi,Nishikori Atsushi,Others,314,7.67%,
arai hiroki,アライ・ヒロキ,Others,314,7.67%,
iseki Shuichi,Iseki Shuichi,Others,314,7.67%,
tanaka masayoshi,田中大山,Others,314,7.67%,
indoors,室内,Background,207,5.06%,https://cdn.donmai.us/original/1f/6d/1f6d62116178b36bbe03a872d9c66d5b.png
outdoors,屋外,Background,208,5.08%,https://cdn.donmai.us/sample/e4/44/sample-e44401a662a15b1e324109bb3a76bc55.jpg
photorealistic global illumination,Photorealistic Global Illumination,Others,313,7.65%,
photorealistic lighting,Photorealistic Lighting,Background,311,7.60%,
game cg,ゲームCG風 (美少女ゲーム・RPGイベントCG),Style,309,7.55%,
from above,上から,Others,305,7.45%,
swimsuit,水着,Clothing,14,0.34%,https://cdn.donmai.us/sample/e4/44/sample-e44401a662a15b1e324109bb3a76bc55.jpg
wet,濡れ,Others,220,5.38%,https://cdn.donmai.us/sample/59/92/sample-5992d4eb9cb7f4510c51f6e3f421538e.jpg
from below,下から,Others,301,7.35%,
nude,裸 (ヌード),Others,77,1.88%,https://cdn.donmai.us/original/1f/6d/1f6d62116178b36bbe03a872d9c66d5b.png
gundam build fighters try,ガンダムビルドファイターは試してみてください,Others,296,7.23%,
full body,全身の描写,Others,294,7.18%,
sitting,座っている,Pose,181,4.42%,https://cdn.donmai.us/sample/da/e6/sample-dae634e6daf60c4dd97e208a183a5648.jpg
from side,横から,Others,284,6.94%,
luminous lighting,Luminous Lighting,Background,284,6.94%,
penis,ちんちん,Others,39,0.95%,https://cdn.donmai.us/original/1f/6d/1f6d62116178b36bbe03a872d9c66d5b.png
medium breasts,中乳 (普通の胸),Character,279,6.82%,
hard light,Hard Light,Background,277,6.77%,
high resolution,高解像度,Others,274,6.69%,
bright tones,Bright Tones,Others,272,6.65%,
hetero,異性愛,Others,32,0.78%,https://cdn.donmai.us/original/1f/6d/1f6d62116178b36bbe03a872d9c66d5b.png
2girls,二人の女の子,Character,137,3.35%,https://cdn.donmai.us/sample/41/83/sample-41833b427b0e16849f521cc080daee8b.jpg
supreme lighting,Supreme Lighting,Background,270,6.60%,
ultra bright background,Ultra Bright Background,Background,270,6.60%,
ponytail,ポニーテール,Others,147,3.59%,https://cdn.donmai.us/original/a9/a4/a9a41065ab856b48876dcf1569701424.jpg
pov,主観,Others,182,4.45%,https://cdn.donmai.us/sample/e4/44/sample-e44401a662a15b1e324109bb3a76bc55.jpg
uncensored,無修正,Others,148,3.62%,https://cdn.donmai.us/original/1f/6d/1f6d62116178b36bbe03a872d9c66d5b.png
light rays,光線,Background,257,6.28%,
strong sunlight flooding scene,Strong Sunlight Flooding Scene,Background,257,6.28%,
extremely detailed CG,Extremely Detailed Cg,Others,254,6.21%,
detailed skin,キャラ: Detailed Skin,Character,247,6.03%,
photo realistic character,Photo Realistic Character,Others,245,5.99%,
motion lines,モーションライン,Others,245,5.99%,
groin,股間,Others,219,5.35%,https://cdn.donmai.us/sample/46/ec/sample-46ec907e03195055e1fd962e7618da1a.jpg
glistening skin,キャラ: Glistening Skin,Character,241,5.89%,
lying,横たわっている,Pose,107,2.61%,https://cdn.donmai.us/sample/5f/94/sample-5f94c6661bebe621a0342907e36ac634.jpg
illustration,Illustration,Others,236,5.77%,
100-layer,100-layer,Others,236,5.77%,
natural skin texture,キャラ: Natural Skin Texture,Character,233,5.69%,
fate/grand order,運命/大秩序,Others,231,5.64%,
twintails,ツインテール,Others,107,2.61%,https://cdn.donmai.us/sample/e4/44/sample-e44401a662a15b1e324109bb3a76bc55.jpg
stomach,下腹部,Others,7,0.17%,https://cdn.donmai.us/sample/66/7a/sample-667a434f1391d112d9623bd57afd2e21.jpg
simple background,シンプルな背景,Background,227,5.55%,
soft shading,ソフトシェーディング (なめらかなグラデーション),Others,226,5.52%,
blurry,ぼやけた画像・ピント外れ,Others,193,4.72%,https://cdn.donmai.us/sample/a6/0c/sample-a60c792b047c553b43f578eb204dbb9f.jpg
vivid,Vivid,Others,218,5.33%,
novel illustration,斬新なイラスト,Others,218,5.33%,
textile shading,Textile Shading,Others,218,5.33%,
an extremely delicate and beautiful,An Extremely Delicate And Beautiful,Others,218,5.33%,
hyperrealistic,Hyperrealistic,Others,218,5.33%,
production art,プロダクションアート,Others,218,5.33%,
anime colored,Anime Colored,Others,218,5.33%,
censored,修正済み,Others,3,0.07%,https://cdn.donmai.us/sample/8c/74/sample-8c743384a9aebff5406c774e590c3798.jpg
from behind,後ろ姿,Others,216,5.28%,
monochrome,モノクロ,Style,198,4.84%,https://cdn.donmai.us/sample/e9/15/sample-e9151fc0ed17d7f0b725b68fd3ac620a.jpg
hair_ornament,髪飾り,Character,0,0.00%,https://cdn.donmai.us/sample/e4/44/sample-e44401a662a15b1e324109bb3a76bc55.jpg
skirt,スカート,Clothing,103,2.52%,https://cdn.donmai.us/original/2d/61/2d614920a229f110cecdcac607522b4c.jpg
black_hair,黒髪,Character,0,0.00%,https://cdn.donmai.us/sample/7e/59/sample-7e59a38b73f0c1f20f233c7d3bf28fba.jpg
cinematic composition,Cinematic Composition,Others,204,4.98%,
boy,キャラ: Boy,Character,203,4.96%,
shirt,シャツ,Clothing,10,0.24%,https://cdn.donmai.us/sample/66/7a/sample-667a434f1391d112d9623bd57afd2e21.jpg
balanced composition,Balanced Composition,Others,201,4.91%,
cum,射精,Others,75,1.83%,https://cdn.donmai.us/sample/66/7a/sample-667a434f1391d112d9623bd57afd2e21.jpg
d-art,d-art,Others,200,4.89%,
artist:kafun,絵師: kafun風,Style,200,4.89%,
spacezin,Spacezin,Others,200,4.89%,
subsurface scattering,キャラ: Subsurface Scattering,Character,200,4.89%,
blackwhiplash,Blackwhiplash,Others,200,4.89%,
open mouth,開いた口,Character,199,4.86%,
embarrassed,照れ顔,Others,180,4.40%,https://cdn.donmai.us/sample/2f/df/sample-2fdfec9000a35d85145e5f78443ad047.jpg
realistic rendering,Realistic Rendering,Others,194,4.74%,
very_long_hair,とても長い髪,Character,0,0.00%,https://cdn.donmai.us/sample/58/d9/sample-58d9a2f82a85050b66f729960a69a984.jpg
NSFW,Nsfw,Others,192,4.69%,
japanese sound effect,Japanese Sound Effect,Others,191,4.67%,
detailed face,キャラ: Detailed Face,Character,190,4.64%,
realistic body,Realistic Body,Others,190,4.64%,
Ultra detailed,極めて詳細な描き込み,Others,190,4.64%,
brown_hair,茶髪,Character,1,0.02%,https://cdn.donmai.us/original/1f/6d/1f6d62116178b36bbe03a872d9c66d5b.png
soft-edged,Soft-edged,Others,190,4.64%,
best Quality,Best Quality,Quality,190,4.64%,
smooth skin gradients,キャラ: Smooth Skin Gradients,Character,190,4.64%,
shiny face,キャラ: Shiny Face,Character,190,4.64%,
illustration-like realism,Illustration-like Realism,Others,190,4.64%,
detaild face,キャラ: Detaild Face,Character,190,4.64%,
soft-lines,Soft-lines,Others,190,4.64%,
soft specular highlights,Soft Specular Highlights,Background,190,4.64%,
moe anime style,Moe Anime Style風の絵柄,Style,190,4.64%,
high-detail cel shading,High-detail Cel Shading,Others,190,4.64%,
airtist:homura,Airtist:homura,Others,190,4.64%,
blonde_hair,金髪,Character,5,0.12%,https://cdn.donmai.us/sample/e4/44/sample-e44401a662a15b1e324109bb3a76bc55.jpg
blue_eyes,碧眼,Character,0,0.00%,https://cdn.donmai.us/original/1f/6d/1f6d62116178b36bbe03a872d9c66d5b.png
collarbone,鎖骨,Others,50,1.22%,https://cdn.donmai.us/sample/8c/74/sample-8c743384a9aebff5406c774e590c3798.jpg
angry,怒り,Others,179,4.37%,https://cdn.donmai.us/sample/09/3e/sample-093e6c77d422faad39f4ea2350f7e483.jpg
multiple_girls,複数人の女の子,Character,0,0.00%,https://cdn.donmai.us/sample/7e/59/sample-7e59a38b73f0c1f20f233c7d3bf28fba.jpg
artist collaboration,Artist Collaboration,Others,181,4.42%,
multicolored_hair,二色髪,Character,0,0.00%,https://cdn.donmai.us/sample/66/7a/sample-667a434f1391d112d9623bd57afd2e21.jpg
huge_breasts,爆乳,Character,5,0.12%,https://cdn.donmai.us/sample/50/e6/sample-50e699ce175bfbfcf3ed2d7617beed74.jpg
^^^,^^^,Others,177,4.32%,https://cdn.donmai.us/sample/80/e1/sample-80e18b632a41608b444fdc53ef5a9be4.jpg
zenless_zone_zero,ゼンレスゾーンゼロ,Copyright,0,0.00%,https://cdn.donmai.us/sample/7e/59/sample-7e59a38b73f0c1f20f233c7d3bf28fba.jpg
incredibly absurdres,信じられないほど不条理,Others,172,4.20%,
ahoge,アホ毛,Others,75,1.83%,https://cdn.donmai.us/original/1f/6d/1f6d62116178b36bbe03a872d9c66d5b.png
spread legs,開脚ポーズ,Pose,169,4.13%,
fujisaki_hikari,藤井hikari,Others,168,4.10%,
Artist:cle_masahiro,絵師: cle_masahiro風,Style,168,4.10%,
Artist:Tomose Shunsaku,絵師: Tomose Shunsaku風,Style,168,4.10%,
rubi-sama,ルビ様,Others,168,4.10%,
closed_mouth,閉まった口,Character,2,0.05%,https://cdn.donmai.us/sample/ce/69/sample-ce69b49b0e05112b17c280aefb5f8c38.jpg
covered nipples,透け乳首,Others,167,4.08%,
8K,8K解像度 (クオリティタグ),Others,167,4.08%,
school uniform,制服,Clothing,166,4.06%,
short_hair,ショートヘア,Character,1,0.02%,https://cdn.donmai.us/sample/5f/dc/sample-5fdc2dc4198b3930ac3a8feb5ba19513.jpg
small breasts,微乳・貧乳,Character,165,4.03%,
skindentation,スキンテーション,Character,129,3.15%,https://cdn.donmai.us/sample/58/d9/sample-58d9a2f82a85050b66f729960a69a984.jpg
hair_between_eyes,目の間の髪,Character,0,0.00%,https://cdn.donmai.us/sample/5f/94/sample-5f94c6661bebe621a0342907e36ac634.jpg
heart,ハート,Others,31,0.76%,https://cdn.donmai.us/sample/5f/94/sample-5f94c6661bebe621a0342907e36ac634.jpg
closed eyes,瞑目,Character,159,3.88%,
vaginal,膣,Others,27,0.66%,https://cdn.donmai.us/original/1f/6d/1f6d62116178b36bbe03a872d9c66d5b.png
panties,パンティ (下着),Clothing,29,0.71%,https://cdn.donmai.us/sample/5f/dc/sample-5fdc2dc4198b3930ac3a8feb5ba19513.jpg
red_eyes,赤目,Character,0,0.00%,https://cdn.donmai.us/sample/7e/59/sample-7e59a38b73f0c1f20f233c7d3bf28fba.jpg
steam,蒸気,Others,136,3.32%,https://cdn.donmai.us/sample/59/92/sample-5992d4eb9cb7f4510c51f6e3f421538e.jpg
purple_eyes,紫目,Character,0,0.00%,https://cdn.donmai.us/sample/66/7a/sample-667a434f1391d112d9623bd57afd2e21.jpg
mist,Mist,Others,156,3.81%,
detailed hair,キャラ: Detailed Hair,Character,156,3.81%,
black hair,黒髪,Character,156,3.81%,
loli,ロリ,Others,148,3.62%,https://safebooru.org/images/1095/1abbb1ba75c571d652c07543a36e6e80a51f8774.jpg
tail,しっぽ,Others,9,0.22%,https://cdn.donmai.us/original/1f/6d/1f6d62116178b36bbe03a872d9c66d5b.png
beautiful face,キャラ: Beautiful Face,Character,154,3.76%,
halo,ハロー,Others,4,0.10%,https://cdn.donmai.us/sample/8c/74/sample-8c743384a9aebff5406c774e590c3798.jpg
Motion Line,Motion Line,Others,152,3.71%,
skin-tight clothes,Skin-tight Clothes,Clothing,152,3.71%,
realistic skin texture,キャラ: Realistic Skin Texture,Character,151,3.69%,
detailed background,Detailed Background,Background,150,3.66%,
blue_archive,ブルーアーカイブ,Copyright,0,0.00%,https://cdn.donmai.us/sample/8c/74/sample-8c743384a9aebff5406c774e590c3798.jpg
go-toubun no hanayome,go-touun no hanayome,Others,149,3.64%,
8k resolution,8k Resolution,Others,149,3.64%,
sketch,スケッチ (下描き風の軽快な線),Style,140,3.42%,https://cdn.donmai.us/sample/61/5f/sample-615f2a71a26646e1eaf4ad080dedb53d.jpg
day,昼,Background,87,2.13%,https://cdn.donmai.us/sample/e6/df/sample-e6dfafaa91f58ae6fbb008d9c6ed78c1.jpg
pink_hair,ピンク髪,Character,0,0.00%,https://cdn.donmai.us/sample/7e/59/sample-7e59a38b73f0c1f20f233c7d3bf28fba.jpg
clean lines,クリーンな整頓された線画,Others,147,3.59%,
shallow depth of field,Shallow Depth Of Field,Others,147,3.59%,
dynamic angle,Dynamic Angle,Others,146,3.57%,
crotch tattoo,Crotch Tattoo,Others,146,3.57%,
gloves,手袋,Others,11,0.27%,https://cdn.donmai.us/original/b0/9d/b09d9f7bd0dac47c48f78dd7a0729a76.jpg
3d,3D,Others,124,3.03%,https://cdn.donmai.us/original/ad/b0/adb0a0c9c6554f16f2b290f0eb20b3ec.mp4
dark,暗い,Others,142,3.47%,
saliva,唾液,Others,114,2.79%,https://cdn.donmai.us/sample/a2/81/sample-a281fd477b966f75e8cad9032c0c2fe7.jpg
light particles,光粒子,Background,142,3.47%,
mutimuti onomatopoeia,Mutimuti Onomatopoeia,Others,142,3.47%,
fur dataset,Fur Dataset,Others,142,3.47%,
seductive smile,魅惑的な笑顔,Character,141,3.44%,
curvy,曲線,Others,125,3.05%,https://cdn.donmai.us/sample/55/1f/sample-551f1ba405b0ead324852379f7c508f0.jpg
smooth lines,Smooth Lines,Others,139,3.40%,
thick thighs,太ももの太もも,Character,138,3.37%,
cinematic atmosphere,Cinematic Atmosphere,Others,137,3.35%,
portrait,肖像画風 (肩から上),Others,134,3.27%,https://cdn.donmai.us/sample/12/f1/sample-12f1bb455199e49c3087e60f99b24916.jpg
wet body,Wet Body,Others,137,3.35%,
highly detailed anime style,Highly Detailed Anime Style風の絵柄,Style,136,3.32%,
minimal noise,Minimal Noise,Others,136,3.32%,
zunta,ズンタ,Others,136,3.32%,
realistic shading,Realistic Shading,Others,136,3.32%,
depth and volume,Depth And Volume,Others,136,3.32%,
smooth rendering,Smooth Rendering,Others,136,3.32%,
tensei oujo to tensai reijou no mahou kakumi,Tensei Oujo To Tensai Reijou No Mahou Kakumi,Others,136,3.32%,
tenjou tenge,Tenjou Tenge,Others,136,3.32%,
dragon quest v,ドラゴンクエストv,Others,136,3.32%,
2d anime cel,2d Anime Cel,Others,136,3.32%,
color balance,Color Balance,Others,136,3.32%,
-1::simple illustration,-1::simple Illustration,Others,136,3.32%,
CFG Scale 9,Cfg Scale 9,Others,136,3.32%,
street fighter,ストリートファイター,Background,136,3.32%,
rurouni kenshin,Rurouni Kenshin,Others,136,3.32%,
tennis no ouji-sama,テニスはouji-samaをしません,Others,136,3.32%,
murata_yuusuke,村田uusuke,Others,136,3.32%,
natural light,Natural Light,Background,136,3.32%,
ide naomi,IDE NAOMI,Others,136,3.32%,
strike the blood,血を打つ,Others,136,3.32%,
beautiful lighting,Beautiful Lighting,Background,136,3.32%,
queen's blade,クイーンズブレード,Others,136,3.32%,
hip,Hip,Others,136,3.32%,
rin shin,Rin Shin,Others,136,3.32%,
proper ratio body,Proper Ratio Body,Others,136,3.32%,
extreme shadows,Extreme Shadows,Background,136,3.32%,
moody cinematic atmosphere,Moody Cinematic Atmosphere,Others,136,3.32%,
half-closed eyes,半分閉じた目,Character,134,3.27%,
choker,チョーカー,Others,35,0.86%,https://cdn.donmai.us/sample/90/f3/sample-90f3c9362eeda76362b5dc76f2f56453.jpg
white_hair,白髪,Character,0,0.00%,https://cdn.donmai.us/sample/7e/59/sample-7e59a38b73f0c1f20f233c7d3bf28fba.jpg
goddess_of_victory:_nikke,勝利の女神：ニッケ,Copyright,16,0.39%,https://cdn.donmai.us/sample/da/e6/sample-dae634e6daf60c4dd97e208a183a5648.jpg
trembling,震え,Others,113,2.76%,https://cdn.donmai.us/sample/60/83/sample-608355583502f026c35103a5683b4bd8.jpg
photorealistic,フォトリアリック,Others,131,3.20%,
solo_focus,一人だけ強調,Character,0,0.00%,https://cdn.donmai.us/original/1f/6d/1f6d62116178b36bbe03a872d9c66d5b.png
tongue out,舌出し,Others,129,3.15%,
standing still,Standing Still,Pose,128,3.13%,
athletic,Athletic,Others,128,3.13%,
highly detailed,Highly Detailed,Others,128,3.13%,
high quality,High Quality,Quality,126,3.08%,
collar,首輪,Others,100,2.44%,https://cdn.donmai.us/sample/b3/6e/sample-b36e3094b82c09efd3855f7e95d7397d.jpg
highly detailed face,キャラ: Highly Detailed Face,Character,125,3.05%,
eeeeee,eeeeee,Others,124,3.03%,
ratatat74,Ratatat74,Others,124,3.03%,
channelcaststation,Channelcaststation,Others,124,3.03%,
honjou_raita,Honjou Raita,Others,124,3.03%,
looking up,見上げる,Others,123,3.01%,
yellow_eyes,金目,Character,0,0.00%,https://cdn.donmai.us/sample/7e/59/sample-7e59a38b73f0c1f20f233c7d3bf28fba.jpg
small_breasts,貧乳,Character,0,0.00%,https://cdn.donmai.us/sample/5f/dc/sample-5fdc2dc4198b3930ac3a8feb5ba19513.jpg
nose blush,鼻の赤面,Character,121,2.96%,
armpits,脇 (わき),Others,46,1.12%,https://cdn.donmai.us/sample/5f/dc/sample-5fdc2dc4198b3930ac3a8feb5ba19513.jpg
legs cropped,Legs Cropped,Pose,120,2.93%,
mature female,成熟した女性,Others,119,2.91%,
closed mouth,閉まった口,Character,119,2.91%,
grey_hair,灰髪,Character,0,0.00%,https://cdn.donmai.us/original/4f/e4/4fe4ce4e87c7b5ce44d7f44ddf1546ed.mp4
small breast,キャラ: Small Breast,Character,117,2.86%,
leaning forward,前方に傾いています,Pose,117,2.86%,
smooth,Smooth,Others,116,2.83%,
anus,肛門,Others,21,0.51%,https://cdn.donmai.us/sample/8c/74/sample-8c743384a9aebff5406c774e590c3798.jpg
looking down,見下ろす,Others,116,2.83%,
earrings,イヤリング,Others,39,0.95%,https://cdn.donmai.us/sample/3f/bf/sample-3fbf2225b50360b6ee190ffce7b9ab21.jpg
surprised,驚いた,Others,108,2.64%,https://cdn.donmai.us/sample/80/e1/sample-80e18b632a41608b444fdc53ef5a9be4.jpg
dynamic pose,動的なポーズ,Pose,114,2.79%,
short hair,ショートヘア,Character,113,2.76%,
-2::upscaled,-2::upscaled,Others,113,2.76%,
blonde hair,金髪,Character,112,2.74%,
slender,Slender,Others,112,2.74%,
white shirt,白シャツ,Clothing,112,2.74%,
bow,リボン,Others,15,0.37%,https://cdn.donmai.us/sample/d4/54/sample-d4542bf0a87b7948af6041c3e16094a4.jpg
park,公園,Others,111,2.71%,
blue bikini,ブルービキニ,Clothing,110,2.69%,
window,窓,Background,98,2.39%,https://cdn.donmai.us/original/ed/59/ed59ba7b069fc424bd6f713d497fba0a.png
4k,4K解像度 (クオリティタグ),Others,110,2.69%,
long hair,ロングヘア,Character,110,2.69%,
slim body,Slim Body,Others,109,2.66%,
tongue,舌,Others,24,0.59%,https://cdn.donmai.us/original/1f/6d/1f6d62116178b36bbe03a872d9c66d5b.png
shade,シェード,Others,102,2.49%,https://cdn.donmai.us/sample/46/ec/sample-46ec907e03195055e1fd962e7618da1a.jpg
armor,鎧,Others,101,2.47%,https://cdn.donmai.us/sample/0d/19/sample-0d192fe4cd4fe4841c3127596ad3a1e9.jpg
head tilt,斜め顔,Others,107,2.61%,
artist:ie raarami,絵師: ie raarami風,Style,106,2.59%,
jacket,ジャケット,Others,20,0.49%,https://cdn.donmai.us/sample/5f/dc/sample-5fdc2dc4198b3930ac3a8feb5ba19513.jpg
warm sunlight,Warm Sunlight,Background,106,2.59%,
thin simple silver necklace,Thin Simple Silver Necklace,Others,105,2.57%,
beautiful female,Beautiful Female,Others,105,2.57%,
shiny thin lips,Shiny Thin Lips,Others,105,2.57%,
The image is a highly finished digital illustration in anime style with smooth,The Image Is A Highly Finished Digital Illustration In Anime Style With Smooth風の絵柄,Style,105,2.57%,
empty eyes,空の目,Character,105,2.57%,
high waist,High Waist,Others,105,2.57%,
2.5 jigen no ririsa,2.5 Jigen No Ririsa,Others,105,2.57%,
black eyebrows,Black Eyebrows,Others,105,2.57%,
simple ring earrings,Simple Ring Earrings,Others,105,2.57%,
black bikini,ブラックビキニ,Clothing,104,2.54%,
ahegao,アヘ顔,Others,93,2.27%,https://cdn.donmai.us/sample/92/71/sample-9271c9840d1e8a9f06729a15d9cf44c3.jpg
on back,仰向け,Others,104,2.54%,
high contrast,High contrast,Others,103,2.52%,
-2::multi view,-2::multi View,Others,103,2.52%,
sharp focus,Sharp focus,Others,103,2.52%,
unity style,Unity style風の絵柄,Style,103,2.52%,
confident linework,Confident linework,Others,103,2.52%,
vibrant colors,Vibrant colors,Clothing,103,2.52%,
3D,3D,Others,103,2.52%,https://cdn.donmai.us/original/ad/b0/adb0a0c9c6554f16f2b290f0eb20b3ec.mp4
cameltoe,カメルツー,Others,65,1.59%,https://cdn.donmai.us/sample/ce/69/sample-ce69b49b0e05112b17c280aefb5f8c38.jpg
game_cg,ゲームCG,Others,102,2.49%,
competition swimsuit,競争水着,Clothing,102,2.49%,
brown hair,茶髪,Character,101,2.47%,
flat chest,平らな胸 (絶壁),Others,101,2.47%,
beach umbrella,ビーチパラソル,Others,100,2.44%,
hair ribbon,リボンの髪飾り,Clothing,100,2.44%,
ocean,海,Others,64,1.56%,https://cdn.donmai.us/sample/58/d9/sample-58d9a2f82a85050b66f729960a69a984.jpg
detailed face:,キャラ: Detailed Face:,Character,99,2.42%,
in the sea,In The Sea,Others,99,2.42%,
elegant composition,Elegant Composition,Others,99,2.42%,
partially underwater shot,部分的に水中ショット,Others,99,2.42%,
intricate,Intricate,Others,99,2.42%,
-0.5::muted color,-0.5::muted Color,Others,99,2.42%,
right lighting,Right Lighting,Background,98,2.39%,
artist: houkisei  ::0.5::artist: modare,絵師:  houkisei  ::0.5::artist: modare風,Style,98,2.39%,
::  -1::lineart,:: -1::lineart,Others,98,2.39%,
thin lineart,Thin Lineart,Others,98,2.39%,
deep shadows,Deep Shadows,Background,98,2.39%,
houshou marine 1st costume,Houshou Marine 1st Costume,Others,98,2.39%,
artsit: jon_pixiv31559095,Artsit: Jon Pixiv31559095,Others,98,2.39%,
bush,ブッシュ,Others,98,2.39%,
wings,翼,Others,6,0.15%,https://cdn.donmai.us/sample/02/d9/sample-02d9d43cdc3b4215822855d2cdd38cb4.jpg
medium_hair,ミディアムヘア,Character,0,0.00%,https://cdn.donmai.us/sample/c7/61/sample-c7610c35d68638f54725f95fa75de6da.jpg
profile,プロフィール,Others,85,2.08%,https://cdn.donmai.us/sample/ec/ea/sample-ecea180d9ab1bf890541bcb8035a1ebe.jpg
red eyes,赤の目,Character,96,2.35%,
huge ass,巨大なお尻,Others,96,2.35%,
top quality,Top Quality,Quality,96,2.35%,
medium_breasts,普乳,Character,1,0.02%,https://cdn.donmai.us/sample/58/d9/sample-58d9a2f82a85050b66f729960a69a984.jpg
-0.5::realistic,-0.5::realistic,Others,96,2.35%,
hair_intakes,髪の毛の摂取量,Character,0,0.00%,https://cdn.donmai.us/sample/01/14/sample-0114ed04a193913970ba908067dee00f.jpg
male teeth,Male Teeth,Others,95,2.32%,
belt,ベルト,Others,72,1.76%,https://cdn.donmai.us/sample/5a/34/sample-5a345c38d7a86d07000c20b8e9b984f8.jpg
three quarter view,Three Quarter View,Others,94,2.30%,
feet,足,Others,27,0.66%,https://cdn.donmai.us/sample/d4/54/sample-d4542bf0a87b7948af6041c3e16094a4.jpg
hair_over_one_eye,片目隠れ,Character,0,0.00%,https://cdn.donmai.us/sample/5a/34/sample-5a345c38d7a86d07000c20b8e9b984f8.jpg
artist:freng,絵師: freng風,Style,94,2.30%,
blurry background,背景ぼかし,Background,94,2.30%,
beautiful eyes,キャラ: Beautiful Eyes,Character,93,2.27%,
mole under left eye,Mole Under Left Eye,Others,93,2.27%,
from front,From Front,Others,93,2.27%,
wire mesh wall,Wire Mesh Wall,Background,93,2.27%,
blue_hair,青髪,Character,0,0.00%,https://cdn.donmai.us/sample/b3/b3/sample-b3b371bac350a14ebe78a9d15e9e4d4d.jpg
underboob,アンダーブーブ,Others,63,1.54%,https://cdn.donmai.us/sample/c1/cc/sample-c1cc433bee45c2ec31d1dc58af5cb92d.jpg
no text official style,No Text Official Style風の絵柄,Style,92,2.25%,
green_eyes,翠眼,Character,0,0.00%,https://cdn.donmai.us/original/a9/a4/a9a41065ab856b48876dcf1569701424.jpg
hat,帽子,Clothing,6,0.15%,https://cdn.donmai.us/sample/5f/dc/sample-5fdc2dc4198b3930ac3a8feb5ba19513.jpg
big breasts,キャラ: Big Breasts,Character,90,2.20%,
heavy breathing,荒い息遣い,Others,90,2.20%,
kneeling,膝立ち,Pose,80,1.95%,https://cdn.donmai.us/sample/58/d9/sample-58d9a2f82a85050b66f729960a69a984.jpg
dim,Dim,Others,90,2.20%,
high contrast,ハイコントラスト,Others,89,2.17%,
artist:gogalking,絵師: gogalking風,Style,88,2.15%,
solo focus,一人だけ強調,Character,88,2.15%,
serious,深刻な,Others,88,2.15%,
dress,ドレス,Clothing,5,0.12%,https://cdn.donmai.us/sample/ce/69/sample-ce69b49b0e05112b17c280aefb5f8c38.jpg
pokemon_official_art,Pokemon Official Art,Others,88,2.15%,
breathing heavily,Breathing Heavily,Others,87,2.13%,
green eyes,素黒の目,Character,87,2.13%,
best illustration,Best Illustration,Others,87,2.13%,
hoshino fumina,Hoshino Fumina,Others,87,2.13%,
::  2.4::nose blush,キャラ: :: 2.4::nose Blush,Character,86,2.10%,
dark circles,Dark Circles,Others,86,2.10%,
terrified,Terrified,Others,86,2.10%,
original,オリジナル,Copyright,0,0.00%,https://cdn.donmai.us/sample/90/f3/sample-90f3c9362eeda76362b5dc76f2f56453.jpg
-2::artist collaboration,-2::artist Collaboration,Others,86,2.10%,
::   2::  night,:: 2:: Night,Background,86,2.10%,
:sobbing with transparent  teardrop,:sobbing With Transparent Teardrop,Others,86,2.10%,
fear,Fear,Others,86,2.10%,
lifted up shirt,Lifted Up Shirt,Clothing,86,2.10%,
constricted pupils,くびれた生徒,Others,85,2.08%,
all fours,すべての四,Others,85,2.08%,
:: 4:: despair,:: 4:: Despair,Others,85,2.08%,
pink nipple,Pink Nipple,Others,85,2.08%,
piratescat01,Piratescat01,Others,84,2.05%,
satoumogumogu,Satoumogumogu,Others,84,2.05%,
latest data,Latest Data,Others,84,2.05%,
A highly finished photo-style artwork that has lively color,A Highly Finished Photo-style Artwork That Has Lively Color風の絵柄,Style,84,2.05%,
wide hips,ワイドヒップ,Others,84,2.05%,
people:: 1.4::blue gk,People:: 1.4::blue Gk,Others,84,2.05%,
audience,観客,Others,84,2.05%,
sos adult,Sos Adult,Others,84,2.05%,
realistic skin surface,キャラ: Realistic Skin Surface,Character,84,2.05%,
greembang,Greembang,Others,84,2.05%,
yunsang,ユンサン,Others,84,2.05%,
and lifelike flesh with little obliques::. 1.5::photorealistic,And Lifelike Flesh With Little Obliques::. 1.5::photorealistic,Others,84,2.05%,
cute,Cute,Others,84,2.05%,
graphic texture,Graphic Texture,Others,84,2.05%,
yuyuworks,Yuyuworks,Others,84,2.05%,
echo saber,エコーセイバー,Others,83,2.03%,
braid,三つ編み,Clothing,4,0.10%,https://cdn.donmai.us/sample/d4/54/sample-d4542bf0a87b7948af6041c3e16094a4.jpg
sky,空,Background,10,0.24%,https://cdn.donmai.us/sample/5f/dc/sample-5fdc2dc4198b3930ac3a8feb5ba19513.jpg
bra,ブラ,Clothing,30,0.73%,https://cdn.donmai.us/sample/99/17/sample-9917983343233d81cd27834e47b1d9a6.jpg
1girlcure answerstar-detective_precure,キャラ: 1girlcure Answerstar-detective Precure,Character,82,2.00%,
black long eyelashes,Black Long Eyelashes,Others,82,2.00%,
back,背中,Others,50,1.22%,https://cdn.donmai.us/sample/8c/74/sample-8c743384a9aebff5406c774e590c3798.jpg
looking away,目をそらしている,Others,81,1.98%,
arched back,背中にアーチ型,Others,81,1.98%,
teeth,歯,Others,16,0.39%,https://cdn.donmai.us/sample/68/d4/sample-68d4beeb60610af24de25c0e815c8195.jpg
lifted up white  t-shirt and,Lifted Up White T-shirt And,Clothing,81,1.98%,
green bikini,緑のビキニ,Clothing,81,1.98%,
pink_eyes,ピンク目,Character,0,0.00%,https://cdn.donmai.us/sample/5f/dc/sample-5fdc2dc4198b3930ac3a8feb5ba19513.jpg
no text mature female,No Text Mature Female,Others,80,1.95%,
hair bun,お団子,Character,80,1.95%,
toes,つま先,Others,9,0.22%,https://cdn.donmai.us/sample/d4/54/sample-d4542bf0a87b7948af6041c3e16094a4.jpg
upskirt,アップスカート,Clothing,80,1.95%,
breasts out,裸胸 (胸を外に出す),Character,80,1.95%,
bathing,入浴,Others,78,1.91%,https://cdn.donmai.us/sample/4d/5a/sample-4d5a1d6b4ffed9fb47df7a72c0a6d5bc.jpg
side long bangs,Side Long Bangs,Others,80,1.95%,
tears,涙,Others,69,1.69%,https://cdn.donmai.us/sample/f9/78/sample-f9780951ae7de8d422fd25d6d096b7c4.webm
freckles,そばかす,Others,74,1.81%,https://cdn.donmai.us/sample/d4/7f/sample-d47fa142dedf167f45519e7f5fea92fb.jpg
spread_legs,開脚,Pose,4,0.10%,https://cdn.donmai.us/sample/5f/94/sample-5f94c6661bebe621a0342907e36ac634.jpg
white blouse,White Blouse,Others,79,1.93%,
blue sky,青空,Background,79,1.93%,
no lineart,主線なし (厚塗り・ノータッチ線画),Others,79,1.93%,
1girlcure moonlightheartcatch precure!,1girlcure Moonlightheartcatch Precure!,Background,79,1.93%,
highleg,highleg,Others,46,1.12%,https://cdn.donmai.us/sample/88/ab/sample-88ab6245c8296632448bcd4609e49481.jpg
brown blazer,Brown Blazer,Clothing,79,1.93%,
head out of frame,フレームから出てください,Others,78,1.91%,
lower body,下半身,Others,78,1.91%,
jeans,ジーンズ,Others,75,1.83%,https://cdn.donmai.us/original/ed/59/ed59ba7b069fc424bd6f713d497fba0a.png
sex from behind,後ろからのセックス,Others,77,1.88%,
arms up,腕を上げる,Pose,76,1.86%,
fellatio,フェラチオ,Others,29,0.71%,https://cdn.donmai.us/original/1f/6d/1f6d62116178b36bbe03a872d9c66d5b.png
sunset,夕日,Others,71,1.73%,https://cdn.donmai.us/sample/88/ab/sample-88ab6245c8296632448bcd4609e49481.jpg
white halterneck bikini,White Halterneck Bikini,Clothing,75,1.83%,
hair over face,顔の髪,Character,75,1.83%,
ribbon,リボン,Clothing,7,0.17%,https://cdn.donmai.us/original/a9/a4/a9a41065ab856b48876dcf1569701424.jpg
erection,勃起,Others,3,0.07%,https://cdn.donmai.us/original/1f/6d/1f6d62116178b36bbe03a872d9c66d5b.png
straight-on,まっすぐに,Others,70,1.71%,https://cdn.donmai.us/original/5a/92/5a9214a20b1086290a3e98f33a9a203e.mp4
miniskirt,ミニスカート,Clothing,46,1.12%,https://cdn.donmai.us/original/2d/61/2d614920a229f110cecdcac607522b4c.jpg
red pleated skirt,Red Pleated Skirt,Clothing,74,1.81%,
lillie pokemon,Lillie Pokemon,Others,74,1.81%,
purple_hair,紫髪,Character,0,0.00%,https://cdn.donmai.us/sample/3f/bf/sample-3fbf2225b50360b6ee190ffce7b9ab21.jpg
on stomach,胃の上,Others,74,1.81%,
dark::  2::on grass,Dark:: 2::on Grass,Others,74,1.81%,
outdoor,Outdoor,Others,73,1.78%,
hololive,ホロライブ,Copyright,0,0.00%,https://cdn.donmai.us/sample/5f/dc/sample-5fdc2dc4198b3930ac3a8feb5ba19513.jpg
aesthetic,Aesthetic,Quality,73,1.78%,
horizontal high-light eyes,Horizontal High-light Eyes,Background,73,1.78%,
speech_bubble,吹き出し,Others,5,0.12%,https://cdn.donmai.us/sample/7e/59/sample-7e59a38b73f0c1f20f233c7d3bf28fba.jpg
animated,アニメーション,Others,6,0.15%,https://cdn.donmai.us/sample/f9/78/sample-f9780951ae7de8d422fd25d6d096b7c4.webm
completely nude,全裸,Others,73,1.78%,
beautiful,Beautiful,Others,72,1.76%,
Masterpiece,傑作 (基本クオリティタグ),Quality,72,1.76%,
artist: sy4 ::  -0.3::flat color,絵師:  sy4 ::  -0.3::flat color風,Style,72,1.76%,
short sleeves,半袖,Others,72,1.76%,
breathing sound effect,Breathing Sound Effect,Others,72,1.76%,
dark ::   -6::shadow,Dark :: -6::shadow,Background,72,1.76%,
::  6.9::low light,:: 6.9::low Light,Background,72,1.76%,
realistic,現実的です,Others,72,1.76%,
love live! sunshine!!,ライブが大好き！日光！！,Others,72,1.76%,
:: -6.0:: overexposure,:: -6.0:: Overexposure,Others,72,1.76%,
arms slightly raised,Arms Slightly Raised,Pose,72,1.76%,
indoors 3::palace,Indoors 3::palace,Background,71,1.73%,
crying,泣いている,Others,64,1.56%,https://cdn.donmai.us/sample/0b/d6/sample-0bd64d2435f4e82aa515f8df2a9b6626.jpg
testicles,test丸,Others,15,0.37%,https://cdn.donmai.us/sample/66/7a/sample-667a434f1391d112d9623bd57afd2e21.jpg
purple dress,紫色のドレス,Clothing,70,1.71%,
brown_eyes,茶目,Character,0,0.00%,https://cdn.donmai.us/sample/0f/7e/sample-0f7e9c8a129be93fda6cb87869d4ce21.jpg
-2::ahoge,-2::ahoge,Others,70,1.71%,
large brown randoseru backpack,Large Brown Randoseru Backpack,Others,70,1.71%,
larcei fire emblem,Larcei Fire Emblem,Others,70,1.71%,
happy,ハッピー,Others,69,1.69%,https://safebooru.org/images/1095/12d936f2601683f8739aeabf9f3869aaf439b3cb.png
sleeping,睡眠,Others,69,1.69%,https://cdn.donmai.us/sample/18/1c/sample-181c857a9d9d0126e61ede61ffa20943.jpg
bouncing up her body,Bouncing Up Her Body,Others,70,1.71%,
detailed hands,Detailed Hands,Pose,70,1.71%,
streaked_hair,メッシュ,Character,0,0.00%,https://cdn.donmai.us/sample/5f/dc/sample-5fdc2dc4198b3930ac3a8feb5ba19513.jpg
sideboob,サイドブーブ,Others,27,0.66%,https://cdn.donmai.us/sample/c1/cc/sample-c1cc433bee45c2ec31d1dc58af5cb92d.jpg
white skin,白い肌,Character,70,1.71%,
breastplate,胸当て,Character,70,1.71%,
short dress,短いドレス,Clothing,70,1.71%,
hairband,ヘアバンド,Character,0,0.00%,https://cdn.donmai.us/sample/41/83/sample-41833b427b0e16849f521cc080daee8b.jpg
barefoot,裸足,Others,10,0.24%,https://cdn.donmai.us/sample/d4/54/sample-d4542bf0a87b7948af6041c3e16094a4.jpg
small floating hearts,Small Floating Hearts,Others,69,1.69%,
panty shot,Panty Shot,Others,69,1.69%,
thick_thighs,太ももの太もも,Character,22,0.54%,https://cdn.donmai.us/original/a9/a4/a9a41065ab856b48876dcf1569701424.jpg
pillow,枕,Others,16,0.39%,https://cdn.donmai.us/sample/5f/94/sample-5f94c6661bebe621a0342907e36ac634.jpg
red dress,赤いドレス,Clothing,68,1.66%,
Inside a dark futuristic laboratory,Inside A Dark Futuristic Laboratory,Others,68,1.66%,
bedroom,寝室,Background,58,1.42%,https://cdn.donmai.us/sample/01/14/sample-0114ed04a193913970ba908067dee00f.jpg
detailed clothing,Detailed Clothing,Clothing,67,1.64%,
oral,オーラル,Others,16,0.39%,https://cdn.donmai.us/original/1f/6d/1f6d62116178b36bbe03a872d9c66d5b.png
garter straps,ガーターストラップ,Others,67,1.64%,
pool,プール,Others,64,1.56%,https://cdn.donmai.us/sample/5a/78/sample-5a78a6b67caa9e51951b9ef509346d14.jpg
deep penetration,深い浸透,Others,67,1.64%,
sailor collar,セイラーカラー,Others,67,1.64%,
detailed beautiful face and hair,キャラ: Detailed Beautiful Face And Hair,Character,67,1.64%,
dark_skin,黒人,Character,0,0.00%,https://cdn.donmai.us/original/a9/a4/a9a41065ab856b48876dcf1569701424.jpg
holding katana,Holding Katana,Pose,67,1.64%,
gleaming skin,キャラ: Gleaming Skin,Character,67,1.64%,
looking back,振り返る,Pose,66,1.61%,
focus ass,Focus Ass,Others,66,1.61%,
eye area hidden in shadow,Eye Area Hidden In Shadow,Background,66,1.61%,
eye contact,アイコンタクト,Others,66,1.61%,
ejaculation,射精,Others,41,1.00%,https://cdn.donmai.us/sample/87/b6/sample-87b6cf2dc04f9edcaea9c1320ee3783f.jpg
clothed female,Clothed Female,Others,66,1.61%,
-2::midriff,-2::midriff,Others,66,1.61%,
nyx queen's blade,Nyx Queen's Blade,Others,66,1.61%,
: 2.2,: 2.2,Others,66,1.61%,
purple elbow gloves,Purple Elbow Gloves,Others,66,1.61%,
pantyhose,パンスト (パンティストッキング),Clothing,10,0.24%,https://cdn.donmai.us/sample/41/83/sample-41833b427b0e16849f521cc080daee8b.jpg
shadow over the eyes,Shadow Over The Eyes,Background,66,1.61%,
newest,Newest,Quality,65,1.59%,
centered framing,Centered Framing,Others,65,1.59%,
body realisticphotorealistic,Body Realisticphotorealistic,Others,65,1.59%,
takeuchi takashi,竹内高橋,Others,65,1.59%,
pov hands,POVハンド,Pose,65,1.59%,
squatting,しゃがみポーズ,Pose,30,0.73%,https://cdn.donmai.us/sample/41/83/sample-41833b427b0e16849f521cc080daee8b.jpg
contrapposto,コントラポスト,Others,62,1.51%,https://cdn.donmai.us/sample/3e/a7/sample-3ea7c7c1181e79e422a8f3ee18e5d559.jpg
separate bodies,Separate Bodies,Others,65,1.59%,
lineart,主線あり (輪郭線強調),Others,63,1.54%,https://safebooru.org/images/1095/49838ad57bdc7309157f387094586cfbde94b68a.png
emma_woods_identity_v,Emma Woods Identity V,Others,65,1.59%,
starry sky,星空,Background,65,1.59%,
from back,From Back,Others,65,1.59%,
long legs,長い脚,Pose,65,1.59%,
blunt bangs,ぱっつん,Others,65,1.59%,
fair skin,キャラ: Fair Skin,Character,64,1.56%,
sweatdrop,汗雫,Others,42,1.03%,https://cdn.donmai.us/sample/68/d4/sample-68d4beeb60610af24de25c0e815c8195.jpg
speech bubble,吹き出し,Others,64,1.56%,
thin rail skinny body,キャラ: Thin Rail Skinny Body,Character,64,1.56%,
girl posing in the middle of the view,キャラ: Girl Posing In The Middle Of The View,Character,64,1.56%,
idolmaster cinderella girls,アイドルマスターシンデレラガールズ,Character,64,1.56%,
worm's eye view,Worm's Eye View,Others,64,1.56%,
no tilt view,No Tilt View,Others,64,1.56%,
sunlight,日光,Background,59,1.44%,https://cdn.donmai.us/original/7e/e9/7ee97554f42695ac4bc96cb7ef0a4517.mp4
-3::artist collaboration,-3::artist Collaboration,Others,64,1.56%,
rolling eyes,なめらかな目,Character,64,1.56%,
view of girl's full body,キャラ: View Of Girl's Full Body,Character,64,1.56%,
alternate costume,別のコスチューム,Others,64,1.56%,
natural interaction,Natural Interaction,Others,63,1.54%,
goddess_of_victory:_nikke_game_cg `brown_dust_2_game_cg,Goddess Of Victory: Nikke Game Cg `brown Dust 2 Game Cg,Others,63,1.54%,
huge penis,巨大なペニス,Others,63,1.54%,
two-tone_hair,二色髪,Character,0,0.00%,https://cdn.donmai.us/sample/59/92/sample-5992d4eb9cb7f4510c51f6e3f421538e.jpg
shy,シャイ,Others,61,1.49%,https://cdn.donmai.us/sample/1d/bb/sample-1dbb781986a8d47acbfc97ae3d8fc977.jpg
condom,コンドーム,Others,36,0.88%,https://cdn.donmai.us/sample/41/83/sample-41833b427b0e16849f521cc080daee8b.jpg
blue eyes,青の目,Character,63,1.54%,
roller skates,ローラースケート,Others,63,1.54%,
cowboy_shot,カウボーイショット,Character,3,0.07%,https://cdn.donmai.us/sample/8c/74/sample-8c743384a9aebff5406c774e590c3798.jpg
hyper-detailed,Hyper-detailed,Others,62,1.51%,
thong,ひも,Others,41,1.00%,https://cdn.donmai.us/sample/c5/1a/sample-c51a18fbd4792cf2fbe24dbad636ef1d.jpg
ass focus,おしり強調,Others,62,1.51%,
rating:general,Rating:general,Others,62,1.51%,
-3::simple illustration,-3::simple Illustration,Others,62,1.51%,
multiple_views,マルチアングル,Others,16,0.39%,https://cdn.donmai.us/sample/8c/74/sample-8c743384a9aebff5406c774e590c3798.jpg
white gloves,白手袋,Others,61,1.49%,
no jacket,ジャケットはありません,Others,61,1.49%,
:: uncensored,:: Uncensored,Others,61,1.49%,
beautiful detailed face,キャラ: Beautiful Detailed Face,Character,61,1.49%,
foreshortening,脱毛,Others,45,1.10%,https://cdn.donmai.us/sample/59/38/sample-593811c3cb3703eea35b27aacd81ef39.jpg
boku no hero academia,Bokuノーヒーローアカデミア,Others,61,1.49%,
nami one piece,Nami One Piece,Others,61,1.49%,
high detail,High Detail,Others,61,1.49%,
straddling,騎乗位,Others,26,0.64%,https://cdn.donmai.us/original/1f/6d/1f6d62116178b36bbe03a872d9c66d5b.png
string bikini,ストリングビキニ,Clothing,60,1.47%,
artist:meion,絵師: meion風,Style,60,1.47%,
white panties,白パンティ,Clothing,60,1.47%,
artist:ciloranko,絵師: ciloranko風,Style,60,1.47%,
kamiki mirai,カミキライライ,Others,60,1.47%,
ethereal beauty,Ethereal Beauty,Others,60,1.47%,
lying on wood beach chair,Lying On Wood Beach Chair,Pose,60,1.47%,
glossy hair shine,キャラ: Glossy Hair Shine,Character,60,1.47%,
horse_ears,馬の耳,Others,14,0.34%,https://cdn.donmai.us/original/1f/6d/1f6d62116178b36bbe03a872d9c66d5b.png
1 girl,キャラ: 1 Girl,Character,60,1.47%,
sweating,Sweating,Others,59,1.44%,
on side,側,Others,59,1.44%,
yagate kimi ni naru,yagate kimi ni naru,Others,59,1.44%,
gigantic breasts,巨大な胸,Character,59,1.44%,
on bed Inside a dark futuristic laboratory,On Bed Inside A Dark Futuristic Laboratory,Background,59,1.44%,
shota,ショータ,Others,59,1.44%,
artist:ningen mame,絵師: ningen mame風,Style,59,1.44%,
blue stockings,Blue Stockings,Clothing,59,1.44%,
on ship,On Ship,Others,59,1.44%,
lens flare,レンズフレア,Others,58,1.42%,
morning dark bed room,Morning Dark Bed Room,Background,58,1.42%,
1o-ring,1o-ring,Others,58,1.42%,
thighs focus,キャラ: Thighs Focus,Character,58,1.42%,
pubic_hair,陰毛,Character,0,0.00%,https://cdn.donmai.us/sample/90/f3/sample-90f3c9362eeda76362b5dc76f2f56453.jpg
slim athletic build,Slim Athletic Build,Others,58,1.42%,
green_hair,緑髪,Character,0,0.00%,https://cdn.donmai.us/sample/8c/74/sample-8c743384a9aebff5406c774e590c3798.jpg
shaded room,Shaded Room,Background,58,1.42%,
feet_out_of_frame,フレームから足,Others,36,0.88%,https://cdn.donmai.us/sample/5f/dc/sample-5fdc2dc4198b3930ac3a8feb5ba19513.jpg
flushed cheeks,Flushed Cheeks,Others,58,1.42%,
hinata Aki keroro gunsou,Hinata Aki Keroro Gunsou,Others,58,1.42%,
keroro gunsou,ケロロガンソウ,Others,58,1.42%,
criss-cross halter bikini,Criss-cross Halter Bikini,Clothing,58,1.42%,
on bed,ベッドで,Background,57,1.39%,
remielle_dan,キャラ: Remielle Dan,Character,0,0.00%,https://cdn.donmai.us/sample/7e/59/sample-7e59a38b73f0c1f20f233c7d3bf28fba.jpg
building,建物,Others,55,1.34%,https://cdn.donmai.us/sample/a4/0e/sample-a40e45560b73b4b1bbd103557f6ad9f2.jpg
motion blur,モーションブラー,Others,57,1.39%,
closed_eyes,瞑目,Character,0,0.00%,https://cdn.donmai.us/sample/e4/44/sample-e44401a662a15b1e324109bb3a76bc55.jpg
from_below,下から,Others,23,0.56%,https://cdn.donmai.us/sample/5f/dc/sample-5fdc2dc4198b3930ac3a8feb5ba19513.jpg
groping,模索,Others,9,0.22%,https://cdn.donmai.us/original/1f/6d/1f6d62116178b36bbe03a872d9c66d5b.png
yokozuwari,横浜,Others,56,1.37%,https://cdn.donmai.us/sample/05/16/sample-051616e4ee524500f4f5412eac424d9b.jpg
-1.2::loli,-1.2::loli,Others,56,1.37%,
punk casual cloth,Punk Casual Cloth,Others,56,1.37%,
wet pussy,Wet Pussy,Others,56,1.37%,
jitome,jitome,Others,55,1.34%,https://cdn.donmai.us/sample/87/ef/sample-87ef70b99625e9a8e62b9d9b5e95ca57.jpg
sexy body,Sexy Body,Others,56,1.37%,
covered_nipples,透け乳首,Others,20,0.49%,https://cdn.donmai.us/original/31/30/31301ea250d9d6f8ffc49371ce2c3954.png
hibike! euphonium,ヒビケ！ユーフォニウム,Others,56,1.37%,
hair_bow,リボンの髪飾り,Character,0,0.00%,https://cdn.donmai.us/sample/d4/54/sample-d4542bf0a87b7948af6041c3e16094a4.jpg
facing away,向きを変える,Others,56,1.37%,
1girl posing in the middle of the view,キャラ: 1girl Posing In The Middle Of The View,Character,56,1.37%,
perfectly composed anatomy,Perfectly Composed Anatomy,Pose,56,1.37%,
HDR,Hdr,Others,56,1.37%,
clear spacing,Clear Spacing,Others,56,1.37%,
detailed beautiful eyes,キャラ: Detailed Beautiful Eyes,Character,56,1.37%,
wind lift,風リフト,Others,56,1.37%,
colored_inner_hair,色付きの内なる髪,Character,0,0.00%,https://cdn.donmai.us/sample/59/92/sample-5992d4eb9cb7f4510c51f6e3f421538e.jpg
side-by-side,並んで,Others,53,1.29%,https://cdn.donmai.us/original/02/5b/025b6d76aada7f008459c21ee56d704d.mp4
intricate details,Intricate Details,Others,55,1.34%,
from_side,横から,Others,5,0.12%,https://cdn.donmai.us/sample/5f/dc/sample-5fdc2dc4198b3930ac3a8feb5ba19513.jpg
beautiful fingers,Beautiful Fingers,Others,55,1.34%,
hairclip,ヘアピン,Character,2,0.05%,https://cdn.donmai.us/sample/e4/44/sample-e44401a662a15b1e324109bb3a76bc55.jpg
no_bra,ノーブラ,Clothing,6,0.15%,https://cdn.donmai.us/original/31/30/31301ea250d9d6f8ffc49371ce2c3954.png
bulge,バルジ,Others,48,1.17%,https://cdn.donmai.us/sample/ce/69/sample-ce69b49b0e05112b17c280aefb5f8c38.jpg
medium breast,キャラ: Medium Breast,Character,55,1.34%,
gentle smile,キャラ: Gentle Smile,Character,55,1.34%,
focus face,キャラ: Focus Face,Character,55,1.34%,
futanari,futanari,Others,12,0.29%,https://cdn.donmai.us/sample/e6/df/sample-e6dfafaa91f58ae6fbb008d9c6ed78c1.jpg
torogao,トロガオ,Others,50,1.22%,https://cdn.donmai.us/sample/46/fe/sample-46fef0694b95d9bbd9e0f43e37c01a86.jpg
marciana_marine_study_nikke,キャラ: Marciana Marine Study Nikke,Character,0,0.00%,https://cdn.donmai.us/sample/e6/df/sample-e6dfafaa91f58ae6fbb008d9c6ed78c1.jpg
realistic textures,Realistic Textures,Others,54,1.32%,
azur_lane,アズールレーン,Copyright,0,0.00%,https://cdn.donmai.us/original/b0/9d/b09d9f7bd0dac47c48f78dd7a0729a76.jpg
marciana_nikke,キャラ: Marciana Nikke,Character,0,0.00%,https://cdn.donmai.us/sample/e6/df/sample-e6dfafaa91f58ae6fbb008d9c6ed78c1.jpg
swinging,スイング,Others,54,1.32%,
big breast,キャラ: Big Breast,Character,54,1.32%,
umamusume,ウマ娘 プリティーダービー,Copyright,10,0.24%,https://cdn.donmai.us/original/1f/6d/1f6d62116178b36bbe03a872d9c66d5b.png
bottomless,ボトムレス,Others,10,0.24%,https://cdn.donmai.us/sample/e4/44/sample-e44401a662a15b1e324109bb3a76bc55.jpg
4K,4K解像度 (クオリティタグ),Others,54,1.32%,
schoolgirl uniform,Schoolgirl Uniform,Clothing,54,1.32%,
orgasm only her,Orgasm Only Her,Others,54,1.32%,
kininatteru hito ga otoko ja nakatta,Kininatteru Hito Ga Otoko Ja Nakatta,Others,54,1.32%,
two distinct characters,Two Distinct Characters,Others,54,1.32%,
side ponytail,サイドテール,Others,53,1.29%,
artoria pendragon fate,Artoria Pendragon Fate,Others,53,1.29%,
hard shadow,Hard Shadow,Background,53,1.29%,
glossy full lips,Glossy Full Lips,Others,53,1.29%,
no text japanese sound effect,No Text Japanese Sound Effect,Others,53,1.29%,
bright expressive eyes,キャラ: Bright Expressive Eyes,Character,53,1.29%,
underneath,Underneath,Others,53,1.29%,
moist lips,Moist Lips,Others,53,1.29%,
ash ketchum,アッシュケッチャム,Others,53,1.29%,
artist:sumiyao amam,絵師: sumiyao amam風,Style,53,1.29%,
natural makeup,Natural Makeup,Others,53,1.29%,
artist:mx2j,絵師: mx2j風,Style,53,1.29%,
artist:wagashi dagashiya,絵師: wagashi dagashiya風,Style,53,1.29%,
target#watched,Target#watched,Others,53,1.29%,
artist:furau,絵師: furau風,Style,53,1.29%,
alternate_breast_size_larger,キャラ: Alternate Breast Size Larger,Character,0,0.00%,https://cdn.donmai.us/sample/7e/59/sample-7e59a38b73f0c1f20f233c7d3bf28fba.jpg
path tracing,Path Tracing,Others,53,1.29%,
artist:mdf an,絵師: mdf an風,Style,53,1.29%,
white collared shirt,White Collared Shirt,Clothing,52,1.27%,
cartoon style,Cartoon Style風の絵柄,Style,52,1.27%,
@-@,@-@,Others,52,1.27%,
tropical beach,Tropical Beach,Others,52,1.27%,
natural proportions,Natural Proportions,Others,52,1.27%,
-2::simple illustration,-2::simple Illustration,Others,52,1.27%,
dramatic view of girl's full body,キャラ: Dramatic View Of Girl's Full Body,Character,52,1.27%,
dappled sunlight,ちょっとした日光,Background,52,1.27%,
Watanabe you,ワタナベあなた,Others,52,1.27%,
realistic lighting,Realistic Lighting,Background,52,1.27%,
tropical atmosphere,Tropical Atmosphere,Others,52,1.27%,
flushed face,キャラ: Flushed Face,Character,52,1.27%,
horse_girl,馬の女の子,Character,5,0.12%,https://cdn.donmai.us/original/1f/6d/1f6d62116178b36bbe03a872d9c66d5b.png
looking ahead,今後,Others,52,1.27%,
innertube around shoulder,Innertube Around Shoulder,Others,52,1.27%,
short straight blonde hair,キャラ: Short Straight Blonde Hair,Character,52,1.27%,
palm tree,ヤシの木,Others,51,1.25%,
bed,ベッド,Background,20,0.49%,https://cdn.donmai.us/sample/01/14/sample-0114ed04a193913970ba908067dee00f.jpg
eyes glaring,キャラ: Eyes Glaring,Character,51,1.25%,
fine fabric emphasis,ファブリックの強調,Others,51,1.25%,
face only,キャラ: Face Only,Character,51,1.25%,
long locks,Long Locks,Others,51,1.25%,
rolled up sleeves,Rolled Up Sleeves,Others,51,1.25%,
sun hat,日よけ帽,Clothing,51,1.25%,
green apron,緑のエプロン,Others,51,1.25%,
white long-sleeved blouse,White Long-sleeved Blouse,Others,51,1.25%,
short brown hair,キャラ: Short Brown Hair,Character,51,1.25%,
slashing,スラッシング,Others,51,1.25%,
beautiful skin,キャラ: Beautiful Skin,Character,51,1.25%,
18 years old,18 Years Old,Others,51,1.25%,
long straight black hair,キャラ: Long Straight Black Hair,Character,51,1.25%,
anime style,Anime Style風の絵柄,Style,51,1.25%,
bent over,曲がった,Others,51,1.25%,
hair tied with blue ribbon,Hair Tied With Blue Ribbon,Clothing,51,1.25%,
bokeh,背景のぼけ、玉ぼけ,Others,50,1.22%,https://safebooru.org/images/1095/7e2c6f19a8051bf024c3416934608e10aebbc360.jpg
micro bikini,マイクロビキニ,Clothing,50,1.22%,
white hair,白髪,Character,50,1.22%,
people,人々,Others,49,1.20%,https://cdn.donmai.us/sample/40/2c/sample-402cc3af703f5fcd062c5238e7e0970f.jpg
red_hair,赤髪,Character,0,0.00%,https://cdn.donmai.us/sample/5b/0d/sample-5b0d4c7d188f51be56a2c1978b7356ec.jpg
dripping water large breasts,キャラ: Dripping Water Large Breasts,Character,50,1.22%,
perfect masterpiece,Perfect Masterpiece,Others,50,1.22%,
white bikini,白いビキニ,Clothing,50,1.22%,
logo,ロゴ,Others,36,0.88%,https://cdn.donmai.us/sample/08/13/sample-0813311ccad64eff0bf280113e6d6501.jpg
blue long gloves,Blue Long Gloves,Others,50,1.22%,
anime-style,Anime-style風の絵柄,Style,50,1.22%,
grin,にやにや笑う,Others,16,0.39%,https://cdn.donmai.us/sample/66/7a/sample-667a434f1391d112d9623bd57afd2e21.jpg
natural pose,Natural Pose,Pose,50,1.22%,
soft contrast,Soft Contrast,Others,50,1.22%,
white short sleeve shirt,White Short Sleeve Shirt,Clothing,49,1.20%,
messy hair,ボサボサの髪,Character,49,1.20%,
ratatatat74,Ratatat74,Others,49,1.20%,
urakaze kancolle,Urakaze Kancolle,Others,49,1.20%,
choppy bangs,Choppy Bangs,Others,49,1.20%,
head down,頭を下に,Others,49,1.20%,
kantai collection,艦隊これくしょん,Others,49,1.20%,
faceless,顔のない,Character,39,0.95%,https://cdn.donmai.us/sample/02/d9/sample-02d9d43cdc3b4215822855d2cdd38cb4.jpg
white bed,White Bed,Background,49,1.20%,
warm brown eyes,キャラ: Warm Brown Eyes,Character,49,1.20%,
short stature,Short Stature,Others,49,1.20%,
artist:channel caststation,絵師: channel caststation風,Style,49,1.20%,
prominent large breasts,キャラ: Prominent Large Breasts,Character,48,1.17%,
cinched narrow waist,Cinched Narrow Waist,Others,48,1.17%,
seductive alluring gaze,Seductive Alluring Gaze,Others,48,1.17%,
bikini digging into body,Bikini Digging Into Body,Clothing,48,1.17%,
extremely narrow waist,Extremely Narrow Waist,Others,48,1.17%,
balanced dynamic pose,Balanced Dynamic Pose,Pose,48,1.17%,
3d background is shiny sand beach,3d Background Is Shiny Sand Beach,Background,48,1.17%,
blue light sky,Blue Light Sky,Background,48,1.17%,
halterneck,ホルターネック,Others,27,0.66%,https://cdn.donmai.us/sample/ab/59/sample-ab599704ff81d243df47c525d8ebfce4.jpg
erotic oily reflections and highlights,Erotic Oily Reflections And Highlights,Background,48,1.17%,
deep heavy hip,Deep Heavy Hip,Others,48,1.17%,
faceless male,顔のない男性,Character,48,1.17%,
soles,裏,Others,7,0.17%,https://cdn.donmai.us/sample/58/d9/sample-58d9a2f82a85050b66f729960a69a984.jpg
pleated skirt,プリーツスカート,Clothing,48,1.17%,
location,Location,Others,48,1.17%,
toned and firm thighs,キャラ: Toned And Firm Thighs,Character,48,1.17%,
gravity gigantic hip,Gravity Gigantic Hip,Others,48,1.17%,
white nipples,White Nipples,Others,48,1.17%,
lewd glistening oily skin,キャラ: Lewd Glistening Oily Skin,Character,48,1.17%,
slight muscular lines on thighs,Slight Muscular Lines On Thighs,Background,48,1.17%,
gleaming lips,Gleaming Lips,Others,48,1.17%,
skin heavily covered in slippery lotion,キャラ: Skin Heavily Covered In Slippery Lotion,Character,48,1.17%,
crushing dented breasts,キャラ: Crushing Dented Breasts,Character,48,1.17%,
very long slender legs,Very Long Slender Legs,Pose,48,1.17%,
gleaming eyes,キャラ: Gleaming Eyes,Character,48,1.17%,
:: -3::clenched teeth,:: -3::clenched Teeth,Others,48,1.17%,
model body,Model Body,Others,48,1.17%,
hide nipples,Hide Nipples,Others,48,1.17%,
standing with legs apart to show full figure,Standing With Legs Apart To Show Full Figure,Pose,48,1.17%,
thighs band holder,キャラ: Thighs Band Holder,Character,48,1.17%,
flared wide hips,Flared Wide Hips,Others,48,1.17%,
stellive,Stellive,Others,48,1.17%,
liquidity deformed breasts,キャラ: Liquidity Deformed Breasts,Character,48,1.17%,
ocean view,Ocean View,Others,48,1.17%,
detailed realistic skin texture,キャラ: Detailed Realistic Skin Texture,Character,48,1.17%,
subtle muscle definition visible on inner upper thighs near groin,キャラ: Subtle Muscle Definition Visible On Inner Upper Thighs Near Groin,Character,48,1.17%,
extremely tall and leggy,Extremely Tall And Leggy,Others,48,1.17%,
elegant full body pose,Elegant Full Body Pose,Pose,48,1.17%,
no text spoken sound effect,No Text Spoken Sound Effect,Others,48,1.17%,
gleaming sweat,Gleaming Sweat,Others,48,1.17%,
melting softy breasts,キャラ: Melting Softy Breasts,Character,48,1.17%,
speed lines,スピードライン,Others,48,1.17%,
gleaming sea,Gleaming Sea,Others,48,1.17%,
beautiful higher tall woman,Beautiful Higher Tall Woman,Others,48,1.17%,
full body visible,Full Body Visible,Others,48,1.17%,
oil droplets,Oil Droplets,Others,48,1.17%,
12 heads proportion,12 Heads Proportion,Others,48,1.17%,
erotic face,キャラ: Erotic Face,Character,48,1.17%,
voluptuous round buttocks,Voluptuous Round Buttocks,Others,48,1.17%,
crazy hot eyes,キャラ: Crazy Hot Eyes,Character,48,1.17%,
falling petals,落下する花びら,Others,48,1.17%,
pressing crushed breasts,キャラ: Pressing Crushed Breasts,Character,48,1.17%,
text,余計な文字・ロゴテキスト除去,Others,48,1.17%,
slick wet shiny body,Slick Wet Shiny Body,Others,48,1.17%,
covered invisible nipples,Covered Invisible Nipples,Others,48,1.17%,
evelyn chevalier zenless zone zero,Evelyn Chevalier Zenless Zone Zero,Others,47,1.15%,
demon_horns,悪魔の角,Others,25,0.61%,https://cdn.donmai.us/sample/dc/6f/sample-dc6f6d9402fd6ed6eaea1c9594bbe99c.jpg
no panties,ノーパン,Clothing,47,1.15%,
sitting on girl,Sitting On Girl,Pose,47,1.15%,
pokemon,ポケモン,Copyright,21,0.51%,https://cdn.donmai.us/sample/27/76/sample-27769977f2c0b2697254e03df55b8f00.jpg
wariza,ワリザ,Others,34,0.83%,https://cdn.donmai.us/original/17/48/17481321675809aeb5467810ad6c732c.jpg
leotard,レオタード,Others,10,0.24%,https://cdn.donmai.us/sample/41/83/sample-41833b427b0e16849f521cc080daee8b.jpg
indoor,Indoor,Others,47,1.15%,
attack,攻撃,Others,47,1.15%,
stylish composition,Stylish Composition,Others,46,1.12%,
1 nude fat brown skin man::  -2::male blush,キャラ: 1 Nude Fat Brown Skin Man:: -2::male Blush,Character,46,1.12%,
yozakura night,Yozakura Night,Background,46,1.12%,
pink chest ribbon,Pink Chest Ribbon,Clothing,46,1.12%,
proportional body,Proportional Body,Others,46,1.12%,
red cheeks,Red Cheeks,Others,46,1.12%,
picnic blanket,Picnic Blanket,Others,46,1.12%,
tareme,タレメ,Others,46,1.12%,
lit up,Lit Up,Others,46,1.12%,
no text breathing sound effect,No Text Breathing Sound Effect,Others,46,1.12%,
hanami,漢字,Others,46,1.12%,
slight distance,Slight Distance,Background,46,1.12%,
tall stature,Tall Stature,Others,46,1.12%,
deep blue sky,Deep Blue Sky,Background,46,1.12%,
dark room,暗い部屋,Background,46,1.12%,
picnic,ピクニック,Others,46,1.12%,
steaming body,蒸し体,Others,46,1.12%,
glasses,メガネ,Others,24,0.59%,https://cdn.donmai.us/sample/ab/96/sample-ab96f3f22baf37a2634671dae164b749.jpg
on blue tarp,On Blue Tarp,Others,46,1.12%,
delicate ruffles,Delicate Ruffles,Others,46,1.12%,
light blue denim maxi skirt,Light Blue Denim Maxi Skirt,Clothing,46,1.12%,
wide eyes,キャラ: Wide Eyes,Character,46,1.12%,
sagisawa fumika,佐々木fumika,Others,46,1.12%,
hololive_english,ホロリーブ英語,Copyright,0,0.00%,https://cdn.donmai.us/sample/5f/dc/sample-5fdc2dc4198b3930ac3a8feb5ba19513.jpg
spoken sound effect,Spoken Sound Effect,Others,46,1.12%,
black pants,黒いズボン,Others,46,1.12%,
cherry blossom storm,Cherry Blossom Storm,Others,46,1.12%,
young woman,Young Woman,Others,46,1.12%,
illuminated sakura tree,Illuminated Sakura Tree,Others,46,1.12%,
Lowered eyebrows,Lowered Eyebrows,Others,46,1.12%,
dynamic composition,Dynamic Composition,Others,45,1.10%,
shirt lifted up,Shirt Lifted Up,Clothing,45,1.10%,
armpit,Armpit,Others,45,1.10%,
hair_bun,お団子,Character,0,0.00%,https://cdn.donmai.us/sample/e1/1a/sample-e11ae38986a5c7e1e2e05f1978244ac0.jpg
hair ornament,髪飾り,Character,45,1.10%,
jaggy lines,ジャギーライン,Others,45,1.10%,
oiled skin,キャラ: Oiled Skin,Character,45,1.10%,
artist:yoneyama_mai,絵師: yoneyama_mai風,Style,45,1.10%,
cat_ears,猫耳,Others,13,0.32%,https://cdn.donmai.us/sample/0f/7e/sample-0f7e9c8a129be93fda6cb87869d4ce21.jpg
cowgirl position,カウガールの位置,Character,45,1.10%,
walking on beach,Walking On Beach,Others,45,1.10%,
side view,Side View,Others,45,1.10%,
squirt love juice,Squirt Love Juice,Others,45,1.10%,
focus breasts,キャラ: Focus Breasts,Character,45,1.10%,
precure,プリキュア,Copyright,42,1.03%,https://cdn.donmai.us/original/25/fd/25fdc0a8fbf608e29e2dfe66a110f40c.png
euphoric,Euphoric,Others,45,1.10%,
skinny,スキニー,Character,43,1.05%,https://cdn.donmai.us/original/ec/f2/ecf22d7d2c1c26c003d589a0b8f9da33.mp4
girl breasts to boy face,キャラ: Girl Breasts To Boy Face,Character,44,1.08%,
Body size difference,Body Size Difference,Others,44,1.08%,
adult,Adult,Others,44,1.08%,
orange sunlight view windows,Orange Sunlight View Windows,Background,44,1.08%,
disproportionate physique,Disproportionate Physique,Others,44,1.08%,
foots on girl hip,キャラ: Foots On Girl Hip,Character,44,1.08%,
sleepy pamper face,キャラ: Sleepy Pamper Face,Character,44,1.08%,
face dig in flatten breasts,キャラ: Face Dig In Flatten Breasts,Character,44,1.08%,
pigeon toed,Pigeon Toed,Others,44,1.08%,
gleaming softy skin,キャラ: Gleaming Softy Skin,Character,44,1.08%,
stroking sound effect,Stroking Sound Effect,Others,44,1.08%,
breathing onomatopoeia,Breathing Onomatopoeia,Others,44,1.08%,
face sink into softy breasts,キャラ: Face Sink Into Softy Breasts,Character,44,1.08%,
grabbing girl back,キャラ: Grabbing Girl Back,Character,44,1.08%,
intertwine legs on waist,Intertwine Legs On Waist,Pose,44,1.08%,
Calm happy face,キャラ: Calm Happy Face,Character,44,1.08%,
hugging boy,キャラ: Hugging Boy,Character,44,1.08%,
shaking afterimage head,Shaking Afterimage Head,Others,44,1.08%,
minimum shota,Minimum Shota,Others,44,1.08%,
wrinkled breasts,キャラ: Wrinkled Breasts,Character,44,1.08%,
super taller girl,キャラ: Super Taller Girl,Character,44,1.08%,
face pressing crushed breasts,キャラ: Face Pressing Crushed Breasts,Character,44,1.08%,
closed fat loose thighs,キャラ: Closed Fat Loose Thighs,Character,44,1.08%,
hug to hug,Hug To Hug,Others,44,1.08%,
archaic smile,キャラ: Archaic Smile,Character,44,1.08%,
melting dented breasts,キャラ: Melting Dented Breasts,Character,44,1.08%,
cross foots,Cross Foots,Others,44,1.08%,
kneeling on bed,Kneeling On Bed,Pose,44,1.08%,
hugging girl,キャラ: Hugging Girl,Character,44,1.08%,
3d background on bedroom,3d Background On Bedroom,Background,44,1.08%,
short body,Short Body,Others,44,1.08%,
sitting cross legged,Sitting Cross Legged,Pose,44,1.08%,
maternal kind shiny eyes,キャラ: Maternal Kind Shiny Eyes,Character,44,1.08%,
liquidity crushed thighs,キャラ: Liquidity Crushed Thighs,Character,44,1.08%,
clenched teeth,歯を食いしばっています,Others,44,1.08%,
skinny thin waist,キャラ: Skinny Thin Waist,Character,44,1.08%,
rubbing afterimage head,Rubbing Afterimage Head,Others,44,1.08%,
jaw put on boy head,キャラ: Jaw Put On Boy Head,Character,44,1.08%,
no text hugging sound effect,No Text Hugging Sound Effect,Others,44,1.08%,
huge bed,Huge Bed,Background,44,1.08%,
hip on girl thighs,キャラ: Hip On Girl Thighs,Character,44,1.08%,
broken deformed breasts,キャラ: Broken Deformed Breasts,Character,44,1.08%,
rising foots legs on waist,Rising Foots Legs On Waist,Pose,44,1.08%,
3girls,三人の女の子,Character,17,0.42%,https://cdn.donmai.us/sample/59/92/sample-5992d4eb9cb7f4510c51f6e3f421538e.jpg
stroking boy head,キャラ: Stroking Boy Head,Character,44,1.08%,
sagging narrow eyes,キャラ: Sagging Narrow Eyes,Character,44,1.08%,
lifting foots legs on waist,Lifting Foots Legs On Waist,Pose,44,1.08%,
drooping liquidity breasts,キャラ: Drooping Liquidity Breasts,Character,44,1.08%,
moving afterimage breasts,キャラ: Moving Afterimage Breasts,Character,44,1.08%,
face rubbing boy head,キャラ: Face Rubbing Boy Head,Character,44,1.08%,
foots on waist,Foots On Waist,Others,44,1.08%,
sitting on girl kneel,Sitting On Girl Kneel,Pose,44,1.08%,
mole_on_breast,乳房にモル,Character,0,0.00%,https://cdn.donmai.us/sample/bf/05/sample-bf0532f46e7d0609f6f765a87981e46e.jpg
4meters tall,4meters Tall,Others,44,1.08%,
smug smile,キャラ: Smug Smile,Character,44,1.08%,
maternal softy face,キャラ: Maternal Softy Face,Character,44,1.08%,
1meters tall,1meters Tall,Others,44,1.08%,
4k resolution,4k Resolution,Others,43,1.05%,
playing,演奏,Others,43,1.05%,
skin tight,肌がきつく,Character,43,1.05%,
floral print,花柄,Others,43,1.05%,
white loincloth,白いロインコロス,Others,43,1.05%,
-3.0::signature,-3.0::signature,Background,43,1.05%,
dark bed room,Dark Bed Room,Background,43,1.05%,
intricate lace detailing  pink floral maxi skirt,Intricate Lace Detailing Pink Floral Maxi Skirt,Clothing,43,1.05%,
shoes,靴,Clothing,3,0.07%,https://cdn.donmai.us/original/1e/6e/1e6e8a114a9f7ad79707af3d9646d428.jpg
-5.0::artist collaboration :: girl,キャラ: -5.0::artist Collaboration :: Girl,Character,43,1.05%,
lace trim slender brown leather belt,Lace Trim Slender Brown Leather Belt,Others,43,1.05%,
white ruffled cardigan,White Ruffled Cardigan,Others,43,1.05%,
missionary,宣教師,Others,27,0.66%,https://cdn.donmai.us/sample/5f/94/sample-5f94c6661bebe621a0342907e36ac634.jpg
high-resolution,High-resolution,Others,43,1.05%,
white lace high-neck collar,White Lace High-neck Collar,Others,43,1.05%,
scared,怖がった,Others,40,0.98%,https://cdn.donmai.us/original/ce/73/ce73b798c4b290cf223c8bdaca1fc8d2.mp4
detailed sakura pattern,Detailed Sakura Pattern,Others,43,1.05%,
long puff sleeves,Long Puff Sleeves,Others,43,1.05%,
dark-skinned_female,黒肌の女の子,Character,0,0.00%,https://cdn.donmai.us/original/a9/a4/a9a41065ab856b48876dcf1569701424.jpg
areola_slip,アレオラスリップ,Others,5,0.12%,https://cdn.donmai.us/sample/2f/df/sample-2fdfec9000a35d85145e5f78443ad047.jpg
lying on back,仰向け,Pose,42,1.03%,
blue one-piece swimsuit,青いワンピース水着,Clothing,42,1.03%,
hair down,髪の毛,Character,42,1.03%,
demon_girl,悪魔の女の子,Character,25,0.61%,https://cdn.donmai.us/sample/04/3b/sample-043bcd4dbc192d8033d22c5d17d7eb2b.jpg
pleated chest design,Pleated Chest Design,Others,42,1.03%,
white lines on clothes,White Lines On Clothes,Clothing,42,1.03%,
intricate lace detailing on the high-neck collar and cuffs,Intricate Lace Detailing On The High-neck Collar And Cuffs,Others,42,1.03%,
slender brown leather belt with metallic buckle,Slender Brown Leather Belt With Metallic Buckle,Others,42,1.03%,
sfw,Sfw,Others,42,1.03%,
glossy,Glossy,Others,42,1.03%,
room,部屋,Background,42,1.03%,
long skirt,ロングスカート,Clothing,42,1.03%,
pink eyes,桃色の目,Character,42,1.03%,
pants,ズボン,Others,6,0.15%,https://cdn.donmai.us/sample/ce/69/sample-ce69b49b0e05112b17c280aefb5f8c38.jpg
Amazing Quality,Amazing Quality,Quality,41,1.00%,
-1.0::loli,-1.0::loli,Others,41,1.00%,
slim build,Slim Build,Others,41,1.00%,
petite body,Petite Body,Others,41,1.00%,
:d,笑顔,Others,4,0.10%,https://cdn.donmai.us/original/a9/a4/a9a41065ab856b48876dcf1569701424.jpg
head back,引き返す,Others,41,1.00%,
highly finished,Highly Finished,Others,41,1.00%,
narrow waist,引き締まったウエスト,Others,41,1.00%,
-1::censored,-1::censored,Others,41,1.00%,
nfsw,Nfsw,Others,41,1.00%,
sleepy,眠い,Others,41,1.00%,
slut cloth,Slut Cloth,Others,41,1.00%,
1st ascension,1st Ascension,Others,41,1.00%,
skirt lift,スカートのたくしあげ,Clothing,41,1.00%,
genshin_impact,原神,Copyright,0,0.00%,https://cdn.donmai.us/sample/66/4a/sample-664a0c80b6039a855f2b9cadd186d786.jpg
soft lighting,Soft Lighting,Background,40,0.98%,
muv-luv total eclipse,Muv-luv Total Eclipse,Others,40,0.98%,
glowing hair,輝く髪,Character,40,0.98%,
focus legs,Focus Legs,Pose,40,0.98%,
cum_on_body,ぶっかけ,Others,4,0.10%,https://cdn.donmai.us/sample/e6/df/sample-e6dfafaa91f58ae6fbb008d9c6ed78c1.jpg
half updo,半分,Others,40,0.98%,
freng,フレン,Style,37,0.90%,https://cdn.donmai.us/sample/fa/91/sample-fa9144c3f17b93add9fc4b0fd6de0bc1.jpg
denim shorts aside ::    -3::skirt,Denim Shorts Aside :: -3::skirt,Clothing,40,0.98%,
nakano ichika,中野像,Others,40,0.98%,
no text leonardo da vinci rider fate/grand order,No Text Leonardo Da Vinci Rider Fate/grand Order,Others,40,0.98%,
serena pokemon,Serena Pokemon,Others,40,0.98%,
artist:yamamoto souichirou,絵師: yamamoto souichirou風,Style,40,0.98%,
tear,Tear,Others,40,0.98%,
slim waist,Slim Waist,Others,40,0.98%,
even shadows,Even Shadows,Background,40,0.98%,
blushing face,キャラ: Blushing Face,Character,39,0.95%,
vore,vore,Others,39,0.95%,
-1::simple background,-1::simple Background,Background,39,0.95%,
sweat drops on belly,Sweat Drops On Belly,Others,39,0.95%,
wavy blonde hair,キャラ: Wavy Blonde Hair,Character,39,0.95%,
bare legs,素足,Pose,39,0.95%,
large penis,大きなペニス,Others,39,0.95%,
motion lines around belly,Motion Lines Around Belly,Others,39,0.95%,
paizuri,パイズリ,Others,11,0.27%,https://cdn.donmai.us/sample/04/96/sample-049617322724665e4f3449c67961532c.jpg
-1::shiny skin,キャラ: -1::shiny Skin,Character,39,0.95%,
Abdominal struggle special effect,Abdominal Struggle Special Effect,Others,39,0.95%,
face focus,キャラ: Face Focus,Character,39,0.95%,
curvy plump figure,Curvy Plump Figure,Others,39,0.95%,
squinting,目を細め,Others,39,0.95%,
small stature,Small Stature,Others,39,0.95%,
separated screens,Separated Screens,Others,39,0.95%,
super sonico,スーパーソニコ,Others,39,0.95%,
r-18,R-18,Others,39,0.95%,
Irregular big belly,Irregular Big Belly,Others,39,0.95%,
sitting on blue tarp,Sitting On Blue Tarp,Pose,38,0.93%,
artist:yohan1754,絵師: yohan1754風,Style,38,0.93%,
torn outfits,Torn Outfits,Others,38,0.93%,
navel_piercing,へそピアス,Character,0,0.00%,https://cdn.donmai.us/sample/e6/df/sample-e6dfafaa91f58ae6fbb008d9c6ed78c1.jpg
artist:behalter,絵師: behalter風,Style,38,0.93%,
make-up,Make-up,Others,38,0.93%,
heavy blush,キャラ: Heavy Blush,Character,38,0.93%,
cinderella_nikke,キャラ: Cinderella Nikke,Character,0,0.00%,https://cdn.donmai.us/sample/c1/cc/sample-c1cc433bee45c2ec31d1dc58af5cb92d.jpg
artist:NaBaBa,絵師: NaBaBa風,Style,38,0.93%,
storng shadow in room,Storng Shadow In Room,Background,38,0.93%,
traditional media,アナログ手描き媒体 (水彩/油彩/ペーパー),Others,38,0.93%,
wedding ring,結婚指輪,Others,38,0.93%,
bouncing breasts,胸を跳ねます,Character,38,0.93%,
heart-shaped pupils,ハート型の生徒,Others,38,0.93%,
artist:marinesnow,絵師: marinesnow風,Style,38,0.93%,
round face,キャラ: Round Face,Character,38,0.93%,
::    -3::skirt,:: -3::skirt,Clothing,38,0.93%,
young adult,Young Adult,Others,38,0.93%,
long sleeves,長袖,Others,38,0.93%,
shadow,影,Background,30,0.73%,https://cdn.donmai.us/sample/0f/91/sample-0f91953bd6eca374f5ccd93574f47897.jpg
rurudo style,Rurudo Style風の絵柄,Style,38,0.93%,
blue bow,青い弓,Others,38,0.93%,
dark eyeshadow,Dark Eyeshadow,Background,38,0.93%,
watercolor,水彩画 (透明感とにじみ表現),Style,38,0.93%,
artist:queasyS,絵師: queasyS風,Style,38,0.93%,
pretty,Pretty,Others,38,0.93%,
female_pubic_hair,女性の陰毛,Character,0,0.00%,https://cdn.donmai.us/sample/90/f3/sample-90f3c9362eeda76362b5dc76f2f56453.jpg
petite,小柄,Others,33,0.81%,https://cdn.donmai.us/sample/ef/b3/sample-efb3e725eb19e06dc18364acc6fde41c.jpg
detailed thick long eyelashes,Detailed Thick Long Eyelashes,Others,38,0.93%,
detailed legwear,Detailed Legwear,Others,37,0.90%,
detailed,Detailed,Others,37,0.90%,
elevated décolletage,Elevated Décolletage,Others,37,0.90%,
-2::sagging breasts,キャラ: -2::sagging Breasts,Character,37,0.90%,
black background,黒背景,Background,37,0.90%,
above view angle,Above View Angle,Others,37,0.90%,
lean,Lean,Others,37,0.90%,
eonsang,eonsang,Others,37,0.90%,
dark purple hair,キャラ: Dark Purple Hair,Character,37,0.90%,
sexualized,Sexualized,Others,37,0.90%,
drooping breasts,キャラ: Drooping Breasts,Character,37,0.90%,
horse_tail,馬の尾,Others,5,0.12%,https://cdn.donmai.us/original/1f/6d/1f6d62116178b36bbe03a872d9c66d5b.png
no text thick eyeliner,No Text Thick Eyeliner,Others,37,0.90%,
fabric wrinkles,Fabric Wrinkles,Others,37,0.90%,
Uncensored,無修正,Others,37,0.90%,https://cdn.donmai.us/original/1f/6d/1f6d62116178b36bbe03a872d9c66d5b.png
-6::artist collaboration,-6::artist Collaboration,Others,37,0.90%,
from under,From Under,Others,37,0.90%,
risque,Risque,Others,37,0.90%,
chibi,ちびキャラ,Others,28,0.68%,https://cdn.donmai.us/sample/6f/59/sample-6f59a211a50f49b76efcb9648a06f94a.jpg
dark skinned female,キャラ: Dark Skinned Female,Character,37,0.90%,
elaborated,Elaborated,Others,37,0.90%,
null nyanpyoun,Null Nyanpyoun,Others,37,0.90%,
taught clothes,Taught Clothes,Clothing,37,0.90%,
tan skin female,キャラ: Tan Skin Female,Character,37,0.90%,
rounded breasts projection,キャラ: Rounded Breasts Projection,Character,37,0.90%,
breasts located high on chest,キャラ: Breasts Located High On Chest,Character,37,0.90%,
simosi style,Simosi Style風の絵柄,Style,37,0.90%,
sexual exposure,Sexual Exposure,Others,37,0.90%,
wide-eyed,目が広い,Others,32,0.78%,https://cdn.donmai.us/sample/e6/df/sample-e6dfafaa91f58ae6fbb008d9c6ed78c1.jpg
detailed fabric emphasis,Detailed Fabric Emphasis,Others,37,0.90%,
undersized covered small nipples,Undersized Covered Small Nipples,Others,37,0.90%,
low hanging breasts::skinny,キャラ: Low Hanging Breasts::skinny,Character,37,0.90%,
maximum volume breasts fullness,キャラ: Maximum Volume Breasts Fullness,Character,37,0.90%,
fine fabric tension,Fine Fabric Tension,Others,37,0.90%,
hair ornaments,キャラ: Hair Ornaments,Character,37,0.90%,
fit,Fit,Others,37,0.90%,
shiny hair,光が当たった髪,Character,37,0.90%,
saline breast implants,キャラ: Saline Breast Implants,Character,37,0.90%,
small navel,キャラ: Small Navel,Character,37,0.90%,
girl_on_top,上に女の子,Character,0,0.00%,https://cdn.donmai.us/sample/0f/7e/sample-0f7e9c8a129be93fda6cb87869d4ce21.jpg
luminous eyes,キャラ: Luminous Eyes,Character,36,0.88%,
sharp features,Sharp Features,Others,36,0.88%,
cat_tail,ねこしっぽ,Others,12,0.29%,https://cdn.donmai.us/sample/0f/7e/sample-0f7e9c8a129be93fda6cb87869d4ce21.jpg
large_areolae,大きな乳輪,Others,21,0.51%,https://cdn.donmai.us/sample/80/e1/sample-80e18b632a41608b444fdc53ef5a9be4.jpg
legs apart,足は離れています,Pose,36,0.88%,
8K hdr,8k Hdr,Others,36,0.88%,
bob cut,ボブ・カット,Others,36,0.88%,
detailed skin texture,キャラ: Detailed Skin Texture,Character,36,0.88%,
artist:henriiku ahemaru,絵師: henriiku ahemaru風,Style,36,0.88%,
smooth shading,Smooth Shading,Others,36,0.88%,
confident expression,Confident Expression,Others,36,0.88%,
realistic skin,キャラ: Realistic Skin,Character,36,0.88%,
Realistic coloring,Realistic Coloring,Others,36,0.88%,
shading,Shading,Others,36,0.88%,
-2::3koma,-2::3koma,Others,36,0.88%,
artist: nt00,絵師:  nt00風,Style,36,0.88%,
covered breasts,キャラ: Covered Breasts,Character,36,0.88%,
-0.8::feet,-0.8::feet,Others,36,0.88%,
artist:ayuma_sayu,絵師: ayuma_sayu風,Style,36,0.88%,
::artist: yunsang,:: Yunsang,Others,36,0.88%,
4koma,四コマ漫画,Others,36,0.88%,
artist:unacchi_nyusankin,絵師: unacchi_nyusankin風,Style,36,0.88%,
demon_tail,悪魔の尾,Others,25,0.61%,https://cdn.donmai.us/sample/04/3b/sample-043bcd4dbc192d8033d22c5d17d7eb2b.jpg
::artist: blue gk,:: Blue Gk,Others,36,0.88%,
sports bra,スポーツブラ,Clothing,36,0.88%,
cumdrip,累積,Others,22,0.54%,https://cdn.donmai.us/sample/66/7a/sample-667a434f1391d112d9623bd57afd2e21.jpg
downscaled,ダウンスケール,Others,36,0.88%,
::japanese sound effects,::japanese Sound Effects,Others,36,0.88%,
wrinkled_skin,しわが寄った肌,Character,36,0.88%,
vibrant anime style,Vibrant Anime Style風の絵柄,Style,36,0.88%,
artist:akita hika,絵師: akita hika風,Style,36,0.88%,
seductive allure,Seductive Allure,Others,36,0.88%,
::artist :kome cola,::artist :kome Cola,Others,36,0.88%,
areola,Areola,Others,33,0.81%,https://files.yande.re/sample/2d7e825e5b742b3074fa241a9d3d59d3/yande.re%201266163%20sample%20animal_ears%20areola%20bra%20kurosawa_itsuki%20lingerie%20nekomimi%20open_shirt%20pantsu%20see_through%20tail%20wet.jpg
::artist :torisan,::artist :torisan,Others,36,0.88%,
artist name,作者名付き,Others,36,0.88%,
The way the light hits the clothing and skin is natural,The Way The Light Hits The Clothing And Skin Is Natural,Clothing,36,0.88%,
Well balanced face,キャラ: Well Balanced Face,Character,36,0.88%,
assertive gaze,Assertive Gaze,Others,36,0.88%,
Groin,股間,Others,36,0.88%,https://cdn.donmai.us/sample/46/ec/sample-46ec907e03195055e1fd962e7618da1a.jpg
-5::artist collaboration,-5::artist Collaboration,Others,36,0.88%,
flawless porcelain skin,キャラ: Flawless Porcelain Skin,Character,36,0.88%,
vivid details,Vivid Details,Others,36,0.88%,
nimble fabric,ニンブルファブリック,Others,36,0.88%,
hair accessary,キャラ: Hair Accessary,Character,36,0.88%,
sagging breasts,胸をたるむ,Character,36,0.88%,
wind,風,Others,35,0.86%,https://cdn.donmai.us/sample/67/06/sample-67067c5443d88dabe1c1b5372dc19d17.jpg
1.::artist:channel caststation,1.::channel Caststation,Others,36,0.88%,
black shorts,黒いショートパンツ,Others,36,0.88%,
hotel,ホテル,Others,36,0.88%,
official_alternate_hairstyle,公式の代替ヘアスタイル,Style,0,0.00%,https://cdn.donmai.us/sample/87/66/sample-8766ee014f76303bc69a49ed33f27cf4.jpg
artist:ratatatat74,絵師: ratatatat74風,Style,35,0.86%,
The background becomes a bedroom.,The Background Becomes A Bedroom.,Background,35,0.86%,
Dark skinned boy,キャラ: Dark Skinned Boy,Character,35,0.86%,
orgasm face,キャラ: Orgasm Face,Character,35,0.86%,
grabbing_another's_breast,キャラ: Grabbing Another's Breast,Character,2,0.05%,https://cdn.donmai.us/original/1f/6d/1f6d62116178b36bbe03a872d9c66d5b.png
master piece,Master Piece,Others,35,0.86%,
cloud,雲,Others,3,0.07%,https://cdn.donmai.us/sample/5f/dc/sample-5fdc2dc4198b3930ac3a8feb5ba19513.jpg
Digital illustration,Digital Illustration,Others,35,0.86%,
bang dream! style:,Bang Dream! Style:風の絵柄,Style,35,0.86%,
voluminous hair,キャラ: Voluminous Hair,Character,35,0.86%,
water,水,Others,5,0.12%,https://cdn.donmai.us/sample/5a/78/sample-5a78a6b67caa9e51951b9ef509346d14.jpg
ground,地面,Others,35,0.86%,
no text|Yabuki kentaro style:|sss.gridman style:|go-toubun no hanayome style:,No Text|yabuki Kentaro Style:|sss.gridman Style:|go-toubun No Hanayome Style:風の絵柄,Style,35,0.86%,
purple thong,Purple Thong,Others,35,0.86%,
slut,Slut,Others,35,0.86%,
cinderella_crystal_wave_nikke,キャラ: Cinderella Crystal Wave Nikke,Character,0,0.00%,https://cdn.donmai.us/sample/c1/cc/sample-c1cc433bee45c2ec31d1dc58af5cb92d.jpg
detailed background ::pink lights,Detailed Background ::pink Lights,Background,35,0.86%,
hu tao genshin impact,Hu Tao Genshin Impact,Others,34,0.83%,
shyny skin,キャラ: Shyny Skin,Character,34,0.83%,
black_bra,ブラックブラ,Clothing,17,0.42%,https://cdn.donmai.us/sample/b2/15/sample-b2159c2cb8c28938418a0ca2952d742f.jpg
anal,肛門,Others,8,0.20%,https://cdn.donmai.us/sample/59/38/sample-593811c3cb3703eea35b27aacd81ef39.jpg
large  breast,キャラ: Large Breast,Character,34,0.83%,
saliva trail,唾液トレイル,Others,34,0.83%,
hands on breasts,Hands On Breasts,Pose,34,0.83%,
topless female,Topless Female,Others,34,0.83%,
sports_bikini,スポーツビキニ,Clothing,33,0.81%,https://cdn.donmai.us/original/21/47/214752eb19799413162e416732dfc2eb.jpg
emphasis lines,強調ライン,Others,34,0.83%,
big penis,Big Penis,Others,34,0.83%,
interspecies,種間,Others,33,0.81%,https://cdn.donmai.us/original/4a/4e/4a4ee96b8233158dec15aa68b9f34e7b.mp4
child,子供,Others,32,0.78%,https://safebooru.org/images/1095/de87a102934477070aec187f405e54a5238da578.jpg
warm atmosphere,Warm Atmosphere,Others,34,0.83%,
panty,Panty,Others,34,0.83%,
hair_flower,お花の髪飾り,Character,0,0.00%,https://cdn.donmai.us/sample/66/7a/sample-667a434f1391d112d9623bd57afd2e21.jpg
anime illustration,Anime Illustration,Others,34,0.83%,
blue hair,青髪,Character,34,0.83%,
her hair emits soft radiant purple light,Her Hair Emits Soft Radiant Purple Light,Background,33,0.81%,
silky hair,キャラ: Silky Hair,Character,33,0.81%,
utiful detailed,Utiful Detailed,Others,33,0.81%,
smooth lineart,Smooth Lineart,Others,33,0.81%,
moe style,Moe Style風の絵柄,Style,33,0.81%,
midriff,お腹,Others,12,0.29%,https://cdn.donmai.us/sample/a6/0c/sample-a60c792b047c553b43f578eb204dbb9f.jpg
skirt flutter,Skirt Flutter,Clothing,33,0.81%,
rounded features,Rounded Features,Others,33,0.81%,
heels,Heels,Others,24,0.59%,https://files.yande.re/sample/909c2953629a0e1131b6984ecb358a10/yande.re%201266169%20sample%20dress%20dsr-50_%28girls_frontline%29%20fogeun%20garter%20girls_frontline%20girls_frontline_2%3A_exilium%20gun%20heels%20no_bra.jpg
gentle expression,Gentle Expression,Others,33,0.81%,
fox_girl,狐娘,Character,0,0.00%,https://cdn.donmai.us/sample/7e/59/sample-7e59a38b73f0c1f20f233c7d3bf28fba.jpg
bare stomach,Bare Stomach,Others,33,0.81%,
pulaple eyes,キャラ: Pulaple Eyes,Character,33,0.81%,
huge_ass,巨大なお尻,Others,6,0.15%,https://cdn.donmai.us/original/a9/a4/a9a41065ab856b48876dcf1569701424.jpg
multi view,Multi View,Others,33,0.81%,
soft art style,Soft Art Style風の絵柄,Style,33,0.81%,
soft cheeks,Soft Cheeks,Others,33,0.81%,
Being restrained in the pink capsule,Being Restrained In The Pink Capsule,Others,33,0.81%,
close-up photography,Close-up Photography,Others,33,0.81%,
white t-shirt,White T-shirt,Clothing,33,0.81%,
vector trace,ベクトルトレース,Others,33,0.81%,
subtle shading,Subtle Shading,Others,33,0.81%,
ilustration,Ilustration,Others,33,0.81%,
sleeveless,袖なし,Others,7,0.17%,https://cdn.donmai.us/sample/27/76/sample-27769977f2c0b2697254e03df55b8f00.jpg
frilled bikini,フリルビキニ,Clothing,33,0.81%,
negligee,ネグリジェ,Others,33,0.81%,
advanced nurturing high school uniform,高校の制服を育てる高度な育成,Clothing,33,0.81%,
soft skin texture,キャラ: Soft Skin Texture,Character,33,0.81%,
diffused lighting,Diffused Lighting,Background,33,0.81%,
delicate texture,Delicate Texture,Others,33,0.81%,
soft fabric texture,Soft Fabric Texture,Others,33,0.81%,
delicate lines,Delicate Lines,Others,33,0.81%,
covering nipple,Covering Nipple,Others,32,0.78%,
kousaki rui style,Kousaki Rui Style風の絵柄,Style,32,0.78%,
black thighhighs,黒ニーソ,Others,32,0.78%,
dutch_angle,ダッチアングル,Others,22,0.54%,https://cdn.donmai.us/sample/2c/39/sample-2c3988173c3c2901076cebe8f8617fdd.webm
cosplay,コスプレ,Others,17,0.42%,https://cdn.donmai.us/sample/88/ab/sample-88ab6245c8296632448bcd4609e49481.jpg
artist:binggong_asylum::` artist:dk.senie` artist:omone_hokoma_agm` artist:happoubi_jin` artist:mana_remana` artist:rororo` artist:derauea` artist:meion,絵師: binggong_asylum::` artist:dk.senie` artist:omone_hokoma_agm` artist:happoubi_jin` artist:mana_remana` artist:rororo` artist:derauea` artist:meion風,Style,32,0.78%,
fighting stance,戦いの姿勢,Others,32,0.78%,
blazer,ブレザー,Clothing,26,0.64%,https://cdn.donmai.us/sample/7b/2b/sample-7b2b72b8403d21cf6989ac1da4de7f78.jpg
eyes closed,キャラ: Eyes Closed,Character,32,0.78%,
inverted_nipples,逆乳首,Others,16,0.39%,https://cdn.donmai.us/sample/90/f3/sample-90f3c9362eeda76362b5dc76f2f56453.jpg
blue ribbon,青いリボン,Clothing,32,0.78%,
embarrassed smile,キャラ: Embarrassed Smile,Character,32,0.78%,
scathach skadi swimsuit ruler first ascension fate,Scathach Skadi Swimsuit Ruler First Ascension Fate,Clothing,32,0.78%,
the faceless man,キャラ: The Faceless Man,Character,31,0.76%,
shaking,揺れ,Others,30,0.73%,https://cdn.donmai.us/sample/cb/b0/sample-cbb0cea1f43ad8305ffd75664bddd7ee.jpg
push-up frill lowleg bikini,Push-up Frill Lowleg Bikini,Clothing,31,0.76%,
demon_wings,悪魔の翼,Others,25,0.61%,https://cdn.donmai.us/sample/08/13/sample-0813311ccad64eff0bf280113e6d6501.jpg
tongue focus,Tongue Focus,Others,31,0.76%,
:,:,Others,31,0.76%,
artist:binggong_asylum::` artist:mana_remana` artist:omone_hokoma_agm` artist:happoubi_jin` artist:dk.senie` artist:rororo` artist:derauea` artist:meion,絵師: binggong_asylum::` artist:mana_remana` artist:omone_hokoma_agm` artist:happoubi_jin` artist:dk.senie` artist:rororo` artist:derauea` artist:meion風,Style,31,0.76%,
The boy does not show his eyes,キャラ: The Boy Does Not Show His Eyes,Character,31,0.76%,
shy smile,キャラ: Shy Smile,Character,31,0.76%,
-2::knees,-2::knees,Others,31,0.76%,
echosaber,Echosaber,Others,31,0.76%,
black skirt,黒スカート,Clothing,31,0.76%,
black male,Black Male,Others,31,0.76%,
tree,木,Others,13,0.32%,https://cdn.donmai.us/sample/61/29/sample-61299d1ab56b32ffa09a46d1776b8859.jpg
very close distance,Very Close Distance,Others,31,0.76%,
under sakura tree,Under Sakura Tree,Others,31,0.76%,
muscular man,Muscular Man,Others,31,0.76%,
artist:alp,絵師: alp風,Style,31,0.76%,
bashful smile,キャラ: Bashful Smile,Character,31,0.76%,
bald male,Bald Male,Others,31,0.76%,
Ujimatsu Chiya original uniform,Ujimatsu Chiya Original Uniform,Clothing,31,0.76%,
watching artoria,Watching Artoria,Others,31,0.76%,
from_above,上から,Others,10,0.24%,https://cdn.donmai.us/sample/01/14/sample-0114ed04a193913970ba908067dee00f.jpg
half-closed_eyes,半分閉じた目,Character,5,0.12%,https://cdn.donmai.us/sample/0f/7e/sample-0f7e9c8a129be93fda6cb87869d4ce21.jpg
serafuku,セーラー服,Others,21,0.51%,https://cdn.donmai.us/original/09/09/0909fb0ade55861f4a6e848cf3adccb2.png
nakano nino swimsuit,Nakano Nino Swimsuit,Clothing,30,0.73%,
minamoto no raikou swimsuit lancer third ascension fate,Minamoto No Raikou Swimsuit Lancer Third Ascension Fate,Clothing,30,0.73%,
bare shoulders,露出した肩,Others,30,0.73%,
no headphones,No Headphones,Others,30,0.73%,
beautiful japanese gravure model,Beautiful Japanese Gravure Model,Others,30,0.73%,
scathach swimsuit assassin fate,Scathach Swimsuit Assassin Fate,Clothing,30,0.73%,
hanged arms,Hanged Arms,Pose,30,0.73%,
wuthering_waves,鳴潮 (Wuthering Waves),Copyright,0,0.00%,https://cdn.donmai.us/sample/66/7a/sample-667a434f1391d112d9623bd57afd2e21.jpg
o-ring bikini,Oリングビキニ,Clothing,30,0.73%,
visor cap,バイザーキャップ,Others,30,0.73%,
vocaloid,ボーカロイド,Copyright,0,0.00%,https://cdn.donmai.us/sample/a6/0c/sample-a60c792b047c553b43f578eb204dbb9f.jpg
at street,At Street,Background,30,0.73%,
windy,Windy,Others,30,0.73%,
erotic beauty,Erotic Beauty,Others,30,0.73%,
angry face,キャラ: Angry Face,Character,30,0.73%,
back view,Back View,Others,30,0.73%,
kama swimsuit avenger second ascension fate,Kama Swimsuit Avenger Second Ascension Fate,Clothing,30,0.73%,
midair,中空,Others,30,0.73%,
brown long hair,キャラ: Brown Long Hair,Character,30,0.73%,
kama swimsuit avenger third ascension fate,Kama Swimsuit Avenger Third Ascension Fate,Clothing,30,0.73%,
love live! nijigasaki high school idol club,ライブが大好き！ Nijigasaki High School Idol Club,Others,30,0.73%,
hundred,百,Others,30,0.73%,
halter neck bra,Halter Neck Bra,Clothing,30,0.73%,
nakano miku swimsuit,Nakano Miku Swimsuit,Clothing,30,0.73%,
asaka karin,浅田カリン,Others,30,0.73%,
perfect face,キャラ: Perfect Face,Character,30,0.73%,
takamura yui,高村ユイ,Others,30,0.73%,
beautiful hair,キャラ: Beautiful Hair,Character,30,0.73%,
large eyes,キャラ: Large Eyes,Character,30,0.73%,
leaning side,Leaning Side,Pose,30,0.73%,
jeanne d'arc swimsuit archer first ascension fate,Jeanne D'arc Swimsuit Archer First Ascension Fate,Clothing,30,0.73%,
lying on beach chair,Lying On Beach Chair,Pose,30,0.73%,
ibuki douji swimsuit berserker fate,Ibuki Douji Swimsuit Berserker Fate,Clothing,30,0.73%,
passed out,Passed Out,Others,30,0.73%,
natural,Natural,Others,30,0.73%,
artist:blue gk,絵師: blue gk風,Style,30,0.73%,
perspective,視点,Others,29,0.71%,https://cdn.donmai.us/sample/3e/05/sample-3e05889e392f7b05c47d7f02595541c2.jpg
disgusted face,キャラ: Disgusted Face,Character,30,0.73%,
table,テーブル,Others,21,0.51%,https://cdn.donmai.us/sample/90/af/sample-90afe0448695186378dee491cdf9e97b.jpg
bouncing_breasts,胸を跳ねます,Character,0,0.00%,https://cdn.donmai.us/sample/84/54/sample-84541a7c1a6e805c8e0e92a8c72bd953.jpg
o-ring,Oリング,Others,5,0.12%,https://cdn.donmai.us/sample/04/3b/sample-043bcd4dbc192d8033d22c5d17d7eb2b.jpg
parted lips,少し開いた口,Others,29,0.71%,
beautiful anime illustration,Beautiful Anime Illustration,Others,29,0.71%,
beautiful legs,Beautiful Legs,Pose,29,0.71%,
ruins,遺跡,Others,28,0.68%,https://cdn.donmai.us/sample/a4/0e/sample-a40e45560b73b4b1bbd103557f6ad9f2.jpg
highly detailed fingers,Highly Detailed Fingers,Others,29,0.71%,
modern pixiv trending 2024-2026 style,Modern Pixiv Trending 2024-2026 Style風の絵柄,Style,29,0.71%,
severe fatigue,Severe Fatigue,Others,29,0.71%,
blue pantyhose,ブルーパンスト,Clothing,29,0.71%,
smug,独善的,Others,26,0.64%,https://cdn.donmai.us/sample/f7/ad/sample-f7ade704eb1db8424851de91470d951c.jpg
huge breats,Huge Breats,Others,29,0.71%,
pendulum,振り子,Others,27,0.66%,https://cdn.donmai.us/original/02/5b/025b6d76aada7f008459c21ee56d704d.mp4
highly detailed legs,Highly Detailed Legs,Pose,29,0.71%,
torino style,Torino Style風の絵柄,Style,29,0.71%,
arknights,アークナイツ,Copyright,1,0.02%,https://cdn.donmai.us/sample/04/3b/sample-043bcd4dbc192d8033d22c5d17d7eb2b.jpg
wide_hips,ワイドヒップ,Others,22,0.54%,https://cdn.donmai.us/sample/78/42/sample-7842a8b7ad4c40fbb55251d4e4cf1d6d.jpg
doggystyle,doggystyle,Style,14,0.34%,https://cdn.donmai.us/sample/2f/0f/sample-2f0fcda0069fd0e45b870559d0b5f03f.jpg
on grass::metal mesh wall,On Grass::metal Mesh Wall,Background,29,0.71%,
no crown,No Crown,Others,29,0.71%,
hatsune_miku,初音ミク,Character,0,0.00%,https://cdn.donmai.us/sample/a6/0c/sample-a60c792b047c553b43f578eb204dbb9f.jpg
sparkling aura,Sparkling Aura,Others,29,0.71%,
gloss and shiny,Gloss And Shiny,Others,29,0.71%,
"full mosaic censored
1.5::indoors","Full Mosaic Censored
1.5::indoors",Background,29,0.71%,
smirk,にやにや笑い,Others,28,0.68%,https://cdn.donmai.us/sample/3e/10/sample-3e107c7cefd43ef22b1df971c557c988.jpg
breast focus,胸強調,Character,29,0.71%,
brown shoulders,Brown Shoulders,Others,29,0.71%,
ultra highres,Ultra Highres,Others,29,0.71%,
blue bow on chest,Blue Bow On Chest,Others,29,0.71%,
mechanical gauntlet on left hand,Mechanical Gauntlet On Left Hand,Pose,29,0.71%,
five fingers,Five Fingers,Others,29,0.71%,
no text boy,キャラ: No Text Boy,Character,29,0.71%,
honkai_series,崩壊シリーズ,Copyright,0,0.00%,https://cdn.donmai.us/sample/44/1b/sample-441be24a50221cbbe953f65239321b8e.jpg
voluptuous body,Voluptuous Body,Others,29,0.71%,
bowtie,蝶ネクタイ,Clothing,5,0.12%,https://cdn.donmai.us/sample/d2/38/sample-d238343605573c3811bbd9df304b5812.jpg
pear shaped figure,Pear Shaped Figure,Others,29,0.71%,
elbow length gloves,Elbow Length Gloves,Others,29,0.71%,
cowgirl_position,カウガールの位置,Character,0,0.00%,https://cdn.donmai.us/original/1f/6d/1f6d62116178b36bbe03a872d9c66d5b.png
sunny day,Sunny Day,Background,28,0.68%,
field,分野,Others,28,0.68%,
one eye closed,ウィンク,Others,28,0.68%,
top down bottom up,Top Down Bottom Up,Others,28,0.68%,
crossdressing,クロスドレス,Clothing,25,0.61%,https://cdn.donmai.us/original/ec/f2/ecf22d7d2c1c26c003d589a0b8f9da33.mp4
femboy,キャラ: Femboy,Character,28,0.68%,
military uniform,軍服,Clothing,28,0.68%,
arm hug,腕の抱擁,Others,28,0.68%,
winking,Winking,Others,28,0.68%,
behind view angle,Behind View Angle,Others,28,0.68%,
eyelashes,まつ毛,Others,12,0.29%,https://cdn.donmai.us/sample/01/14/sample-0114ed04a193913970ba908067dee00f.jpg
handjob,手コキ,Pose,3,0.07%,https://cdn.donmai.us/original/1f/6d/1f6d62116178b36bbe03a872d9c66d5b.png
pantyshot,パンティショット,Others,27,0.66%,https://cdn.donmai.us/sample/a3/74/sample-a374b059230cffa8b8f62d13364ebdc4.jpg
panting,Panting,Others,28,0.68%,
top-down bottom-up,トップダウンボトムアップ,Others,28,0.68%,
daytime,Daytime,Background,28,0.68%,
dark-skinned_male,肌の肌の皮,Character,4,0.10%,https://cdn.donmai.us/sample/02/d9/sample-02d9d43cdc3b4215822855d2cdd38cb4.jpg
honkai:_star_rail,崩壊：スターレイル,Copyright,0,0.00%,https://cdn.donmai.us/sample/44/1b/sample-441be24a50221cbbe953f65239321b8e.jpg
leaning back,後ろに傾いています,Pose,27,0.66%,
artist:ushikani_kassen,絵師: ushikani_kassen風,Style,27,0.66%,
aether_genshin_impact,キャラ: Aether Genshin Impact,Character,25,0.61%,https://cdn.donmai.us/sample/75/ee/sample-75ee86efa108c7294afb5055f3431fe6.jpg
artist:frozen_spider lilv,絵師: frozen_spider lilv風,Style,27,0.66%,
artist:pepq,絵師: pepq風,Style,27,0.66%,
sweet fruits fragrance,Sweet Fruits Fragrance,Others,27,0.66%,
cheek lines,Cheek Lines,Others,27,0.66%,
nervous expression,Nervous Expression,Others,27,0.66%,
twisted pose body,Twisted Pose Body,Pose,27,0.66%,
dark suit sleeve,Dark Suit Sleeve,Others,27,0.66%,
mature,Mature,Others,27,0.66%,
well groomed face,Well Groomed Face,Background,27,0.66%,
marikawa shizuka anime,Marikawa Shizuka Anime,Others,27,0.66%,
china like skin,キャラ: China Like Skin,Character,27,0.66%,
Ripe fruit breasts,キャラ: Ripe Fruit Breasts,Character,27,0.66%,
Pro Wrestling ring,Pro Wrestling Ring,Others,27,0.66%,
-3::blush lines,キャラ: -3::blush Lines,Character,27,0.66%,
"blush stickers::
-3::simple illustration","キャラ: Blush Stickers::
-3::simple Illustration",Character,27,0.66%,
small orange shoulder,Small Orange Shoulder,Others,27,0.66%,
smoke all covered girl,キャラ: Smoke All Covered Girl,Character,27,0.66%,
yellow eyes,黄の目,Character,27,0.66%,
breasts and buttocks heavily deformed and deeply squished against the frosted glass,キャラ: Breasts And Buttocks Heavily Deformed And Deeply Squished Against The Frosted Glass,Character,27,0.66%,
japanese sound effects,Japanese Sound Effects,Others,27,0.66%,
well groomed eyes,Well Groomed Eyes,Background,27,0.66%,
wearing string lace panty,Wearing String Lace Panty,Others,27,0.66%,
artist:jack_dempa,絵師: jack_dempa風,Style,27,0.66%,
holding strings,Holding Strings,Pose,27,0.66%,
Resilient heavy lips,Resilient Heavy Lips,Others,27,0.66%,
3d background on  bedroom,3d Background On Bedroom,Background,27,0.66%,
actively showering,Actively Showering,Others,27,0.66%,
gourd shaped body,Gourd Shaped Body,Others,27,0.66%,
beautiful shiny eyes,キャラ: Beautiful Shiny Eyes,Character,27,0.66%,
"//배경관련
dynamic lighting","//배경관련
dynamic Lighting",Background,27,0.66%,
artist: eonsong,絵師:  eonsong風,Style,27,0.66%,
black_hairband,黒いヘアバンド,Character,0,0.00%,https://cdn.donmai.us/sample/02/d9/sample-02d9d43cdc3b4215822855d2cdd38cb4.jpg
string lace bra,String Lace Bra,Clothing,27,0.66%,
spoken heart,話された心,Others,27,0.66%,
plump,ふっくら,Others,20,0.49%,https://cdn.donmai.us/sample/59/35/sample-59352498ea7022501f9d089c4357ee04.jpg
intricate eye details,Intricate Eye Details,Others,27,0.66%,
perfect shadows,Perfect Shadows,Background,27,0.66%,
artist:nullnyanpyoun::0.9::artist:cutesexyrobutts:: 0.8::artist:mx2j,絵師: nullnyanpyoun::0.9::artist:cutesexyrobutts:: 0.8::artist:mx2j風,Style,27,0.66%,
watermelon size breasts,キャラ: Watermelon Size Breasts,Character,27,0.66%,
-3.0::artistcollaboration,-3.0::artistcollaboration,Others,27,0.66%,
white jacket is halfway undressed,White Jacket Is Halfway Undressed,Clothing,27,0.66%,
perfect eyes,キャラ: Perfect Eyes,Character,27,0.66%,
-3.0::artist collaboration,-3.0::artist Collaboration,Others,27,0.66%,
a beautiful 40-year-old mature woman,A Beautiful 40-year-old Mature Woman,Others,27,0.66%,
artist:pija pianiishimo,絵師: pija pianiishimo風,Style,27,0.66%,
ripe harvest skin,キャラ: Ripe Harvest Skin,Character,27,0.66%,
-3.0::blurry,-3.0::blurry,Others,27,0.66%,
eating in season skin,キャラ: Eating In Season Skin,Character,27,0.66%,
ripe hip sticking out of tights,Ripe Hip Sticking Out Of Tights,Others,27,0.66%,
posing,Posing,Others,27,0.66%,
erotic pattern purple under wear,Erotic Pattern Purple Under Wear,Others,27,0.66%,
watermelon size hip,Watermelon Size Hip,Others,27,0.66%,
artist:watanabe_masato,絵師: watanabe_masato風,Style,27,0.66%,
slim body with soft protruding breasts and plump buttocks,キャラ: Slim Body With Soft Protruding Breasts And Plump Buttocks,Character,27,0.66%,
scatter take off skirt,Scatter Take Off Skirt,Clothing,27,0.66%,
amused,Amused,Others,27,0.66%,
waving afterimage body,Waving Afterimage Body,Others,27,0.66%,
red trims on shirt,Red Trims On Shirt,Clothing,27,0.66%,
both hands raised washing her hair,Both Hands Raised Washing Her Hair,Pose,27,0.66%,
extremely soft melting skin,キャラ: Extremely Soft Melting Skin,Character,27,0.66%,
smoke covered breasts,キャラ: Smoke Covered Breasts,Character,27,0.66%,
gourd shaped waist,Gourd Shaped Waist,Others,27,0.66%,
artist:mery yangmalgage,絵師: mery yangmalgage風,Style,27,0.66%,
fresh Ripe girl,キャラ: Fresh Ripe Girl,Character,27,0.66%,
dramatically narrow waist,Dramatically Narrow Waist,Others,27,0.66%,
shaking breasts,キャラ: Shaking Breasts,Character,27,0.66%,
male hand,男性の手,Pose,27,0.66%,
glossy fresh skin,キャラ: Glossy Fresh Skin,Character,27,0.66%,
youkoso jitsuryoku shijou shugi no kyoushitsu e,Youkoso Jitsuryoku shijou shugi no kyoushitsu e,Others,27,0.66%,
perfect body,Perfect Body,Others,27,0.66%,
artist:seura_isago,絵師: seura_isago風,Style,27,0.66%,
shaking hip,Shaking Hip,Others,27,0.66%,
seductive foggy silhouette,Seductive Foggy Silhouette,Others,27,0.66%,
artist:hero_neisan,絵師: hero_neisan風,Style,27,0.66%,
visible fabric texture,Visible Fabric Texture,Others,27,0.66%,
:o,開いた口,Others,10,0.24%,https://cdn.donmai.us/sample/bf/05/sample-bf0532f46e7d0609f6f765a87981e46e.jpg
sweet breathing,Sweet Breathing,Others,27,0.66%,
tall slender 12 head proportions,Tall Slender 12 Head Proportions,Others,27,0.66%,
fresh water on skin,キャラ: Fresh Water On Skin,Character,27,0.66%,
ichinose honami youjitsu,Ichinose Honami Youjitsu,Others,27,0.66%,
peach shaped hip,Peach Shaped Hip,Others,27,0.66%,
artist:le_szs0k,絵師: le_szs0k風,Style,27,0.66%,
hot water running down her body,Hot Water Running Down Her Body,Others,27,0.66%,
beautiful body,Beautiful Body,Others,27,0.66%,
grape shaped eyes,キャラ: Grape Shaped Eyes,Character,27,0.66%,
artist:ikuchan_kaoru,絵師: ikuchan_kaoru風,Style,27,0.66%,
Elasticity konjac thighs,キャラ: Elasticity Konjac Thighs,Character,27,0.66%,
artist: collagen,絵師:  collagen風,Style,27,0.66%,
Prime eating time body,Prime Eating Time Body,Others,27,0.66%,
artist:hintobento :: artist:suzumi_ccroquette,絵師: hintobento :: artist:suzumi_ccroquette風,Style,27,0.66%,
blurryback ground girl,キャラ: Blurryback Ground Girl,Character,27,0.66%,
steaming collarbone,Steaming Collarbone,Others,27,0.66%,
artist:banana_oekaki,絵師: banana_oekaki風,Style,27,0.66%,
Perfect time to eat body,Perfect Time To Eat Body,Others,27,0.66%,
clean white background,Clean White Background,Background,27,0.66%,
covered jelly nipples,Covered Jelly Nipples,Others,27,0.66%,
black ripped pencil skirt is halfway undressed,Black Ripped Pencil Skirt Is Halfway Undressed,Clothing,27,0.66%,
-2.0::2koma,-2.0::2koma,Others,27,0.66%,
extremely long legs,Extremely Long Legs,Pose,27,0.66%,
dangling,ぶら下がり,Others,27,0.66%,
shiny oiled skin,キャラ: Shiny Oiled Skin,Character,27,0.66%,
looking at the object,Looking At The Object,Others,27,0.66%,
city,市,Others,27,0.66%,
expressionless,無表情,Others,23,0.56%,https://cdn.donmai.us/sample/23/6a/sample-236ae41c317c2c6c43fdd2d216beb8d7.jpg
Ripe for eating body,Ripe For Eating Body,Others,27,0.66%,
scatter take off black suits,Scatter Take Off Black Suits,Others,27,0.66%,
well groomed body,Well Groomed Body,Background,27,0.66%,
shaking waist,Shaking Waist,Others,27,0.66%,
glossy produce breasts,キャラ: Glossy Produce Breasts,Character,27,0.66%,
striped blush,キャラ: Striped Blush,Character,27,0.66%,
perfect skin,キャラ: Perfect Skin,Character,27,0.66%,
smooth and glistening crotch,Smooth And Glistening Crotch,Others,27,0.66%,
soft jiggly breasts and ass,キャラ: Soft Jiggly Breasts And Ass,Character,27,0.66%,
hand coming from left,Hand Coming From Left,Pose,27,0.66%,
well groomed skin,Well Groomed Skin,Background,27,0.66%,
bike shorts,自転車ショーツ,Others,27,0.66%,
glossy oiled skin,キャラ: Glossy Oiled Skin,Character,27,0.66%,
daikon Length legs,Daikon Length Legs,Pose,27,0.66%,
artist:ie raarami :: 1.5::channel caststation,絵師: ie raarami :: 1.5::channel caststation風,Style,27,0.66%,
no text sweet sound effects,No Text Sweet Sound Effects,Others,27,0.66%,
artist:feipin_zhanshi,絵師: feipin_zhanshi風,Style,27,0.66%,
hyperrealistic skin,キャラ: Hyperrealistic Skin,Character,27,0.66%,
standing under the shower head,Standing Under The Shower Head,Pose,27,0.66%,
sarong,サロン,Others,18,0.44%,https://cdn.donmai.us/sample/af/8a/sample-af8af5151336ddde4d9f550329bdc320.jpg
high aesthetic,High Aesthetic,Quality,27,0.66%,
smoke covered pussy,Smoke Covered Pussy,Others,27,0.66%,
playful,Playful,Others,27,0.66%,
indoor Pro Wrestling Venue,Indoor Pro Wrestling Venue,Others,27,0.66%,
body almost entirely obscured by dense soap suds,Body Almost Entirely Obscured By Dense Soap Suds,Others,26,0.64%,
nipples completely hidden by steam and foam,Nipples Completely Hidden By Steam And Foam,Others,26,0.64%,
thick steam filling the air,Thick Steam Filling The Air,Others,26,0.64%,
behind frosted glass with heavy condensation,Behind Frosted Glass With Heavy Condensation,Others,26,0.64%,
::  5.5::low light,:: 5.5::low Light,Background,26,0.64%,
dilated pupils,拡張された生徒,Others,26,0.64%,
::  4::arms behind back:: 2::bound wrists::   4::tape gag,:: 4::arms Behind Back:: 2::bound Wrists:: 4::tape Gag,Pose,26,0.64%,
three red lollipops on strings,Three Red Lollipops On Strings,Others,26,0.64%,
on grass: :::metal mesh wall,On Grass: :::metal Mesh Wall,Background,26,0.64%,
hearts,Hearts,Others,26,0.64%,
mole_under_mouth,口の下のほくろ,Character,0,0.00%,https://cdn.donmai.us/sample/ab/96/sample-ab96f3f22baf37a2634671dae164b749.jpg
ayanokouji kiyotaka,アヤノコウジ清川,Others,26,0.64%,
very little skin visible,キャラ: Very Little Skin Visible,Character,26,0.64%,
see-through shirt,シースルーシャツ,Clothing,26,0.64%,
blue and green theme,Blue And Green Theme,Others,26,0.64%,
completely naked but entire body heavily covered in thick white soap bubbles and foam,Completely Naked But Entire Body Heavily Covered In Thick White Soap Bubbles And Foam,Others,26,0.64%,
red buruma,赤いブルーマ,Others,26,0.64%,
nijisanji,にじさんじ,Copyright,19,0.46%,https://cdn.donmai.us/sample/4a/cd/sample-4acd20e44513f2263a1e9b1efdf618c7.jpg
deepthroat,ディープスロート,Others,16,0.39%,https://cdn.donmai.us/sample/f9/78/sample-f9780951ae7de8d422fd25d6d096b7c4.webm
sexually aroused,Sexually Aroused,Others,26,0.64%,
drooling,よだれ,Others,14,0.34%,https://cdn.donmai.us/sample/be/f4/sample-bef45f1d995ba53c2859f350bcff78cc.jpg
head tilted back,Head Tilted Back,Others,26,0.64%,
dark ::   -6.5::shadow,Dark :: -6.5::shadow,Background,26,0.64%,
bell,ベル,Others,9,0.22%,https://cdn.donmai.us/sample/5f/dc/sample-5fdc2dc4198b3930ac3a8feb5ba19513.jpg
:: -6.5:: overexposure,:: -6.5:: Overexposure,Others,26,0.64%,
facing viewer,対面視聴者,Others,26,0.64%,
Fold hands behind own back,Fold Hands Behind Own Back,Pose,26,0.64%,
skin mostly hidden under thick foam,キャラ: Skin Mostly Hidden Under Thick Foam,Character,26,0.64%,
artist:wanke,絵師: wanke風,Style,26,0.64%,
wide-hips,Wide-hips,Others,26,0.64%,
gradient_hair,グラデーションヘア,Character,0,0.00%,https://cdn.donmai.us/sample/66/7a/sample-667a434f1391d112d9623bd57afd2e21.jpg
bending forward,Bending Forward,Others,26,0.64%,
overall detail,Overall Detail,Others,26,0.64%,
pussy completely hidden by steam and thick bubbles,Pussy Completely Hidden By Steam And Thick Bubbles,Others,26,0.64%,
veiny penis,静脈ペニス,Others,26,0.64%,
m-legs,M-legs,Pose,26,0.64%,
tender gaze with embarrassment,Tender Gaze With Embarrassment,Others,26,0.64%,
red lollipop,Red Lollipop,Others,26,0.64%,
lewd wet foam-covered mature body,Lewd Wet Foam-covered Mature Body,Others,26,0.64%,
dim lighting,薄暗い照明,Background,26,0.64%,
sexually teasing,Sexually Teasing,Others,26,0.64%,
goddess_of_victory:_nikke_game_cg `brown_dust_2_game_cg`artist:mana_remana`artist:omone_hokoma_agm`artist:happoubi_jin`artist:rororo`artist:derauea`2::artist:binggong_asylum::`artist:meion,Goddess Of Victory: Nikke Game Cg `brown Dust 2 Game Cg`mana Remana`omone Hokoma Agm`happoubi Jin`rororo`derauea`2::binggong Asylum::`meion,Others,26,0.64%,
moaning,うめき声,Others,9,0.22%,https://cdn.donmai.us/original/15/09/15093ee238699cbef08571ffe7c69c55.mp4
detailed incredibly absurdres,Detailed Incredibly Absurdres,Others,25,0.61%,
artist:rurudo,絵師: rurudo風,Style,25,0.61%,
covered_navel,覆われたへそ,Character,0,0.00%,https://cdn.donmai.us/sample/8c/d8/sample-8cd8208cbbef2cecef6bec87c25e6f4b.jpg
breasts focus,キャラ: Breasts Focus,Character,25,0.61%,
-1::flat color,-1::flat Color,Others,25,0.61%,
artist: sy4 ::  -0.1::flat color,絵師:  sy4 ::  -0.1::flat color風,Style,25,0.61%,
-1::faux retro artstyle,-1::faux Retro Artstyle風の絵柄,Style,25,0.61%,
midnight,Midnight,Background,25,0.61%,
side by side,Side By Side,Others,25,0.61%,
flat color,フラットカラー (アニメ塗り・ベタ塗り),Style,25,0.61%,
smiling,Smiling,Others,25,0.61%,
cum in pussy,中出し,Others,25,0.61%,
artist:mashutarou_neko_no_oyashiro,絵師: mashutarou_neko_no_oyashiro風,Style,25,0.61%,
solo artist,キャラ: Solo Artist,Character,25,0.61%,
artist:ru_zhai,絵師: ru_zhai風,Style,25,0.61%,
high color volume,High Color Volume,Others,25,0.61%,
meion,メオン,Others,25,0.61%,
source#watching,Source#watching,Others,25,0.61%,
artist:min_120716,絵師: min_120716風,Style,25,0.61%,
dark nipples,暗い乳首,Others,25,0.61%,
artist:takai_isshiki,絵師: takai_isshiki風,Style,25,0.61%,
very detailed,Very Detailed,Others,25,0.61%,
glossy black pantyhose,Glossy Black Pantyhose,Clothing,25,0.61%,
-1::film grain,-1::film Grain,Others,25,0.61%,
masterpiece portrait,Masterpiece Portrait,Others,25,0.61%,
super detail,Super Detail,Others,25,0.61%,
artist:shiromako,絵師: shiromako風,Style,25,0.61%,
heart effects,Heart Effects,Others,25,0.61%,
onsen,温泉,Others,17,0.42%,https://cdn.donmai.us/sample/c7/61/sample-c7610c35d68638f54725f95fa75de6da.jpg
undressing,服を脱ぐ,Clothing,15,0.37%,https://cdn.donmai.us/sample/61/5f/sample-615f2a71a26646e1eaf4ad080dedb53d.jpg
upper body focus,Upper Body Focus,Others,25,0.61%,
from view,From View,Others,25,0.61%,
artist:kakao_chocolate_land,絵師: kakao_chocolate_land風,Style,25,0.61%,
artist:jacknife,絵師: jacknife風,Style,25,0.61%,
wu_ganlan_cai,ウー・ガンラン・カイ,Others,25,0.61%,
hyper detail,Hyper Detail,Others,25,0.61%,
-1::clean text,-1::clean Text,Others,25,0.61%,
rhasta,Rhasta,Others,25,0.61%,
artist:ask askzy ::  year 2024,絵師: ask askzy ::  year 2024風,Style,25,0.61%,
-3::loli,-3::loli,Others,25,0.61%,
big thighs,キャラ: Big Thighs,Character,25,0.61%,
1leg up,1leg Up,Others,25,0.61%,
multiple creampie,Multiple Creampie,Others,24,0.59%,
sharp cool gaze,Sharp Cool Gaze,Others,24,0.59%,
mosaic blurred penis,Mosaic Blurred Penis,Others,24,0.59%,
powerful core muscles completely stable,Powerful Core Muscles Completely Stable,Others,24,0.59%,
breasts heavily compressed and deeply deformed by tight clothing,Breasts Heavily Compressed And Deeply Deformed By Tight Clothing,Clothing,24,0.59%,
wearing minimal striped white and pink bikini with delicate string,Wearing Minimal Striped White And Pink Bikini With Delicate String,Clothing,24,0.59%,
skirt stretched tightly over groin,Skirt Stretched Tightly Over Groin,Clothing,24,0.59%,
hide eyes,キャラ: Hide Eyes,Character,24,0.59%,
buttocks deeply squished and distorted by tight skirt,Buttocks Deeply Squished And Distorted By Tight Skirt,Clothing,24,0.59%,
long dented waist,Long Dented Waist,Others,24,0.59%,
high position and seductive cleavage,キャラ: High Position And Seductive Cleavage,Character,24,0.59%,
sparkles,Sparkles,Others,24,0.59%,
blow strong wind,Blow Strong Wind,Others,24,0.59%,
tiny testicles,Tiny Testicles,Others,24,0.59%,
elbow gloves,長手袋,Others,24,0.59%,
breast_press,乳房プレス,Character,0,0.00%,https://cdn.donmai.us/sample/2f/0f/sample-2f0fcda0069fd0e45b870559d0b5f03f.jpg
man ejaculating powerfully inside her,Man Ejaculating Powerfully Inside Her,Others,24,0.59%,
aggressive domination,Aggressive Domination,Others,24,0.59%,
forest,森,Background,24,0.59%,
tie,Tie,Clothing,24,0.59%,
renaissance painting ideal beauty mixed with sensual allure,Renaissance Painting Ideal Beauty Mixed With Sensual Allure,Others,24,0.59%,
extremely smooth and refined body lines,Extremely Smooth And Refined Body Lines,Others,24,0.59%,
internal cumshot visible,Internal Cumshot Visible,Others,24,0.59%,
meer campbell gundom,Meer Campbell Gundom,Others,24,0.59%,
arousing S curve posture,Arousing S Curve Posture,Others,24,0.59%,
in the style of renaissance painting,In The Style Of Renaissance Painting風の絵柄,Style,24,0.59%,
the woman is completely motionless,The Woman Is Completely Motionless,Others,24,0.59%,
cum overflowing,Cum Overflowing,Others,24,0.59%,
arms behind head,頭の後ろの腕,Pose,24,0.59%,
suit jacket clinging perfectly to body,Suit Jacket Clinging Perfectly To Body,Others,24,0.59%,
golden ratio body with enhanced curviness,Golden Ratio Body With Enhanced Curviness,Others,24,0.59%,
coat blowing wildly,Coat Blowing Wildly,Others,24,0.59%,
extreme waist cinch,Extreme Waist Cinch,Others,24,0.59%,
elegant yet provocative pose,Elegant Yet Provocative Pose,Pose,24,0.59%,
long elegant legs,Long Elegant Legs,Pose,24,0.59%,
dramatic hourglass figure,Dramatic Hourglass Figure,Others,24,0.59%,
perfect exaggerated hourglass figure,Perfect Exaggerated Hourglass Figure,Others,24,0.59%,
spread out horizontally hip,Spread Out Horizontally Hip,Others,24,0.59%,
focus pussy,Focus Pussy,Others,24,0.59%,
curvy shaped thighs,キャラ: Curvy Shaped Thighs,Character,24,0.59%,
stylish pose with one hand in coat pocket,Stylish Pose With One Hand In Coat Pocket,Pose,24,0.59%,
voluptuous breasts with generous size,キャラ: Voluptuous Breasts With Generous Size,Character,24,0.59%,
huge mature woman,Huge Mature Woman,Others,24,0.59%,
massive loose breasts,キャラ: Massive Loose Breasts,Character,24,0.59%,
back of head,Back Of Head,Others,24,0.59%,
Animal ears,獣耳,Others,24,0.59%,
Beating marks,Beating Marks,Others,24,0.59%,
retouch,Retouch,Others,24,0.59%,
woman's huge breasts swaying heavily only from the internal impact,キャラ: Woman's Huge Breasts Swaying Heavily Only From The Internal Impact,Character,24,0.59%,
not shaking even slightly despite violent thrusting,Not Shaking Even Slightly Despite Violent Thrusting,Background,24,0.59%,
beautiful woman standing seductively,Beautiful Woman Standing Seductively,Pose,24,0.59%,
ideal waist to hip ratio 0.68,Ideal Waist To Hip Ratio 0.68,Others,24,0.59%,
height 210cm,Height 210cm,Others,24,0.59%,
slight sensual smile with parted lips,Slight Sensual Smile With Parted Lips,Background,24,0.59%,
solid small breasts,キャラ: Solid Small Breasts,Character,24,0.59%,
kochikame,コチカメ,Others,24,0.59%,
beautiful tall slender woman,Beautiful Tall Slender Woman,Others,24,0.59%,
her giant body doesn't budge at all,Her Giant Body Doesn't Budge At All,Others,24,0.59%,
exaggerated curves,Exaggerated Curves,Others,24,0.59%,
extremely voluptuous motherly body,Extremely Voluptuous Motherly Body,Others,24,0.59%,
pink heel sandal,Pink Heel Sandal,Others,24,0.59%,
intense sex scene,Intense Sex Scene,Others,24,0.59%,
no sweat,No Sweat,Others,24,0.59%,
tiny young man 120cm tall,Tiny Young Man 120cm Tall,Others,24,0.59%,
pounding her with all his strength,Pounding Her With All His Strength,Others,24,0.59%,
seiza,正座,Others,21,0.51%,https://cdn.donmai.us/sample/da/e6/sample-dae634e6daf60c4dd97e208a183a5648.jpg
black long pantyhose,Black Long Pantyhose,Clothing,24,0.59%,
suit and skirt extremely tight,Suit And Skirt Extremely Tight,Clothing,24,0.59%,
massive soft ass,Massive Soft Ass,Others,24,0.59%,
shirt lift,シャツリフト,Clothing,24,0.59%,
pale skin,淡い肌,Character,24,0.59%,
fabric straining,Fabric Straining,Others,24,0.59%,
small soft breasts,キャラ: Small Soft Breasts,Character,24,0.59%,
tight suit jacket,Tight Suit Jacket,Others,24,0.59%,
face to face,キャラ: Face To Face,Character,24,0.59%,
face,顔,Character,24,0.59%,
the tiny man is moving extremely violently and frantically,The Tiny Man Is Moving Extremely Violently And Frantically,Others,24,0.59%,
extremelydetailed,Extremelydetailed,Others,24,0.59%,
hips blurring from rapid piston movement,Hips Blurring From Rapid Piston Movement,Others,24,0.59%,
pink hair,桃色髪,Character,24,0.59%,
cool eyes,キャラ: Cool Eyes,Character,24,0.59%,
eyes rolled back,キャラ: Eyes Rolled Back,Character,24,0.59%,
delicate ankles,Delicate Ankles,Others,24,0.59%,
single braid,単一の三つ編み,Clothing,24,0.59%,
womb penetration,Womb Penetration,Others,24,0.59%,
blow wind sound effect,Blow Wind Sound Effect,Others,24,0.59%,
wearing minimal dark blue bikini with delicate string,Wearing Minimal Dark Blue Bikini With Delicate String,Clothing,24,0.59%,
classical oil painting,Classical Oil Painting,Others,24,0.59%,
perfect teardrop shape,Perfect Teardrop Shape,Others,24,0.59%,
black pantyhose,黒パンスト,Clothing,24,0.59%,
metallic blue bikini,Metallic Blue Bikini,Clothing,24,0.59%,
no bra,ノーブラ,Clothing,24,0.59%,
massive breasts leaking milk,キャラ: Massive Breasts Leaking Milk,Character,24,0.59%,
doll-like delicate facial features,Doll-like Delicate Facial Features,Others,24,0.59%,
red panties,赤いパンティー,Clothing,24,0.59%,
huge wide buttocks,Huge Wide Buttocks,Others,24,0.59%,
half-lidded bedroom eyes looking at viewer,Half-lidded Bedroom Eyes Looking At Viewer,Pose,24,0.59%,
police suit,Police Suit,Others,24,0.59%,
standing on a nighttime building rooftop,Standing On A Nighttime Building Rooftop,Pose,24,0.59%,
intimidating beauty,Intimidating Beauty,Others,24,0.59%,
porcelain doll aesthetic,Porcelain Doll Aesthetic,Quality,24,0.59%,
highly detailed skin texture,キャラ: Highly Detailed Skin Texture,Character,24,0.59%,
wearing full clothes,Wearing Full Clothes,Clothing,24,0.59%,
sweat flying,Sweat Flying,Pose,24,0.59%,
huge wide hip,Huge Wide Hip,Others,24,0.59%,
8 head body,8 Head Body,Others,24,0.59%,
confident and dangerous aura,Confident And Dangerous Aura,Others,24,0.59%,
loving yet dominant expression on woman,Loving Yet Dominant Expression On Woman,Others,24,0.59%,
3d background indoor room,3d Background Indoor Room,Background,24,0.59%,
contrast between motionless giant woman and desperately thrusting tiny man,Contrast Between Motionless Giant Woman And Desperately Thrusting Tiny Man,Others,24,0.59%,
ultra high res,Ultra High Res,Others,24,0.59%,
full body view,Full Body View,Others,24,0.59%,
seductive inviting expression,Seductive Inviting Expression,Others,24,0.59%,
soft dramatic lighting,Soft Dramatic Lighting,Background,24,0.59%,
inviting gesture,Inviting Gesture,Others,24,0.59%,
pressed breasts thighs  spoken sound effect,キャラ: Pressed Breasts Thighs Spoken Sound Effect,Character,24,0.59%,
kanna blue archive,Kanna Blue Archive,Others,24,0.59%,
femdom,femdom,Others,22,0.54%,https://cdn.donmai.us/sample/ce/69/sample-ce69b49b0e05112b17c280aefb5f8c38.jpg
vivid panty line,Vivid Panty Line,Others,24,0.59%,
botticelli,Botticelli,Others,24,0.59%,
pushed out chest and hips,Pushed Out Chest And Hips,Others,24,0.59%,
legs,脚,Pose,6,0.15%,https://cdn.donmai.us/sample/09/a2/sample-09a2eb270799373cd7a725ac769a4510.jpg
focus on the extreme size difference,Focus On The Extreme Size Difference,Others,24,0.59%,
one hand gently touching hair or neck,One Hand Gently Touching Hair Or Neck,Pose,24,0.59%,
hindenburg_azur_lane,Hindenburg Azur Lane,Others,24,0.59%,
anime screencap,アニメ本編キャプチャ風 (TVアニメカット),Others,24,0.59%,
perfect anatomical harmony,Perfect Anatomical Harmony,Others,24,0.59%,
bottle shaped silhouette,Bottle Shaped Silhouette,Others,24,0.59%,
muscle,Muscle,Others,24,0.59%,
3d background is dark city night lights,3d Background Is Dark City Night Lights,Background,24,0.59%,
detailed pussy,Detailed Pussy,Others,24,0.59%,
thin rail curvy waist,Thin Rail Curvy Waist,Others,24,0.59%,
striped thin bikini,Striped Thin Bikini,Clothing,24,0.59%,
short small penis,Short Small Penis,Others,24,0.59%,
cool and stylish expression,Cool And Stylish Expression,Others,24,0.59%,
kirara gundam bf,Kirara Gundam Bf,Others,24,0.59%,
soft melting skin,キャラ: Soft Melting Skin,Character,24,0.59%,
plump perfect buttocks with strong roundness and protrusion,Plump Perfect Buttocks With Strong Roundness And Protrusion,Others,24,0.59%,
bouguereau,Bouguereau,Others,24,0.59%,
outlaw vibe,Outlaw Vibe,Others,24,0.59%,
soft seamless voluptuous curves,Soft Seamless Voluptuous Curves,Others,24,0.59%,
aqua_hair,水色の髪,Character,0,0.00%,https://cdn.donmai.us/sample/59/92/sample-5992d4eb9cb7f4510c51f6e3f421538e.jpg
weight shifted to emphasize curves,Weight Shifted To Emphasize Curves,Others,24,0.59%,
artist:dawalixi,絵師: dawalixi風,Style,24,0.59%,
dark blue thin bikini,Dark Blue Thin Bikini,Clothing,24,0.59%,
looking at another,別の物を見てる,Others,24,0.59%,
small body,Small Body,Others,24,0.59%,
naked,Naked,Others,14,0.34%,https://files.yande.re/sample/2d6d4902ab4122cfdfcf23a7231e457d/yande.re%201266162%20sample%20anus%20breast_hold%20censored%20hino_akane_%28vtuber%29%20indie_virtual_youtuber%20kurosawa_itsuki%20naked%20nipples%20pussy%20pussy_juice%20wet.jpg
artistic chiaroscuro,Artistic Chiaroscuro,Others,24,0.59%,
yasaka high school dxd,Yasaka High School Dxd,Others,24,0.59%,
glossy skin:1.4、glossy glistening:1.4、oiled skin,キャラ: Glossy Skin:1.4、glossy Glistening:1.4、oiled Skin,Character,24,0.59%,
sharp piercing eyes,キャラ: Sharp Piercing Eyes,Character,24,0.59%,
milk spraying,Milk Spraying,Others,24,0.59%,
all covered breasts,キャラ: All Covered Breasts,Character,24,0.59%,
hyper developed huge penis deeply inserted,Hyper Developed Huge Penis Deeply Inserted,Others,24,0.59%,
no text koito yuu,No Text Koito Yuu,Others,24,0.59%,
mother and son incest,Mother And Son Incest,Others,24,0.59%,
wearing school uniform,Wearing School Uniform,Clothing,24,0.59%,
beautiful shadows accentuating deep curves and body lines,Beautiful Shadows Accentuating Deep Curves And Body Lines,Background,24,0.59%,
long tone up thighs,キャラ: Long Tone Up Thighs,Character,24,0.59%,
goddess-like yet tempting silhouette,Goddess-like Yet Tempting Silhouette,Others,24,0.59%,
dark blue heel sandal,Dark Blue Heel Sandal,Others,24,0.59%,
thick soft thighs with feminine fullness,キャラ: Thick Soft Thighs With Feminine Fullness,Character,24,0.59%,
slim toned calves,Slim Toned Calves,Others,24,0.59%,
8k_wallpaper,8k Wallpaper,Background,24,0.59%,
rock-solid posture,Rock-solid Posture,Others,24,0.59%,
eyes shut tight,キャラ: Eyes Shut Tight,Character,24,0.59%,
covered erotic navel,キャラ: Covered Erotic Navel,Character,24,0.59%,
extremely strong and toned core muscles,Extremely Strong And Toned Core Muscles,Others,24,0.59%,
very wide rounded hips,Very Wide Rounded Hips,Others,24,0.59%,
aphrodite shuumatsu,Aphrodite Shuumatsu,Others,24,0.59%,
skirts covered side hip and thighs,Skirts Covered Side Hip And Thighs,Clothing,24,0.59%,
vivid deep groin,Vivid Deep Groin,Others,24,0.59%,
white jacket,白いジャケット,Others,23,0.56%,
smooth hair,キャラ: Smooth Hair,Character,23,0.56%,
look at viewer,Look At Viewer,Others,23,0.56%,
anime collor、animate、anime coloring,Anime Collor、animate、anime Coloring,Others,23,0.56%,
wetlarge breasts,キャラ: Wetlarge Breasts,Character,23,0.56%,
"detailed hair strands
black long eyelashes","キャラ: Detailed Hair Strands
black Long Eyelashes",Character,23,0.56%,
grabbing from behind,後ろからつかむ,Others,23,0.56%,
puffy_sleeves,膨らんだ袖,Others,14,0.34%,https://cdn.donmai.us/sample/0a/ae/sample-0aae19eb6dfe9bcd3cae9fbd89edf96a.jpg
low_twintails,低い小売,Others,14,0.34%,https://cdn.donmai.us/sample/96/e9/sample-96e9f37f61c85bf633130b3fd8e22f3b.jpg
animal_ear_hairband,キャラ: Animal Ear Hairband,Character,15,0.37%,https://cdn.donmai.us/sample/41/83/sample-41833b427b0e16849f521cc080daee8b.jpg
covered puffy nipples,Covered Puffy Nipples,Others,23,0.56%,
fine hair strands,キャラ: Fine Hair Strands,Character,23,0.56%,
large areolae,大きな乳輪,Others,23,0.56%,
out doors,Out Doors,Others,23,0.56%,
-6::6 fingers,-6::6 Fingers,Others,23,0.56%,
grey walls,Grey Walls,Background,23,0.56%,
sea,Sea,Others,23,0.56%,
grey_eyes,灰目,Character,0,0.00%,https://cdn.donmai.us/sample/60/83/sample-608355583502f026c35103a5683b4bd8.jpg
kiss,キス,Others,9,0.22%,https://cdn.donmai.us/sample/84/54/sample-84541a7c1a6e805c8e0e92a8c72bd953.jpg
chaldea uniform,カルデアのユニフォーム,Clothing,23,0.56%,
at night,At Night,Background,23,0.56%,
hug,ハグ,Others,14,0.34%,https://cdn.donmai.us/sample/5b/0d/sample-5b0d4c7d188f51be56a2c1978b7356ec.jpg
bedroom setting spoken sound effect,Bedroom Setting Spoken Sound Effect,Background,23,0.56%,
modern city,Modern City,Others,23,0.56%,
arm over head,頭の上に腕,Others,23,0.56%,
beautiful Japanese gravure model,Beautiful Japanese Gravure Model,Others,23,0.56%,
blue_gk,青いgk,Others,23,0.56%,
tall male,Tall Male,Others,23,0.56%,
trees,Trees,Others,23,0.56%,
fundoshi,Fundoshi,Others,22,0.54%,https://cdn.donmai.us/sample/36/23/sample-362365b9366959369d8999a8364300ad.jpg
individual hair strands,キャラ: Individual Hair Strands,Character,23,0.56%,
multiple_boys,複数人の男の子,Character,1,0.02%,https://cdn.donmai.us/original/1f/6d/1f6d62116178b36bbe03a872d9c66d5b.png
white sleeveless sport shirt,White Sleeveless Sport Shirt,Clothing,23,0.56%,
healthy beauty,Healthy Beauty,Others,23,0.56%,
breath,呼吸,Others,12,0.29%,https://cdn.donmai.us/sample/85/d0/sample-85d05e270a2b63f46af8e4ac372d9e3c.jpg
x-ray,X線,Others,19,0.46%,https://cdn.donmai.us/sample/43/f2/sample-43f29c374ee498826026a899e37ac546.jpg
wearing wrinkled armor,Wearing Wrinkled Armor,Others,23,0.56%,
seductive,Seductive,Others,23,0.56%,
skirt tug,スカートタグ,Clothing,23,0.56%,
bright pupils,明るい生徒,Others,22,0.54%,
no hat,No Hat,Clothing,22,0.54%,
white curtains,白いカーテン,Others,22,0.54%,
medium-large breasts,キャラ: Medium-large Breasts,Character,22,0.54%,
smoke all covered hip,Smoke All Covered Hip,Others,22,0.54%,
see through shirts,See Through Shirts,Clothing,22,0.54%,
tongue slightly out,Tongue Slightly Out,Background,22,0.54%,
v arms,Vアーム,Pose,22,0.54%,
colorful,カラフル,Others,22,0.54%,
dark_areolae,暗い乳輪,Others,21,0.51%,https://cdn.donmai.us/sample/d2/dc/sample-d2dcccdc011e1c44189a642e3e730560.jpg
best_quality,Best Quality,Quality,22,0.54%,
"photorealistic
from below","Photorealistic
from Below",Others,22,0.54%,
pain,痛み,Others,22,0.54%,
tearju lunatiquei to love-rubikini,Tearju Lunatiquei To Love-rubikini,Clothing,22,0.54%,
a lot of electrode pads attached to her belly,A Lot Of Electrode Pads Attached To Her Belly,Others,22,0.54%,
emma_woods_boudoir_dream_identity_v,Emma Woods Boudoir Dream Identity V,Others,22,0.54%,
clitoris,クリトリス,Others,7,0.17%,https://cdn.donmai.us/sample/66/7a/sample-667a434f1391d112d9623bd57afd2e21.jpg
cat_girl,猫娘,Character,0,0.00%,https://cdn.donmai.us/sample/0f/7e/sample-0f7e9c8a129be93fda6cb87869d4ce21.jpg
semi-realistic,Semi-realistic,Others,22,0.54%,
flower hair,キャラ: Flower Hair,Character,22,0.54%,
thin rail skinny waist,キャラ: Thin Rail Skinny Waist,Character,22,0.54%,
aqua_eyes,青目,Character,0,0.00%,https://cdn.donmai.us/sample/5b/0d/sample-5b0d4c7d188f51be56a2c1978b7356ec.jpg
dark skin,黒人,Character,22,0.54%,
3d background indoor bedroom,3d Background Indoor Bedroom,Background,22,0.54%,
wide sparkling eyes,キャラ: Wide Sparkling Eyes,Character,22,0.54%,
open door,開いたドア,Others,22,0.54%,
legs slightly apart,Legs Slightly Apart,Pose,22,0.54%,
glistening_body,Glistening Body,Others,22,0.54%,
anime_coloring,アニメの着色,Others,20,0.49%,https://cdn.donmai.us/original/a2/b0/a2b0709564c021a6bae17a1395e1a00e.jpg
intense gaze,Intense Gaze,Others,22,0.54%,
obsessive stare,Obsessive Stare,Others,22,0.54%,
blue_bonnet,Blue Bonnet,Others,22,0.54%,
black rabbit ears,Black Rabbit Ears,Others,22,0.54%,
black detached arm sleeves,Black Detached Arm Sleeves,Others,21,0.51%,
folded,折りたたまれています,Others,5,0.12%,https://cdn.donmai.us/sample/0c/3e/sample-0c3e481d0e5029e989d5fe7eb673ddaf.jpg
shiny oily skin,キャラ: Shiny Oily Skin,Character,21,0.51%,
shiny eyes,キャラ: Shiny Eyes,Character,21,0.51%,
extremely detailed CG unity 8k,Extremely Detailed Cg Unity 8k,Others,21,0.51%,
dim lights,Dim Lights,Background,21,0.51%,
towel,タオル,Others,3,0.07%,https://cdn.donmai.us/sample/e4/44/sample-e44401a662a15b1e324109bb3a76bc55.jpg
oily skin,キャラ: Oily Skin,Character,21,0.51%,
vertical bars on left,Vertical Bars On Left,Others,21,0.51%,
artist:marushin denwa0214,絵師: marushin denwa0214風,Style,21,0.51%,
black garter harness straps,Black Garter Harness Straps,Others,21,0.51%,
hyper oiled shiny skin,キャラ: Hyper Oiled Shiny Skin,Character,21,0.51%,
standing on water,Standing On Water,Pose,21,0.51%,
pregnant,妊娠中,Others,21,0.51%,
seductive aroused expression,Seductive Aroused Expression,Others,21,0.51%,
light_blush,軽い赤面,Background,3,0.07%,https://cdn.donmai.us/sample/dc/d8/sample-dcd8fbf97189b16629e9d9ed8a703d5e.jpg
exact coloring and shading of Crimson,Exact Coloring And Shading Of Crimson,Others,21,0.51%,
splashing,スプラッシング,Others,21,0.51%,
see through black bra,See Through Black Bra,Clothing,21,0.51%,
KeqingGenshin Impact,Keqinggenshin Impact,Others,21,0.51%,
sobbing,すすり泣く,Others,21,0.51%,
dimly lit wooden room,Dimly Lit Wooden Room,Background,21,0.51%,
long straight black hair with bangs,キャラ: Long Straight Black Hair With Bangs,Character,21,0.51%,
accurate character design,Accurate Character Design,Others,21,0.51%,
red face,キャラ: Red Face,Character,21,0.51%,
gradient eyes,勾配の目,Character,21,0.51%,
sand,砂,Others,3,0.07%,https://cdn.donmai.us/sample/58/d9/sample-58d9a2f82a85050b66f729960a69a984.jpg
artist:deadnooodles,絵師: deadnooodles風,Style,21,0.51%,
magic circle bondage,Magic Circle Bondage,Others,21,0.51%,
project sekai,プロジェクトセカイ,Others,21,0.51%,
interracial,異人種間,Others,13,0.32%,https://cdn.donmai.us/sample/92/98/sample-9298bdf134f770dd5281372f366b9d23.jpg
intense blush,キャラ: Intense Blush,Character,21,0.51%,
wearing white tight crop top,Wearing White Tight Crop Top,Others,21,0.51%,
sweat drops on skin and cleavage,キャラ: Sweat Drops On Skin And Cleavage,Character,21,0.51%,
studded gray belt,Studded Gray Belt,Others,21,0.51%,
no text solo,キャラ: No Text Solo,Character,21,0.51%,
cow ears,牛の耳,Others,21,0.51%,
slim toned waist,Slim Toned Waist,Others,21,0.51%,
clean linework,Clean Linework,Others,21,0.51%,
warm soft lighting from red hanging lantern on right,Warm Soft Lighting From Red Hanging Lantern On Right,Background,21,0.51%,
beautiful warm color palette,Beautiful Warm Color Palette,Others,21,0.51%,
classroom,教室,Background,17,0.42%,https://cdn.donmai.us/sample/0d/a1/sample-0da1fc504476ada528bcc63daa2af026.jpg
t-shirt,Tシャツ,Clothing,13,0.32%,https://cdn.donmai.us/sample/7e/b3/sample-7eb3a6d6aba2a943542b7c9cd155328d.jpg
shaded face,日陰の顔,Character,21,0.51%,
sundress,サンドレス,Clothing,21,0.51%,
-6::simple background,-6::simple Background,Background,21,0.51%,
characteristic Crimson illustration,Characteristic Crimson Illustration,Others,21,0.51%,
Tifa Lockhart,Tifa Lockhart,Others,21,0.51%,
3d background indoor foggy room,3d Background Indoor Foggy Room,Background,21,0.51%,
long pants,Long Pants,Others,21,0.51%,
masochism,マゾヒズム,Others,20,0.49%,https://cdn.donmai.us/sample/a2/f1/sample-a2f1e2419ebf8a7c398eec9ba1b2627e.jpg
aged down,老化,Others,21,0.51%,
in the distinctive art style of Crimson,In The Distinctive Art Style Of Crimson風の絵柄,Style,21,0.51%,
face blush,キャラ: Face Blush,Character,21,0.51%,
phone,電話,Others,6,0.15%,https://cdn.donmai.us/sample/01/14/sample-0114ed04a193913970ba908067dee00f.jpg
renderman cartoon,Renderman Cartoon,Others,21,0.51%,
short black hair,キャラ: Short Black Hair,Character,21,0.51%,
highly detailed eyes,キャラ: Highly Detailed Eyes,Character,21,0.51%,
arahashi tabi,Arahashi Tabi,Others,21,0.51%,
soft glossy skin highlights,Soft Glossy Skin Highlights,Background,21,0.51%,
bare arms,腕,Pose,21,0.51%,
aroused,興奮した,Others,19,0.46%,https://cdn.donmai.us/sample/57/3c/sample-573ce5299d50a49cee8f3243ed9e8735.jpg
shiny_skin,光ってる肌,Character,6,0.15%,https://cdn.donmai.us/sample/a2/81/sample-a281fd477b966f75e8cad9032c0c2fe7.jpg
shining eyes,キャラ: Shining Eyes,Character,21,0.51%,
short black messy hair,キャラ: Short Black Messy Hair,Character,21,0.51%,
light blue pleated skirt,Light Blue Pleated Skirt,Clothing,21,0.51%,
precum,precum,Others,7,0.17%,https://cdn.donmai.us/original/ad/b0/adb0a0c9c6554f16f2b290f0eb20b3ec.mp4
low angle,Low Angle,Others,21,0.51%,
:bound wrists::   4::tape gag,:bound Wrists:: 4::tape Gag,Others,20,0.49%,
da capo ii,Da Capo II,Others,20,0.49%,
artist:jack dempa,絵師: jack dempa風,Style,20,0.49%,
-4::artist collaboration,-4::artist Collaboration,Others,20,0.49%,
artist:uno_makoto,絵師: uno_makoto風,Style,20,0.49%,
bottom bulge,Bottom Bulge,Others,20,0.49%,
artist:mikozin,絵師: mikozin風,Style,20,0.49%,
solid large breasts,キャラ: Solid Large Breasts,Character,20,0.49%,
haikyuu!!,haikyuu !!,Others,20,0.49%,
: 1.2,: 1.2,Others,20,0.49%,
artist:necomi,絵師: necomi風,Style,20,0.49%,
fat mons,太ったモン,Others,20,0.49%,
holding spear,Holding Spear,Pose,20,0.49%,
black reverse bunnysuit,Black Reverse Bunnysuit,Others,20,0.49%,
artist:betanonbeet,絵師: betanonbeet風,Style,20,0.49%,
-2.0::feet,-2.0::feet,Others,20,0.49%,
artist:cle masahiro,絵師: cle masahiro風,Style,20,0.49%,
target#cosplay,Target#cosplay,Others,20,0.49%,
shirts covered breasts spoken sound effect,Shirts Covered Breasts Spoken Sound Effect,Clothing,20,0.49%,
painted sketch,Painted Sketch,Others,20,0.49%,
pink anus,Pink Anus,Others,20,0.49%,
artist:tatami to hinoki,絵師: tatami to hinoki風,Style,20,0.49%,
Bend forward,Bend Forward,Others,20,0.49%,
target#bowed,Target#bowed,Others,20,0.49%,
dazed expression,Dazed Expression,Others,20,0.49%,
open clothes,前開きの服,Clothing,20,0.49%,
artist:ebifurya,絵師: ebifurya風,Style,20,0.49%,
about to faint,About To Faint,Others,20,0.49%,
buruma,ブルマ,Others,17,0.42%,https://cdn.donmai.us/original/21/47/214752eb19799413162e416732dfc2eb.jpg
blue pokemon,Blue Pokemon,Others,20,0.49%,
frilled one-piece swimsuit,Frilled One-piece Swimsuit,Clothing,20,0.49%,
trembling pupils,Trembling Pupils,Others,20,0.49%,
fate_series,Fateシリーズ,Copyright,0,0.00%,https://cdn.donmai.us/sample/92/28/sample-9228640ac372587029c69325d9ba3e53.jpg
steam coming from head,Steam Coming From Head,Others,20,0.49%,
Curvy physique,Curvy Physique,Others,20,0.49%,
summer clothes,Summer Clothes,Clothing,20,0.49%,
leonardo da vinci rider fate/grand order,Leonardo Da Vinci Rider Fate/grand Order,Others,20,0.49%,
artist:tomose shunsaku,絵師: tomose shunsaku風,Style,20,0.49%,
artist:kim_hyung_tae,絵師: kim_hyung_tae風,Style,20,0.49%,
losing consciousness,Losing Consciousness,Others,20,0.49%,
white and red volleyball uniform,White And Red Volleyball Uniform,Clothing,20,0.49%,
mochizuki honami project sekai,Mochizuki Honami Project Sekai,Others,20,0.49%,
irrumatio,照明,Others,14,0.34%,https://cdn.donmai.us/sample/f9/78/sample-f9780951ae7de8d422fd25d6d096b7c4.webm
matsuura kanan,松田カナン,Others,20,0.49%,
artist:kuroboshi kouhaku,絵師: kuroboshi kouhaku風,Style,20,0.49%,
16K,16k,Others,20,0.49%,
gripping blanket on lap,Gripping Blanket On Lap,Others,20,0.49%,
hip up,Hip Up,Others,20,0.49%,
agent_aikastyle,Agent Aikastyle風の絵柄,Style,20,0.49%,
front view angle,Front View Angle,Others,20,0.49%,
colored lineart,Colored Lineart,Others,20,0.49%,
artist:pottsness,絵師: pottsness風,Style,20,0.49%,
weapon,武器,Others,3,0.07%,https://cdn.donmai.us/sample/5f/dc/sample-5fdc2dc4198b3930ac3a8feb5ba19513.jpg
soil,土壌,Others,20,0.49%,
artist:namie,絵師: namie風,Style,20,0.49%,
wearing clothes,Wearing Clothes,Clothing,20,0.49%,
artist:enkyo_yuuichirou,絵師: enkyo_yuuichirou風,Style,20,0.49%,
ikkitousenstyle,Ikkitousenstyle風の絵柄,Style,20,0.49%,
animation cel,Animation Cel,Others,20,0.49%,
artist:mishima_kurone,絵師: mishima_kurone風,Style,20,0.49%,
megami magazine,Megami Magazine,Others,20,0.49%,
red pokemon,Red Pokemon,Others,20,0.49%,
artist:kyokutyo,絵師: kyokutyo風,Style,20,0.49%,
apologetic,Apologetic,Others,20,0.49%,
flair skirt,Flair Skirt,Clothing,20,0.49%,
2boy,キャラ: 2boy,Character,20,0.49%,
artist:shanyao_jiang_tororo,絵師: shanyao_jiang_tororo風,Style,20,0.49%,
sitting on bed,Sitting On Bed,Pose,20,0.49%,
artist:muninshiki,絵師: muninshiki風,Style,20,0.49%,
black sports bra,ブラックスポーツブラ,Clothing,20,0.49%,
artist:nekoshoko,絵師: nekoshoko風,Style,20,0.49%,
wearing  wrinkled jacket,Wearing Wrinkled Jacket,Others,20,0.49%,
dandadanstyle,Dandadanstyle風の絵柄,Style,20,0.49%,
clean dark background,Clean Dark Background,Background,20,0.49%,
ass_visible_through_thighs,太ももを通して見えるお尻,Character,0,0.00%,https://cdn.donmai.us/sample/09/a2/sample-09a2eb270799373cd7a725ac769a4510.jpg
half-lidded unfocused eyes,キャラ: Half-lidded Unfocused Eyes,Character,20,0.49%,
pelvic_curtainclothes,Pelvic Curtainclothes,Clothing,20,0.49%,
bowing deeply,Bowing Deeply,Others,20,0.49%,
pressed breasts thighs,キャラ: Pressed Breasts Thighs,Character,20,0.49%,
chibi only,Chibi Only,Others,20,0.49%,
puffy nipples,ふくらんでいる乳首,Others,20,0.49%,
takeuchi takashi style,Takeuchi Takashi Style風の絵柄,Style,20,0.49%,
artist:shirabi,絵師: shirabi風,Style,20,0.49%,
anime theme,Anime Theme,Others,20,0.49%,
netorare,netorare,Others,14,0.34%,https://cdn.donmai.us/sample/e8/81/sample-e881c8a766711f871038cdee699b8433.jpg
artist:jp06,絵師: jp06風,Style,20,0.49%,
artist:mankai kaika,絵師: mankai kaika風,Style,20,0.49%,
soft lines,Soft Lines,Others,20,0.49%,
artist:mochizuki_kei,絵師: mochizuki_kei風,Style,20,0.49%,
smiling gently,Smiling Gently,Others,20,0.49%,
pov crotch,POV股,Others,20,0.49%,
sound_effects,オノマトペ,Others,4,0.10%,https://cdn.donmai.us/sample/e4/93/sample-e493bae2bdaf830ed0ff649e58abfce0.jpg
facesitting,Facesitting,Pose,20,0.49%,
denim shorts aside,Denim Shorts Aside,Others,20,0.49%,
gotou_matabei_hyakka_ryouran,Gotou Matabei Hyakka Ryouran,Others,20,0.49%,
naked boy,キャラ: Naked Boy,Character,20,0.49%,
soft blending,Soft Blending,Others,20,0.49%,
artoria bowing deeply in apology,Artoria Bowing Deeply In Apology,Others,20,0.49%,
lace_bra,レースブラ,Clothing,17,0.42%,https://cdn.donmai.us/sample/e0/fc/sample-e0fcef684f71fb88841629d7be6d4f5f.jpg
wet hairs,キャラ: Wet Hairs,Character,20,0.49%,
side view angle,Side View Angle,Others,20,0.49%,
source#bowing,Source#bowing,Others,20,0.49%,
-1.8::earring,-1.8::earring,Others,20,0.49%,
half-lidded eyes,キャラ: Half-lidded Eyes,Character,20,0.49%,
irises with fine horizontal hatching,Irises With Fine Horizontal Hatching,Clothing,20,0.49%,
nose_blush,鼻の赤面,Character,0,0.00%,https://cdn.donmai.us/sample/85/d0/sample-85d05e270a2b63f46af8e4ac372d9e3c.jpg
red leotard,赤いレオタード,Others,20,0.49%,
Angry,怒り,Others,20,0.49%,https://cdn.donmai.us/sample/09/3e/sample-093e6c77d422faad39f4ea2350f7e483.jpg
shide,シャイド,Others,20,0.49%,
in heat,熱中,Others,19,0.46%,
sushispin,Sushispin,Others,19,0.46%,
black boots,Black Boots,Clothing,19,0.46%,
hugging,Hugging,Others,19,0.46%,
playboy_bunny,バニーガール,Character,0,0.00%,https://cdn.donmai.us/sample/41/83/sample-41833b427b0e16849f521cc080daee8b.jpg
-2.0::dark-skinned male,キャラ: -2.0::dark-skinned Male,Character,19,0.46%,
mosaic censoring,モザイク修正済み,Others,19,0.46%,
sitting on bench,ベンチに座っています,Pose,19,0.46%,
no text oumae kumiko,No Text Oumae Kumiko,Others,19,0.46%,
redi rasec asdjh,Redi Rasec Asdjh,Others,19,0.46%,
steaming_body,蒸し体,Others,7,0.17%,https://cdn.donmai.us/sample/c5/1a/sample-c51a18fbd4792cf2fbe24dbad636ef1d.jpg
year 2026,Year 2026,Others,19,0.46%,
gym storeroom,ジムストアルーム,Background,19,0.46%,
cow print bikini,Cow Print Bikini,Clothing,19,0.46%,
flustered,動揺,Others,17,0.42%,https://cdn.donmai.us/sample/f1/79/sample-f179b27ea1f83aa81110397f88efcca7.jpg
yd_orange_maru,Yd Orange Maru,Others,19,0.46%,
pussy juice,愛液,Others,19,0.46%,
school,学校,Others,19,0.46%,
hong white spider,Hong White Spider,Others,19,0.46%,
overexcited expression,Overexcited Expression,Others,19,0.46%,
"head tilt

white and pink and blue floral designed lace lingerie","Head Tilt

white And Pink And Blue Floral Designed Lace Lingerie",Others,19,0.46%,
black nails,黒い爪,Others,19,0.46%,
plants,Plants,Others,19,0.46%,
one knee softly bent,One Knee Softly Bent,Others,19,0.46%,
wagashi dagashiya,Wagashi Dagashiya,Others,19,0.46%,
black gloves,黒手袋,Others,19,0.46%,
love hotel,大好きなホテル,Others,19,0.46%,
floating,フローティング,Others,16,0.39%,https://cdn.donmai.us/sample/79/04/sample-79048c4d56e4d74411547bd1ec5a4b69.jpg
flowers,Flowers,Others,19,0.46%,
arknights:_endfield,Arknights：エンドフィールド,Copyright,0,0.00%,https://cdn.donmai.us/sample/5a/78/sample-5a78a6b67caa9e51951b9ef509346d14.jpg
metal mesh wall,Metal Mesh Wall,Background,19,0.46%,
restrained,抑制,Others,14,0.34%,https://cdn.donmai.us/sample/59/38/sample-593811c3cb3703eea35b27aacd81ef39.jpg
honashi,Honashi,Others,19,0.46%,
against metal mesh wall,Against Metal Mesh Wall,Background,19,0.46%,
dramatic angle,Dramatic Angle,Others,18,0.44%,
crisp quality,Crisp Quality,Quality,18,0.44%,
one leg up,One Leg Up,Others,18,0.44%,
affectionate loving mischievous smiles,キャラ: Affectionate Loving Mischievous Smiles,Character,18,0.44%,
finger on cleavage,キャラ: Finger On Cleavage,Character,18,0.44%,
precise linework,Precise Linework,Others,18,0.44%,
flat shading,Flat Shading,Others,18,0.44%,
jien Nikke,Jien Nikke,Others,18,0.44%,
saeki sayaka,Saeki Sayaka,Others,18,0.44%,
artist: Shinjiro,絵師:  Shinjiro風,Style,18,0.44%,
androgynous young male normal young adult body type in mid-transformation into femboy plant monster: delicate feminine face with heavy blush and entranced expression,キャラ: Androgynous Young Male Normal Young Adult Body Type In Mid-transformation Into Femboy Plant Monster: Delicate Feminine Face With Heavy Blush And Entranced Expression,Character,18,0.44%,
focus waist,Focus Waist,Others,18,0.44%,
evil smile,邪悪な笑顔,Character,18,0.44%,
sound effects,オノマトペ,Others,18,0.44%,
dishwasher1910,Dishwasher1910,Style,17,0.42%,https://cdn.donmai.us/sample/0d/19/sample-0d192fe4cd4fe4841c3127596ad3a1e9.jpg
girl on top,上に女の子,Character,18,0.44%,
lace trimmed panties,Lace Trimmed Panties,Clothing,18,0.44%,
velina_airgid,キャラ: Velina Airgid,Character,0,0.00%,https://cdn.donmai.us/sample/04/96/sample-049617322724665e4f3449c67961532c.jpg
detailed fabric wrinkles,Detailed Fabric Wrinkles,Others,18,0.44%,
red and white two tone color skirt,Red And White Two Tone Color Skirt,Clothing,18,0.44%,
angry expression,Angry Expression,Others,18,0.44%,
pillory,柱,Others,18,0.44%,
after sex,事後,Others,18,0.44%,
Brown hair,茶髪,Character,18,0.44%,
professional quality,Professional Quality,Quality,18,0.44%,
transparent,透明,Others,17,0.42%,https://cdn.donmai.us/sample/f1/79/sample-f179b27ea1f83aa81110397f88efcca7.jpg
low view angle,Low View Angle,Others,18,0.44%,
angelina kudou shields,アンジェリーナ・クドゥ・シールズ,Others,18,0.44%,
one mole under left eye,One Mole Under Left Eye,Others,18,0.44%,
insanely detailed and intricate,Insanely Detailed And Intricate,Others,18,0.44%,
normal quality,標準品質 (高品質化のため除外),Quality,18,0.44%,
grabbing another’s breasts,キャラ: Grabbing Another’s Breasts,Character,18,0.44%,
nudhuge distended belly,Nudhuge Distended Belly,Others,18,0.44%,
inside an enormous ornate white lily-like flower,Inside An Enormous Ornate White Lily-like Flower,Others,18,0.44%,
red checkered skirt,Red Checkered Skirt,Clothing,18,0.44%,
in yard,In Yard,Others,18,0.44%,
pouncing,跳ねます,Others,18,0.44%,
huge boobs,Huge Boobs,Others,18,0.44%,
on a Dildo,On A Dildo,Others,18,0.44%,
camel toe,Camel Toe,Others,18,0.44%,
-2::skirt,-2::skirt,Clothing,18,0.44%,
running,ランニング,Others,18,0.44%,
shocked,Shocked,Others,18,0.44%,
tight cropped black leather jacket,Tight Cropped Black Leather Jacket,Others,18,0.44%,
-2::multiple views,-2::multiple Views,Others,18,0.44%,
orange_hair,オレンジ髪,Character,0,0.00%,https://cdn.donmai.us/sample/60/83/sample-608355583502f026c35103a5683b4bd8.jpg
stuck,立ち往生,Others,16,0.39%,https://cdn.donmai.us/sample/ad/6e/sample-ad6ec73280d671d7b4fb122d6e615140.jpg
pubic hair,陰毛,Character,18,0.44%,
looking at girl,キャラ: Looking At Girl,Character,18,0.44%,
cheerful smile,キャラ: Cheerful Smile,Character,18,0.44%,
-2::moles,-2::moles,Others,18,0.44%,
frilled_dress,フリルドレス,Clothing,15,0.37%,https://cdn.donmai.us/sample/4f/b8/sample-4fb8ab2924795d7d8c7da5ec5b50c81d.jpg
bathroom,浴室・お風呂場,Background,14,0.34%,https://cdn.donmai.us/sample/59/92/sample-5992d4eb9cb7f4510c51f6e3f421538e.jpg
two beautiful Alraune plant girls elegant seductive young adult female bodies,キャラ: Two Beautiful Alraune Plant Girls Elegant Seductive Young Adult Female Bodies,Character,18,0.44%,
lawn,芝生,Others,18,0.44%,
red bra,赤いブラジャー,Clothing,18,0.44%,
dirt,泥,Others,18,0.44%,
white serafuku,白いserafuku,Others,18,0.44%,
shower head,シャワーヘッド,Others,18,0.44%,
yabacha,ヤバチャ,Others,18,0.44%,
-2::choker,-2::choker,Others,18,0.44%,
extreme contrast between the serene beautiful giant flower and the gentle yet inevitable forced plant monster feminization,Extreme Contrast Between The Serene Beautiful Giant Flower And The Gentle Yet Inevitable Forced Plant Monster Feminization,Others,18,0.44%,
bigger boobs,Bigger Boobs,Others,18,0.44%,
outlines,Outlines,Others,18,0.44%,
CitlaliGenshin Impact,Citlaligenshin Impact,Others,18,0.44%,
teasing smile,キャラ: Teasing Smile,Character,18,0.44%,
round eyes,キャラ: Round Eyes,Character,18,0.44%,
The background is replaced by a Chinese room.,The Background Is Replaced By A Chinese Room.,Background,18,0.44%,
trap,Trap,Others,13,0.32%,https://cdn.donmai.us/original/ec/f2/ecf22d7d2c1c26c003d589a0b8f9da33.mp4
blue_gloves,青い手袋,Others,16,0.39%,https://cdn.donmai.us/sample/8e/4f/sample-8e4fdbf662acd6407d3fedd33bf95227.jpg
QUASARCAKE,quasarcake,Others,17,0.42%,
light smile,軽い笑顔,Background,17,0.42%,
silver accessories,Silver Accessories,Others,17,0.42%,
cesar zebrah,Cesar Zebrah,Clothing,17,0.42%,
::  boy,キャラ: :: Boy,Character,17,0.42%,
sidelighting,サイドライト,Background,15,0.37%,https://cdn.donmai.us/sample/3c/55/sample-3c5566a66dc064c7707bfc1db68bffb5.jpg
zynxy,zynxy,Others,17,0.42%,
Black reverse bunny girl,キャラ: Black Reverse Bunny Girl,Character,17,0.42%,
ri pi o,Ri Pi O,Others,17,0.42%,
grassy field,Grassy Field,Others,17,0.42%,
artist:kukuru,絵師: kukuru風,Style,17,0.42%,
orgasm,オーガズム,Others,9,0.22%,https://cdn.donmai.us/sample/84/54/sample-84541a7c1a6e805c8e0e92a8c72bd953.jpg
glossy skin with soft highlights,Glossy Skin With Soft Highlights,Background,17,0.42%,
pinned to blue tarp,Pinned To Blue Tarp,Others,17,0.42%,
Lankolia_FaX,Lankolia Fax,Others,17,0.42%,
happy expression,Happy Expression,Others,17,0.42%,
white lace boots,White Lace Boots,Clothing,17,0.42%,
navy skirt,Navy Skirt,Clothing,17,0.42%,
lighting,Lighting,Background,17,0.42%,
yamamoto souichirou,山本souichirou,Others,17,0.42%,
being hugged by a Grinning man from her behind,Being Hugged By A Grinning Man From Her Behind,Others,17,0.42%,
twin braids,ツイン三つ編み,Clothing,17,0.42%,
pinned to ground,Pinned To Ground,Others,17,0.42%,
cow collard,Cow Collard,Others,17,0.42%,
body trembling,Body Trembling,Others,17,0.42%,
natural lighting,Natural Lighting,Background,17,0.42%,
extreme close-up on faces and upper bodies,キャラ: Extreme Close-up On Faces And Upper Bodies,Character,17,0.42%,
penguin_squad_nikke,キャラ: Penguin Squad Nikke,Character,0,0.00%,https://cdn.donmai.us/sample/39/26/sample-3926c3420d8b9aeee621f1db07dc04b2.jpg
mature_female,成熟した女性,Others,5,0.12%,https://cdn.donmai.us/sample/84/20/sample-842024edbb04b44b3282ae639aba7ff6.jpg
maabo harusame,Maabo Harusame,Others,17,0.42%,
artist:Terasu Mc,絵師: Terasu Mc風,Style,17,0.42%,
deep passionate kissing,Deep Passionate Kissing,Others,17,0.42%,
ass grab,お尻をつかむ,Others,17,0.42%,
side long bangs over shoulder,Side Long Bangs Over Shoulder,Others,17,0.42%,
affectionate and lewd mood,Affectionate And Lewd Mood,Others,17,0.42%,
confused,混乱した,Others,17,0.42%,
open mouth tongue kiss,キャラ: Open Mouth Tongue Kiss,Character,17,0.42%,
slight high angle view,Slight High Angle View,Background,17,0.42%,
red designed  one-piece swimsuit,Red Designed One-piece Swimsuit,Clothing,17,0.42%,
orange_eyes,オレンジ目,Character,0,0.00%,https://cdn.donmai.us/sample/8c/74/sample-8c743384a9aebff5406c774e590c3798.jpg
prone bone,骨がgrone骨,Others,17,0.42%,
saliva connecting lips,Saliva Connecting Lips,Others,17,0.42%,
warm lighting,Warm Lighting,Background,17,0.42%,
heated romantic kiss,Heated Romantic Kiss,Others,17,0.42%,
looking afar,遠くを探しています,Others,17,0.42%,
trembling with excitement,Trembling With Excitement,Others,17,0.42%,
no pants,ズボンがない,Others,17,0.42%,
one girl gently grabbing the other girl's chin and cheek with black gloved hand,One Girl Gently Grabbing The Other Girl's Chin And Cheek With Black Gloved Hand,Pose,17,0.42%,
delicate drool strings,Delicate Drool Strings,Others,17,0.42%,
smoke all covered bodyput down one's hair foggy glass,キャラ: Smoke All Covered Bodyput Down One's Hair Foggy Glass,Character,17,0.42%,
-3::sketch,-3::sketch,Others,17,0.42%,
cow print long gloves,Cow Print Long Gloves,Others,17,0.42%,
nocopyrightgir,Nocopyrightgir,Others,17,0.42%,
couple,カップル,Others,14,0.34%,https://cdn.donmai.us/sample/38/b6/sample-38b607a67216d8a297ca43cae38e0d02.jpg
tilting her head,Tilting Her Head,Others,17,0.42%,
artist:saijou yurika,絵師: saijou yurika風,Style,17,0.42%,
greyscale,モノクロ,Others,3,0.07%,https://cdn.donmai.us/sample/e9/15/sample-e9151fc0ed17d7f0b725b68fd3ac620a.jpg
hair flowing,キャラ: Hair Flowing,Character,17,0.42%,
extremely sensual and erotic atmosphere,Extremely Sensual And Erotic Atmosphere,Others,17,0.42%,
heart eyes,キャラ: Heart Eyes,Character,17,0.42%,
fantongjun,ファントジュン,Style,16,0.39%,https://cdn.donmai.us/sample/55/0a/sample-550a6d6daf3a64c4648e670424baac1a.jpg
thigh_boots,太もものブーツ,Clothing,4,0.10%,https://cdn.donmai.us/original/b0/9d/b09d9f7bd0dac47c48f78dd7a0729a76.jpg
wooden floor,木の床,Background,17,0.42%,
retro artstyle //老动画,Retro Artstyle //老动画風の絵柄,Style,17,0.42%,
intimate face-to-face embrace,Intimate Face-to-face Embrace,Clothing,17,0.42%,
cum on penis,ペニスに精液,Others,17,0.42%,
rucchiifu,rucchiifu,Others,17,0.42%,
long purple hair,キャラ: Long Purple Hair,Character,16,0.39%,
covering breasts,胸を覆う,Character,16,0.39%,
gentle soft folds,Gentle Soft Folds,Others,16,0.39%,
holding phone,電話を持っています,Pose,16,0.39%,
skin_fang,皮の牙,Character,0,0.00%,https://cdn.donmai.us/sample/8c/74/sample-8c743384a9aebff5406c774e590c3798.jpg
artist:classic_zildjian33,絵師: classic_zildjian33風,Style,16,0.39%,
one's ass on the face,キャラ: One's Ass On The Face,Character,16,0.39%,
sword fight,剣の戦い,Others,16,0.39%,
bra lift,ブラジャーリフト,Clothing,16,0.39%,
plumper hip,Plumper Hip,Others,16,0.39%,
kkuem,kkuem,Others,16,0.39%,
black pussy,Black Pussy,Others,16,0.39%,
arms behind back,後ろの腕,Pose,16,0.39%,
Highly finished digital illustration with smooth,Highly Finished Digital Illustration With Smooth,Others,16,0.39%,
upside-down,逆さまに,Others,13,0.32%,https://cdn.donmai.us/original/7e/e9/7ee97554f42695ac4bc96cb7ef0a4517.mp4
frilled panties,フリルパンティー,Clothing,16,0.39%,
cropped arms,トリミングされた腕,Pose,16,0.39%,
::indoors,::indoors,Background,16,0.39%,
Inorganic substance,Inorganic Substance,Others,16,0.39%,
bare feet,Bare Feet,Others,16,0.39%,
artist:rhasta,絵師: rhasta風,Style,16,0.39%,
red hair ribbon,Red Hair Ribbon,Clothing,16,0.39%,
facial,顔射,Others,7,0.17%,https://cdn.donmai.us/sample/d0/8e/sample-d08e6ecd88402a48a9adf03501b85008.jpg
dress with frilled sleeves,Dress With Frilled Sleeves,Clothing,16,0.39%,
hold down,Hold Down,Others,16,0.39%,
in motion,In Motion,Others,16,0.39%,
stadium background,Stadium Background,Background,16,0.39%,
artist:wlop,絵師: wlop風,Style,16,0.39%,
only steaming,Only Steaming,Others,16,0.39%,
agnes digital umamusume,Agnes Digital Umamusume,Others,16,0.39%,
In the casino,In The Casino,Others,16,0.39%,
seductive_smile,魅惑的な笑顔,Character,12,0.29%,https://cdn.donmai.us/sample/65/e9/sample-65e9e32a2799a4a33016f424aefc6dd0.jpg
casual,カジュアル,Others,15,0.37%,https://cdn.donmai.us/original/ce/73/ce73b798c4b290cf223c8bdaca1fc8d2.mp4
panties naturally visible under short skirt,Panties Naturally Visible Under Short Skirt,Clothing,16,0.39%,
legs together,一緒に足,Pose,16,0.39%,
wedgie,ウェッジ,Others,13,0.32%,https://cdn.donmai.us/sample/d7/b8/sample-d7b865f4370369f9f395a26d23f43e15.jpg
tone up stomach,Tone Up Stomach,Others,16,0.39%,
wet_skin,キャラ: Wet Skin,Character,16,0.39%,
xiaoluo_xl,Xiaoluo Xl,Others,16,0.39%,
glaring,まぶしい,Others,14,0.34%,https://cdn.donmai.us/sample/b3/b3/sample-b3b371bac350a14ebe78a9d15e9e4d4d.jpg
race track,Race Track,Others,16,0.39%,
akita_hika,秋田hika,Others,16,0.39%,
through_wall,壁を通して,Background,16,0.39%,
doorway,戸口,Others,10,0.24%,https://cdn.donmai.us/sample/80/e1/sample-80e18b632a41608b444fdc53ef5a9be4.jpg
kuroe mayu,Kuroe Mayu,Others,16,0.39%,
black jumping mat,Black Jumping Mat,Others,16,0.39%,
cum_on_breasts,胸に精液,Character,0,0.00%,https://cdn.donmai.us/sample/01/14/sample-0114ed04a193913970ba908067dee00f.jpg
weight shifted to one leg,Weight Shifted To One Leg,Others,16,0.39%,
cute pink horizontally striped panties with soft fluffy fabric texture,Cute Pink Horizontally Striped Panties With Soft Fluffy Fabric Texture,Clothing,16,0.39%,
clenched_teeth,歯を食いしばっています,Others,5,0.12%,https://cdn.donmai.us/sample/0c/3e/sample-0c3e481d0e5029e989d5fe7eb673ddaf.jpg
year 2023,2023年 (投稿・制作年指定),Others,16,0.39%,
bukkake,ブッカケ,Others,15,0.37%,https://cdn.donmai.us/sample/33/c3/sample-33c31fead6022bfcb4bfecdb95846722.jpg
huge distended belly,Huge Distended Belly,Others,16,0.39%,
::black stockings,::black Stockings,Clothing,16,0.39%,
casino background,Casino Background,Background,16,0.39%,
There are many guests in the casino,There Are Many Guests In The Casino,Others,16,0.39%,
nixeu,nixeu,Others,16,0.39%,
legs up,足を上げます,Pose,16,0.39%,
horse racetrack,Horse Racetrack,Others,16,0.39%,
slight forward lean,Slight Forward Lean,Background,16,0.39%,
half closed eyes,キャラ: Half Closed Eyes,Character,16,0.39%,
soft drape and natural fabric volume,Soft Drape And Natural Fabric Volume,Others,16,0.39%,
casino,カジノ,Others,16,0.39%,
cum overflow,Cum Overflow,Others,16,0.39%,
thin rail skinny waits,キャラ: Thin Rail Skinny Waits,Character,16,0.39%,
hanging_breasts,胸を吊るします,Character,8,0.20%,https://cdn.donmai.us/sample/85/d1/sample-85d1f51aa414160433150ef818a2180a.jpg
artist:dk.senie,絵師: dk.senie風,Style,16,0.39%,
emma_woods_hello_kitty_dream_identity_v,Emma Woods Hello Kitty Dream Identity V,Others,16,0.39%,
whimsical ambiance,Whimsical Ambiance,Others,16,0.39%,
sharp clean lineart,Sharp Clean Lineart,Others,16,0.39%,
naughty face,いたずらな顔,Character,16,0.39%,
detailed natural upskirt view,Detailed Natural Upskirt View,Clothing,16,0.39%,
frilled bra,フリルブラジャー,Clothing,16,0.39%,
heavy steaming room,Heavy Steaming Room,Background,16,0.39%,
short black miniskirt naturally riding up and slightly flipped at the hem,Short Black Miniskirt Naturally Riding Up And Slightly Flipped At The Hem,Clothing,16,0.39%,
faceless dark skinned male,キャラ: Faceless Dark Skinned Male,Character,16,0.39%,
revealing clothes,エロ衣装,Clothing,16,0.39%,
puffy_nipples,ふくらんでいる乳首,Others,5,0.12%,https://cdn.donmai.us/sample/03/86/sample-0386b4dd9c47056600ec9509f706e373.jpg
not tight,Not Tight,Others,16,0.39%,
artist:sho_sho_lwlw,絵師: sho_sho_lwlw風,Style,16,0.39%,
wavy mouth,波状の口,Character,16,0.39%,
delicate volume,Delicate Volume,Others,16,0.39%,
soft fluffy panty fabric emphasis,Soft Fluffy Panty Fabric Emphasis,Others,16,0.39%,
shiny shading and aesthetically detailed background. Amazingly detailed background. Vivid,Shiny Shading And Aesthetically Detailed Background. Amazingly Detailed Background. Vivid,Quality,16,0.39%,
x_hair_ornament,Xヘアオーナメント,Character,0,0.00%,https://cdn.donmai.us/sample/87/66/sample-8766ee014f76303bc69a49ed33f27cf4.jpg
white fence,White Fence,Others,16,0.39%,
sexy lingeries,Sexy Lingeries,Others,16,0.39%,
Thigh straps,Thigh Straps,Others,16,0.39%,
French kiss,フレンチ・キス,Others,16,0.39%,
open mouth::  boy,キャラ: Open Mouth:: Boy,Character,16,0.39%,
xiujia_yihuizi,Xiujia Yihuizi,Style,14,0.34%,https://cdn.donmai.us/sample/c6/0e/sample-c60ef006fa7ae2228e7a6003a915ef05.jpg
faceless male is erection,キャラ: Faceless Male Is Erection,Character,15,0.37%,
pedestrians,Pedestrians,Others,15,0.37%,
arched fellatio,Arched Fellatio,Others,15,0.37%,
peaceful sleeping face,キャラ: Peaceful Sleeping Face,Character,15,0.37%,
a standing man,A Standing Man,Pose,15,0.37%,
pressed against chest,Pressed Against Chest,Others,15,0.37%,
source#sleeping,Source#sleeping,Others,15,0.37%,
、detailed eyes、shiny skin、glossy skin、detailed body、dynamic action shot illumination、dynamite erotic adulty body、come hither,キャラ: 、detailed Eyes、shiny Skin、glossy Skin、detailed Body、dynamic Action Shot Illumination、dynamite Erotic Adulty Body、come Hither,Character,15,0.37%,
white bunny ears,White Bunny Ears,Others,15,0.37%,
bow_tie,Bow Tie,Clothing,15,0.37%,
simple bedroom,Simple Bedroom,Background,15,0.37%,
artoria sleeping on chest,Artoria Sleeping On Chest,Others,15,0.37%,
nervous sweating,Nervous Sweating,Others,15,0.37%,
hirogaru sky! precure,Hirogaru Sky! Precure,Background,15,0.37%,
cum_in_mouth,口内射精,Character,0,0.00%,https://cdn.donmai.us/sample/5a/34/sample-5a345c38d7a86d07000c20b8e9b984f8.jpg
partially shaded body,Partially Shaded Body,Others,15,0.37%,
stray pubic hair,恥骨毛,Character,15,0.37%,
no text agnes tachyon umamusume,No Text Agnes Tachyon Umamusume,Others,15,0.37%,
erection under clothes,衣服の下の勃起,Clothing,15,0.37%,
target#pressed against,Target#pressed Against,Others,15,0.37%,
frilled_shirt_collar,フリルシャツの襟,Clothing,15,0.37%,
unworn bikini,Unworn Bikini,Clothing,15,0.37%,
face out of frame,キャラ: Face Out Of Frame,Character,15,0.37%,
breasts_out,胸が出ます,Character,0,0.00%,https://cdn.donmai.us/sample/2c/39/sample-2c3988173c3c2901076cebe8f8617fdd.webm
center opening,センターオープニング,Others,15,0.37%,
licking erection,Licking Erection,Others,15,0.37%,
lolita_hairband,ロリータヘアバンド,Character,15,0.37%,
talking,話している,Others,15,0.37%,
side-to-side,Side-to-side,Others,15,0.37%,
afrobull,afrobull,Style,14,0.34%,https://cdn.donmai.us/sample/cd/23/sample-cd235dce615965968a9291ca33655965.jpg
precocious smile,キャラ: Precocious Smile,Character,15,0.37%,
1 nude big brown skin man::  -2::male blush,キャラ: 1 Nude Big Brown Skin Man:: -2::male Blush,Character,15,0.37%,
kneepits,膝切り,Others,10,0.24%,https://cdn.donmai.us/sample/27/76/sample-27769977f2c0b2697254e03df55b8f00.jpg
soft blush,キャラ: Soft Blush,Character,15,0.37%,
detailed clothing wrinkles,Detailed Clothing Wrinkles,Clothing,15,0.37%,
1 boy,キャラ: 1 Boy,Character,15,0.37%,
gritting teeth,Gritting Teeth,Others,15,0.37%,
beach ball,Beach Ball,Others,15,0.37%,
target#hugging,Target#hugging,Others,15,0.37%,
no text  girl,キャラ: No Text Girl,Character,15,0.37%,
hug from behind,後ろから抱きしめます,Others,15,0.37%,
otoko no ko,otoko no ko,Others,15,0.37%,
from a man's back,From A Man's Back,Others,15,0.37%,
fellatio gesture,フェラティオジェスチャー,Others,15,0.37%,
、8K、detail up、high quality、best quality、The best degree of perfection,、8k、detail Up、high Quality、best Quality、the Best Degree Of Perfection,Quality,15,0.37%,
white dress,白ドレス,Clothing,15,0.37%,
Wrestle Angels,レスリングエンジェル,Others,15,0.37%,
::  3::arms behind back,:: 3::arms Behind Back,Pose,15,0.37%,
focus back,Focus Back,Others,15,0.37%,
lolita_fashion,ロリータファッション,Others,15,0.37%,
anime screencap、glamorous、erotic、1Wa0、4.5、Milkman style 、Sharp line art、azur lane animation illumination style、 anime coloring、vibrant colors、extremely beautiful face、perfect face,Anime Screencap、glamorous、erotic、1wa0、4.5、milkman Style 、sharp Line Art、azur Lane Animation Illumination Style、 Anime Coloring、vibrant Colors、extremely Beautiful Face、perfect Face風の絵柄,Style,15,0.37%,
source#hugging,Source#hugging,Others,15,0.37%,
bustling urban street,Bustling Urban Street,Background,15,0.37%,
emotionless,Emotionless,Others,15,0.37%,
face pressed against girl's chest,キャラ: Face Pressed Against Girl's Chest,Character,15,0.37%,
cuddling,抱きしめる,Others,15,0.37%,
excessive pubic hair,過度の陰毛,Character,15,0.37%,
face pressed against chest,キャラ: Face Pressed Against Chest,Character,15,0.37%,
-5::wide shot,-5::wide Shot,Others,15,0.37%,
slight open mouth,Slight Open Mouth,Background,15,0.37%,
wise_zenless_zone_zero,キャラ: Wise Zenless Zone Zero,Character,0,0.00%,https://cdn.donmai.us/sample/41/83/sample-41833b427b0e16849f521cc080daee8b.jpg
lace-trimmed panties,レーストリミングされたパンティー,Clothing,15,0.37%,
staring at artoria,Staring At Artoria,Others,15,0.37%,
long white sleeves,Long White Sleeves,Others,15,0.37%,
jumping,ジャンピング,Others,14,0.34%,https://safebooru.org/images/1095/46d7d16be173a2c40279eba4efb3b41632ec3894.jpg
year 2024~2026,Year 2024~2026,Others,15,0.37%,
dress_bow,弓を服用します,Clothing,15,0.37%,
black tank top,黒いタンクトップ,Others,15,0.37%,
knees together feet apart,足を離します,Others,15,0.37%,
pussy focus,Pussy Focus,Others,15,0.37%,
excessive cum,過度の精液,Others,15,0.37%,
dynamic interaction,Dynamic Interaction,Others,15,0.37%,
arms at side,Arms At Side,Pose,15,0.37%,
sora harewataru,Sora Harewataru,Others,15,0.37%,
feminine curves forming,Feminine Curves Forming,Others,14,0.34%,
ShenheGenshin Impact,Shenhegenshin Impact,Others,14,0.34%,
indie_virtual_youtuber,インディーバーチャルYouTuber,Copyright,0,0.00%,https://cdn.donmai.us/original/e9/53/e953c3800d47a96686700d1b0068d812.mp4
narrowed scornful teal eyes,キャラ: Narrowed Scornful Teal Eyes,Character,14,0.34%,
kirigaya suguhasword art online,Kirigaya Suguhasword Art Online,Others,14,0.34%,
desk,机,Others,7,0.17%,https://cdn.donmai.us/original/4f/e4/4fe4ce4e87c7b5ce44d7f44ddf1546ed.mp4
unworn swimsuit,Unworn Swimsuit,Clothing,14,0.34%,
extreme close-up of bare soles,Extreme Close-up Of Bare Soles,Others,14,0.34%,
lie down,Lie Down,Others,14,0.34%,
no text notice lines,No Text Notice Lines,Others,14,0.34%,
Japanese school,Japanese School,Others,14,0.34%,
:: 0.35::blood on penis,:: 0.35::blood On Penis,Others,14,0.34%,
glossy petals and nectar,Glossy Petals And Nectar,Others,14,0.34%,
dark::  on grass,Dark:: On Grass,Others,14,0.34%,
dark blue police shirt,Dark Blue Police Shirt,Clothing,14,0.34%,
scarf,マフラー,Others,8,0.20%,https://cdn.donmai.us/sample/a1/d5/sample-a1d5be4963ce9bdd563e4e92eda81752.webm
full of loathing,Full Of Loathing,Others,14,0.34%,
naughty_smile,キャラ: Naughty Smile,Character,14,0.34%,
average build,Average Build,Others,14,0.34%,
condescending arrogant gaze,Condescending Arrogant Gaze,Others,14,0.34%,
blushing softly,キャラ: Blushing Softly,Character,14,0.34%,
lying on person,人に横たわっている,Pose,14,0.34%,
detailed foot texture,Detailed Foot Texture,Others,14,0.34%,
sakamata chloe 1st costume hololive,Sakamata Chloe 1st Costume Hololive,Others,14,0.34%,
suit,スーツ,Others,9,0.22%,https://cdn.donmai.us/sample/e0/fc/sample-e0fcef684f71fb88841629d7be6d4f5f.jpg
butt focus,Butt Focus,Others,14,0.34%,
knees up,膝を上げます,Others,14,0.34%,
spread eagled cu chulainn fate,Spread Eagled Cu Chulainn Fate,Others,14,0.34%,
contemptuous disdainful eyes,キャラ: Contemptuous Disdainful Eyes,Character,14,0.34%,
left looking pose,Left Looking Pose,Pose,14,0.34%,
teasing disdainful face,キャラ: Teasing Disdainful Face,Character,14,0.34%,
storage,Storage,Others,14,0.34%,
love live!,ラブライブ!,Others,14,0.34%,
disgusted facial expression,Disgusted Facial Expression,Others,14,0.34%,
legs stretched forward,Legs Stretched Forward,Pose,14,0.34%,
dark pussy,Dark Pussy,Others,14,0.34%,
shiny wet foot skin,キャラ: Shiny Wet Foot Skin,Character,14,0.34%,
a single thin pink laser beam directed at her belly,A Single Thin Pink Laser Beam Directed At Her Belly,Others,14,0.34%,
2boys,二人の男の子,Character,3,0.07%,https://cdn.donmai.us/original/1f/6d/1f6d62116178b36bbe03a872d9c66d5b.png
penis penetration,Penis Penetration,Others,14,0.34%,
fangirl scream,キャラ: Fangirl Scream,Character,14,0.34%,
cool,Cool,Others,14,0.34%,
single character,Single Character,Others,14,0.34%,
tifa lockhart,Tifa Lockhart,Others,14,0.34%,
soft golden sunlight filtering through large white petals,Soft Golden Sunlight Filtering Through Large White Petals,Background,14,0.34%,
cute smile,キャラ: Cute Smile,Character,14,0.34%,
black bowtie,黒いボウタイ,Clothing,14,0.34%,
One eye is half-eyed and the other eye is wide open,One Eye Is Half-eyed And The Other Eye Is Wide Open,Others,14,0.34%,
white stockings,White Stockings,Clothing,14,0.34%,
days,Days,Background,14,0.34%,
storefronts,Storefronts,Others,14,0.34%,
middle finger gesture,Middle Finger Gesture,Others,14,0.34%,
fox ears,Fox Ears,Others,14,0.34%,
between_breasts,谷間,Character,0,0.00%,https://cdn.donmai.us/sample/cb/67/sample-cb67684f0e9401b02a98124b6047c44d.jpg
skin already turning soft green-pink with subtle flower patterns and glossy sheen,キャラ: Skin Already Turning Soft Green-pink With Subtle Flower Patterns And Glossy Sheen,Character,14,0.34%,
artist:binggong_asylum::` artist:cle_masahiro` artist:omone_hokoma_agm` artist:happoubi_jin` artist:mana_remana` artist:rororo` artist:derauea` artist:meion,絵師: binggong_asylum::` artist:cle_masahiro` artist:omone_hokoma_agm` artist:happoubi_jin` artist:mana_remana` artist:rororo` artist:derauea` artist:meion風,Style,14,0.34%,
on black  round mesh trampoline with black legs,On Black Round Mesh Trampoline With Black Legs,Pose,14,0.34%,
indoor Pro wrestling venue,Indoor Pro Wrestling Venue,Others,14,0.34%,
camisole,キャミソール,Others,4,0.10%,https://cdn.donmai.us/sample/27/12/sample-2712bc82dec2c0f6df0d6349123de3b9.jpg
touhou,東方Project,Copyright,0,0.00%,https://cdn.donmai.us/sample/d2/38/sample-d238343605573c3811bbd9df304b5812.jpg
male_pubic_hair,雄の毛,Character,0,0.00%,https://cdn.donmai.us/sample/b7/32/sample-b732705116af6569008ce63918bdadbf.jpg
sweet_lolita,甘いロリータ,Others,14,0.34%,
anal sex,Anal Sex,Others,14,0.34%,
undressing swimsuit,Undressing Swimsuit,Clothing,14,0.34%,
backlighting,逆光,Background,12,0.29%,https://cdn.donmai.us/original/fc/eb/fcebc0c369c2577dd3223aeaea76c702.mp4
deep green plant pantyhose and deep green plant long gloves with flower petal decorations,Deep Green Plant Pantyhose And Deep Green Plant Long Gloves With Flower Petal Decorations,Clothing,14,0.34%,
stelle honkai: star rail,Stelle Honkai: Star Rail,Others,14,0.34%,
small breasts beginning to develop,キャラ: Small Breasts Beginning To Develop,Character,14,0.34%,
disgust,嫌悪,Others,13,0.32%,https://cdn.donmai.us/original/07/30/0730af28957ed25cf362a0bfde7faa08.mp4
::  4::arms behind back,:: 4::arms Behind Back,Pose,14,0.34%,
back-view,Back-view,Others,14,0.34%,
blurry foreground,前景ぼかし,Others,14,0.34%,
bouncing breast,キャラ: Bouncing Breast,Character,14,0.34%,
two-handed sword,両手の剣,Pose,14,0.34%,
eyes out of frame,キャラ: Eyes Out Of Frame,Character,14,0.34%,
raising middle finger,Raising Middle Finger,Others,14,0.34%,
"looking_at_viewer
arona_blue_archive","Looking At Viewer
arona Blue Archive",Others,14,0.34%,
sidewalk,歩道,Others,14,0.34%,
yume_kawaii,Yume Kawaii,Others,14,0.34%,
cars,Cars,Others,14,0.34%,
detailed plant texture,Detailed Plant Texture,Others,14,0.34%,
smelly armpits,Smelly Armpits,Others,14,0.34%,
messy pubic hair,キャラ: Messy Pubic Hair,Character,14,0.34%,
thick arms,厚い腕,Pose,14,0.34%,
belle_zenless_zone_zero,キャラ: Belle Zenless Zone Zero,Character,0,0.00%,https://cdn.donmai.us/sample/97/41/sample-974180958a0a2546234b4c04dfe6ba72.jpg
black police jacket dramatically fluttering and billowing in the wind,Black Police Jacket Dramatically Fluttering And Billowing In The Wind,Others,14,0.34%,
light green plant skin with flower motifs,Light Green Plant Skin With Flower Motifs,Background,14,0.34%,
turn pale,血色が悪い,Others,14,0.34%,
torso grab,胴体掴み,Others,14,0.34%,
white blanket over shoulders,White Blanket Over Shoulders,Others,14,0.34%,
soft warm lighting,Soft Warm Lighting,Background,14,0.34%,
narrowed eyes,狭い目,Character,14,0.34%,
glowing pollen particles and sweet golden nectar droplets in air,Glowing Pollen Particles And Sweet Golden Nectar Droplets In Air,Others,14,0.34%,
staring at target as if looking at a dirty pig,Staring At Target As If Looking At A Dirty Pig,Others,14,0.34%,
low angle shot,Low Angle Shot,Others,14,0.34%,
artist:zergbrush,絵師: zergbrush風,Style,13,0.32%,
no face,キャラ: No Face,Character,13,0.32%,
ambient light,Ambient Light,Background,13,0.32%,
head_tilt,斜め顔,Others,6,0.15%,https://cdn.donmai.us/sample/02/d9/sample-02d9d43cdc3b4215822855d2cdd38cb4.jpg
pussy lines,Pussy Lines,Others,13,0.32%,
hay stacks,Hay Stacks,Others,13,0.32%,
stunning,Stunning,Others,13,0.32%,
digital illustration,Digital Illustration,Others,13,0.32%,
standing sex,スタンディングセックス,Pose,13,0.32%,
raised eyebrows,眉を上げた,Others,13,0.32%,
smartphone,スマートフォン,Others,4,0.10%,https://cdn.donmai.us/sample/01/14/sample-0114ed04a193913970ba908067dee00f.jpg
-,-,Others,13,0.32%,
smooth skin,キャラ: Smooth Skin,Character,13,0.32%,
hay,干し草,Others,13,0.32%,
detailed city background,Detailed City Background,Background,13,0.32%,
wooden interior,Wooden Interior,Others,13,0.32%,
denim shorts,デニムショートパンツ,Others,13,0.32%,
sneakers,スニーカー,Others,3,0.07%,https://cdn.donmai.us/sample/71/08/sample-710843d0d804beda99d08c57be545cbb.jpg
white partition curtains,White Partition Curtains,Others,13,0.32%,
elaborately designed clothes,Elaborately Designed Clothes,Clothing,13,0.32%,
finely detail,Finely Detail,Others,13,0.32%,
nighttime,Nighttime,Background,13,0.32%,
reaching towards viewer,Reaching Towards Viewer,Others,13,0.32%,
asphalt road,Asphalt Road,Others,13,0.32%,
anchorage_dolphins_and_swim_lessons_azur_lane,Anchorage Dolphins And Swim Lessons Azur Lane,Others,13,0.32%,
bikini slip,Bikini Slip,Clothing,13,0.32%,
*人物* 1girl,キャラ: *人物* 1girl,Character,13,0.32%,
denim_shorts,デニムショートパンツ,Others,4,0.10%,https://cdn.donmai.us/sample/66/7a/sample-667a434f1391d112d9623bd57afd2e21.jpg
locker room,ロッカールーム,Background,13,0.32%,
abstract,抽象的な,Others,13,0.32%,
delicate fingers,Delicate Fingers,Others,13,0.32%,
sensei_blue_archive,キャラ: Sensei Blue Archive,Character,0,0.00%,https://cdn.donmai.us/sample/80/e1/sample-80e18b632a41608b444fdc53ef5a9be4.jpg
revealing nipple,Revealing Nipple,Others,13,0.32%,
lying on stomach,うつ伏せ,Pose,13,0.32%,
toned,トーン,Others,9,0.22%,https://cdn.donmai.us/sample/88/ab/sample-88ab6245c8296632448bcd4609e49481.jpg
flashlight,懐中電灯,Background,12,0.29%,https://safebooru.org/images/1095/6302fc26e0c5da1cd87fdf3bfecd1a03917a69fb.jpg
crowd of people in background,Crowd Of People In Background,Background,13,0.32%,
-3::revealing pussy,-3::revealing Pussy,Others,13,0.32%,
green hair,素黒髪,Character,13,0.32%,
pink skirt,ピンクのスカート,Clothing,13,0.32%,
tight pants,タイトなズボン,Others,13,0.32%,
wavy hair,ウェーブのかかった髪,Character,13,0.32%,
penguin_hair_ornament,ペンギンの髪の飾り,Character,0,0.00%,https://cdn.donmai.us/sample/dc/d8/sample-dcd8fbf97189b16629e9d9ed8a703d5e.jpg
-3::pillow,-3::pillow,Others,13,0.32%,
fat male,Fat Male,Others,13,0.32%,
many passersby,Many Passersby,Others,13,0.32%,
commander_nikke,キャラ: Commander Nikke,Character,0,0.00%,https://cdn.donmai.us/original/14/2a/142ad5af2d9c931746bcb0111d140940.jpg
buildings,Buildings,Others,13,0.32%,
streetlights,Streetlights,Background,13,0.32%,
faceless man,キャラ: Faceless Man,Character,13,0.32%,
sportswear,スポーツウェア,Others,4,0.10%,https://cdn.donmai.us/sample/a6/0c/sample-a60c792b047c553b43f578eb204dbb9f.jpg
looking at penis,ペニスを見ています,Others,13,0.32%,
looking slightly away,Looking Slightly Away,Background,13,0.32%,
goddess_of_victory:_nikke_game_cg,Goddess Of Victory: Nikke Game Cg,Others,13,0.32%,
-10::artist collaboration,-10::artist Collaboration,Others,13,0.32%,
hair_spread_out,髪が広がっています,Character,0,0.00%,https://cdn.donmai.us/sample/e9/1e/sample-e91ec0a699b3335ee573dcf747b66bd1.jpg
crazy smile,クレイジーな笑顔,Character,13,0.32%,
dark background,暗い背景,Background,13,0.32%,
french kiss,フレンチ・キス,Others,13,0.32%,
breasts_apart,胸は離れています,Character,0,0.00%,https://cdn.donmai.us/sample/09/a2/sample-09a2eb270799373cd7a725ac769a4510.jpg
intact full attire,Intact Full Attire,Others,13,0.32%,
dashing,威勢のいい,Others,13,0.32%,
front view,Front View,Others,13,0.32%,
kousaka reina,クサカ・レイナ,Others,13,0.32%,
wide shoulders,Wide Shoulders,Others,13,0.32%,
rialistic skin,キャラ: Rialistic Skin,Character,13,0.32%,
starry eyes,キャラ: Starry Eyes,Character,13,0.32%,
:: girl,キャラ: :: Girl,Character,13,0.32%,
breasts squeezed together,キャラ: Breasts Squeezed Together,Character,13,0.32%,
garter belt,ガーターベルト,Others,13,0.32%,
flipped skirt,Flipped Skirt,Clothing,13,0.32%,
target#being close,Target#being Close,Others,13,0.32%,
glowing eyes,輝く目,Character,13,0.32%,
shade in skirt,Shade In Skirt,Clothing,13,0.32%,
final fantasy vii,ファイナルファンタジーVII,Others,13,0.32%,
haystacks,Haystacks,Others,13,0.32%,
tribal,部族,Others,13,0.32%,
emphasizing feminine curves,Emphasizing Feminine Curves,Others,13,0.32%,
hyper detailed skin,キャラ: Hyper Detailed Skin,Character,13,0.32%,
OK sign in front of mouth,キャラ: Ok Sign In Front Of Mouth,Character,13,0.32%,
sunna_zenless_zone_zero,キャラ: Sunna Zenless Zone Zero,Character,0,0.00%,https://cdn.donmai.us/sample/59/92/sample-5992d4eb9cb7f4510c51f6e3f421538e.jpg
soft smile,キャラ: Soft Smile,Character,13,0.32%,
idolmaster million live!,Idolmaster Million Live！,Others,13,0.32%,
sharp eye,Sharp Eye,Others,13,0.32%,
artist:xiangzi box,絵師: xiangzi box風,Style,13,0.32%,
barn,納屋,Others,13,0.32%,
pencil skirt,鉛筆スカート,Clothing,13,0.32%,
grabbing another's breast,キャラ: Grabbing Another's Breast,Character,13,0.32%,
ass ripple,お尻の波紋,Others,13,0.32%,
OK sign,OKサイン,Others,13,0.32%,
dongtan dress,Dongtan Dress,Clothing,13,0.32%,
-2::skies,-2::skies,Others,13,0.32%,
nursing room,Nursing Room,Background,13,0.32%,
pink gas,Pink Gas,Others,13,0.32%,
frown,眉をひそめる,Others,9,0.22%,https://cdn.donmai.us/sample/01/14/sample-0114ed04a193913970ba908067dee00f.jpg
viewfinder,ViewFinder,Others,8,0.20%,https://cdn.donmai.us/sample/85/d0/sample-85d05e270a2b63f46af8e4ac372d9e3c.jpg
wet skin,キャラ: Wet Skin,Character,13,0.32%,
push-ups,腕立て伏せ,Others,12,0.29%,https://cdn.donmai.us/sample/ed/1a/sample-ed1afa972a374287897067fa9d2874f9.jpg
spot color,スポットカラー,Others,12,0.29%,
black curtains,Black Curtains,Others,12,0.29%,
new game!,新しいゲーム！,Others,12,0.29%,
excellent,Excellent,Others,12,0.29%,
Vignetting,vignetting,Others,12,0.29%,
erotic pollen transformation and vine restraint,Erotic Pollen Transformation And Vine Restraint,Others,12,0.29%,
artist:ask askzy,絵師: ask askzy風,Style,12,0.29%,
smell,匂い,Others,12,0.29%,
dye,Dye,Others,12,0.29%,
changing clothes,着替え,Clothing,12,0.29%,
arms wrapped intimately around her waist,Arms Wrapped Intimately Around Her Waist,Pose,12,0.29%,
darkness,暗闇,Others,12,0.29%,
taimanin suit,タイマニンスーツ,Others,12,0.29%,
finger penetration,Finger Penetration,Others,12,0.29%,
monochrome hair,キャラ: Monochrome Hair,Character,12,0.29%,
facing to the side,横に向いています,Others,12,0.29%,
skrit tug,Skrit Tug,Others,12,0.29%,
white socks,白い靴下,Clothing,12,0.29%,
aroused expression,Aroused Expression,Others,12,0.29%,
rape,レイプ,Others,9,0.22%,https://cdn.donmai.us/sample/4d/a5/sample-4da56c6858f6a89762b75346e5ecc6a9.jpg
wavy_mouth,波状の口,Character,4,0.10%,https://cdn.donmai.us/sample/46/70/sample-46709db175557e95a41578c8cae215b9.jpg
refreshing expression,Refreshing Expression,Others,12,0.29%,
1other,1人,Others,5,0.12%,https://cdn.donmai.us/sample/8a/39/sample-8a39aa78fdf629dbbac21a5414393438.webm
artist:nineo,絵師: nineo風,Style,12,0.29%,
affectionate and happy expression,Affectionate And Happy Expression,Others,12,0.29%,
pastels,パステル,Others,12,0.29%,
Lying on her back on floor,Lying On Her Back On Floor,Pose,12,0.29%,
luciana_de_montefio,キャラ: Luciana De Montefio,Character,3,0.07%,https://cdn.donmai.us/sample/93/34/sample-93348eedf2f5f2593edb9dd90969ceed.jpg
train station platform,駅のプラットフォーム,Others,12,0.29%,
bocchi the rock!,ボッキ・ザ・ロック！,Others,12,0.29%,
chin resting on her shoulder,Chin Resting On Her Shoulder,Others,12,0.29%,
exaggerated absurd detailed sexual features,Exaggerated Absurd Detailed Sexual Features,Others,12,0.29%,
sitting on chair,Sitting On Chair,Pose,12,0.29%,
wide  hips,Wide Hips,Others,12,0.29%,
::  d0::enim shorts aside,:: D0::enim Shorts Aside,Others,12,0.29%,
eyes wide open,キャラ: Eyes Wide Open,Character,12,0.29%,
*画质* masterpiece,*画质* Masterpiece,Others,12,0.29%,
thigh-highs,Thigh-highs,Others,4,0.10%,https://safebooru.org/images/1095/43d77b197205a67a05def66e4ddee5e34a6c37c4.png
*画风* 1.2::artist:nonokuro,*画风* 1.2::nonokuro,Others,12,0.29%,
bara,BL ( 薔薇 ),Others,12,0.29%,
black walls,Black Walls,Background,12,0.29%,
glossy hair,キャラ: Glossy Hair,Character,12,0.29%,
beautiful detailed eyes,キャラ: Beautiful Detailed Eyes,Character,12,0.29%,
voyeur,Voyeur,Others,12,0.29%,
blushing,キャラ: Blushing,Character,12,0.29%,
black mini skirt,Black Mini Skirt,Clothing,12,0.29%,
artist:bee deadflow,絵師: bee deadflow風,Style,12,0.29%,
Artoria Pendragon Alter Saber Alter riding black armored motorcycle Cuirassier Noir at high speed,Artoria Pendragon Alter Saber Alter Riding Black Armored Motorcycle Cuirassier Noir At High Speed,Others,12,0.29%,
bright happy smile,キャラ: Bright Happy Smile,Character,12,0.29%,
animal ears,獣耳,Others,12,0.29%,
exquisite 2D anime style,Exquisite 2d Anime Style風の絵柄,Style,12,0.29%,
gently spraying glowing sweet pollen onto him,Gently Spraying Glowing Sweet Pollen Onto Him,Others,12,0.29%,
akimoto katherine reiko,秋本キャサリン・レイコ,Others,12,0.29%,
absurdres girl,キャラ: Absurdres Girl,Character,12,0.29%,
yangyang_wuthering waves,Yangyang Wuthering Waves,Others,12,0.29%,
-2::flat color,-2::flat Color,Others,12,0.29%,
body pressed tightly against her back,Body Pressed Tightly Against Her Back,Others,12,0.29%,
very sexy,Very Sexy,Others,12,0.29%,
watercolor medium,Watercolor Medium,Others,12,0.29%,
cool and dashing vibe,Cool And Dashing Vibe,Others,12,0.29%,
*服装* 2::alternate costume,*服装* 2::alternate Costume,Others,12,0.29%,
slim,Slim,Others,12,0.29%,
pajamas,パジャマ,Others,10,0.24%,https://cdn.donmai.us/sample/1a/54/sample-1a54d35f6e551567c95078301d486de4.jpg
pink jacket,ピンクのジャケット,Others,12,0.29%,
shiny,光,Others,12,0.29%,
kisaki_blue_archive,キャラ: Kisaki Blue Archive,Character,0,0.00%,https://cdn.donmai.us/sample/60/83/sample-608355583502f026c35103a5683b4bd8.jpg
specter arknights cosplay,Specter Arknights Cosplay,Background,12,0.29%,
cum on face,キャラ: Cum On Face,Character,12,0.29%,
abs,腹筋,Others,3,0.07%,https://cdn.donmai.us/sample/d4/7f/sample-d47fa142dedf167f45519e7f5fea92fb.jpg
chest pockets,Chest Pockets,Others,12,0.29%,
crown,王冠,Others,10,0.24%,https://cdn.donmai.us/sample/2c/86/sample-2c865241761a042b67ed16ed4ffcfa84.jpg
squirting from pussy,Squirting From Pussy,Others,12,0.29%,
zoomed in face,キャラ: Zoomed In Face,Character,12,0.29%,
1girlcure arcana-shadowstar-detective_precure,1girlcure Arcana-shadowstar-detective Precure,Background,12,0.29%,
facing each other,Facing Each Other,Others,12,0.29%,
long flowing green hair with flower accessories,キャラ: Long Flowing Green Hair With Flower Accessories,Character,12,0.29%,
hood down,フードダウン,Others,12,0.29%,
Takeuchi Takashi style,Takeuchi Takashi Style風の絵柄,Style,12,0.29%,
very tight pencil skirt,Very Tight Pencil Skirt,Clothing,12,0.29%,
glitter,キラキラ,Others,12,0.29%,
official Fate/Grand Order art,Official Fate/grand Order Art,Others,12,0.29%,
ashley_graves the_coffin_of_andy_and_leyley,Ashley Graves The Coffin Of Andy And Leyley,Others,12,0.29%,
vignetting,vignetting,Others,12,0.29%,
Empty eyes,空の目,Character,12,0.29%,
pink heels,Pink Heels,Others,12,0.29%,
on her back,On Her Back,Others,12,0.29%,
sword clashduel,Sword Clashduel,Others,12,0.29%,
live studio,Live Studio,Others,12,0.29%,
armpit hair,わき毛,Character,12,0.29%,
two small blooming flowers on flexible vines extending toward his face and chest,キャラ: Two Small Blooming Flowers On Flexible Vines Extending Toward His Face And Chest,Character,12,0.29%,
stoic beauty,Stoic Beauty,Others,12,0.29%,
detailed clothes,Detailed Clothes,Clothing,12,0.29%,
wearing semi-transparent plant-like bodysuit and plant pantyhose formed by living vines and flower petals that naturally cover and accentuate the body,Wearing Semi-transparent Plant-like Bodysuit And Plant Pantyhose Formed By Living Vines And Flower Petals That Naturally Cover And Accentuate The Body,Clothing,12,0.29%,
artist:na tarapisu153,絵師: na tarapisu153風,Style,12,0.29%,
fate/grand_order,Fate/Grand Order,Copyright,0,0.00%,https://cdn.donmai.us/sample/92/28/sample-9228640ac372587029c69325d9ba3e53.jpg
bottom up,Bottom Up,Others,12,0.29%,
artist:sos_adult,絵師: sos_adult風,Style,12,0.29%,
dark blue very tight pencil skirt,Dark Blue Very Tight Pencil Skirt,Clothing,12,0.29%,
horrified,恐ろしい,Others,12,0.29%,
limited palette,限られたパレット,Others,12,0.29%,
curvy body,Curvy Body,Others,12,0.29%,
reverse bunny suit,Reverse Bunny Suit,Others,12,0.29%,
artist:liduke,絵師: liduke風,Style,12,0.29%,
dust cloud,ダストクラウド,Others,12,0.29%,
slightly open mouth,Slightly Open Mouth,Background,12,0.29%,
fujimaru ritsuka male,Fujimaru Ritsuka Male,Others,12,0.29%,
artist:healthyman,絵師: healthyman風,Style,12,0.29%,
cunnilingus,Cunnilingus,Others,9,0.22%,https://cdn.donmai.us/sample/d4/7f/sample-d47fa142dedf167f45519e7f5fea92fb.jpg
shattered,粉々になった,Clothing,12,0.29%,
confident and joyful,Confident And Joyful,Others,12,0.29%,
black shiny pantyhose,Black Shiny Pantyhose,Clothing,12,0.29%,
anime key visual,Anime Key Visual,Others,12,0.29%,
drink,飲む,Others,4,0.10%,https://cdn.donmai.us/sample/46/ec/sample-46ec907e03195055e1fd962e7618da1a.jpg
third ascension,Third Ascension,Others,12,0.29%,
walking,歩く,Others,12,0.29%,
action,アクション,Others,12,0.29%,
harem,ハーレム,Others,8,0.20%,https://cdn.donmai.us/sample/7e/59/sample-7e59a38b73f0c1f20f233c7d3bf28fba.jpg
Mole,ほくろ,Others,12,0.29%,https://cdn.donmai.us/sample/c7/61/sample-c7610c35d68638f54725f95fa75de6da.jpg
belt with silver buckle,Belt With Silver Buckle,Others,12,0.29%,
houkisei,Houkisei,Others,12,0.29%,
hiiragi_yuuichi,hiiragi yuichi,Others,12,0.29%,
oekaki,お絵描き掲示板風 (レトロWebお絵かき),Others,12,0.29%,
dawn pokemon,Dawn Pokemon,Others,12,0.29%,
-2::small floating hearts,-2::small Floating Hearts,Others,12,0.29%,
perspective view,Perspective View,Others,12,0.29%,
on one knee,On One Knee,Others,12,0.29%,
chromatic aberration,色収差,Others,12,0.29%,
from direct below,From Direct Below,Others,12,0.29%,
knees,膝,Others,10,0.24%,https://cdn.donmai.us/sample/6d/39/sample-6d39ee82c0c2c2b33a62ce8389d5d3ba.jpg
crossed swords,交差した剣,Others,12,0.29%,
Fujimaru Ritsuka male,Fujimaru Ritsuka Male,Others,12,0.29%,
"::
long hair","キャラ: ::
long Hair",Character,12,0.29%,
hidden camera,隠しカメラ,Others,12,0.29%,
?,？,Others,3,0.07%,https://cdn.donmai.us/sample/6e/1c/sample-6e1c9c89a71153ac861f96e50694e385.jpg
anatomical nonsense,解剖学的ナンセンス,Others,12,0.29%,
torn clothes,服ビリ,Clothing,12,0.29%,
arm behind back,後ろの腕,Others,12,0.29%,
shame,恥,Others,12,0.29%,
hoodie,パーカー,Others,3,0.07%,https://cdn.donmai.us/sample/01/14/sample-0114ed04a193913970ba908067dee00f.jpg
erotic,Erotic,Others,12,0.29%,
furrowed brow,溝のある眉,Others,12,0.29%,
dark purple lighting,Dark Purple Lighting,Background,12,0.29%,
thickthighs,キャラ: Thickthighs,Character,12,0.29%,
long_hair_between_eyes,キャラ: Long Hair Between Eyes,Character,0,0.00%,https://cdn.donmai.us/sample/16/f0/sample-16f013f7c94dccaf879cb8fbd2afb968.jpg
artist:doremidoremi4704,絵師: doremidoremi4704風,Style,12,0.29%,
horse tail,馬の尾,Others,12,0.29%,
yellow bikini,黄色のビキニ,Clothing,12,0.29%,
no text 2::giantess,No Text 2::giantess,Others,12,0.29%,
visible erection bulge under the plant fabric,Visible Erection Bulge Under The Plant Fabric,Others,12,0.29%,
Voyeur,Voyeur,Others,12,0.29%,
mashiro meme,Mashiro Meme,Others,12,0.29%,
oily breats,Oily Breats,Others,11,0.27%,
Amorous,Amorous,Others,11,0.27%,
one installing glowing breast expansion module while softly kissing his neck,キャラ: One Installing Glowing Breast Expansion Module While Softly Kissing His Neck,Character,11,0.27%,
holding blanket,毛布を持っています,Pose,11,0.27%,
black suit,黒いスーツ,Others,11,0.27%,
hair ribbons,Hair Ribbons,Clothing,11,0.27%,
cutesexyrobutts,Cutesexyrobutts,Style,10,0.24%,
exaggerated feminine robot curves plump breasts,キャラ: Exaggerated Feminine Robot Curves Plump Breasts,Character,11,0.27%,
shiranui mai,シラヌイマイ,Others,11,0.27%,
red eyes warm and affectionate with gentle smile,キャラ: Red Eyes Warm And Affectionate With Gentle Smile,Character,11,0.27%,
navy \navy.blue\,Navy \navy.blue\,Others,11,0.27%,
the other adjusting and caressing his glowing stockings and inner thighs with precise mechanical fingers,The Other Adjusting And Caressing His Glowing Stockings And Inner Thighs With Precise Mechanical Fingers,Clothing,11,0.27%,
red skirt,赤スカート,Clothing,11,0.27%,
artificially forced youthful petite proportions on 18-year-old male,Artificially Forced Youthful Petite Proportions On 18-year-old Male,Others,11,0.27%,
gentle intimate atmosphere like early illustrations,Gentle Intimate Atmosphere Like Early Illustrations,Others,11,0.27%,
slight low angle,Slight Low Angle,Background,11,0.27%,
holding straps,Holding Straps,Pose,11,0.27%,
asui tsuyu,asui tsuyu,Others,11,0.27%,
mechanical seams on neck/shoulders/thighs,キャラ: Mechanical Seams On Neck/shoulders/thighs,Character,11,0.27%,
arifureta shokugyou de sekai saikyou,arifureta shokugyou de sekai saikyou,Others,11,0.27%,
full coverage,Full Coverage,Others,11,0.27%,
partial transparent torso showing internal circuits and wires,Partial Transparent Torso Showing Internal Circuits And Wires,Others,11,0.27%,
wearing soft white ribbed sweater and comfortable shorts,Wearing Soft White Ribbed Sweater And Comfortable Shorts,Background,11,0.27%,
glowing mechanical stockings semi-transparent with flowing neon patterns and visible mechanical joints at knees,Glowing Mechanical Stockings Semi-transparent With Flowing Neon Patterns And Visible Mechanical Joints At Knees,Clothing,11,0.27%,
-1.5::simple background :: \u00a0-3::simple illustration,-1.5::simple Background :: \u00a0-3::simple Illustration,Background,11,0.27%,
mechanical arms and cables,Mechanical Arms And Cables,Pose,11,0.27%,
in water,水中で,Others,11,0.27%,
"just like this~"" atmosphere","Just Like This~"" Atmosphere",Others,11,0.27%,
exposed mechanical hip joints,Exposed Mechanical Hip Joints,Pose,11,0.27%,
lace bra,レースブラ,Clothing,11,0.27%,
artist:ame_uten cacel,絵師: ame_uten cacel風,Style,11,0.27%,
large strap-on,Large Strap-on,Others,11,0.27%,
rover_wuthering_waves,キャラ: Rover Wuthering Waves,Character,0,0.00%,https://cdn.donmai.us/sample/66/7a/sample-667a434f1391d112d9623bd57afd2e21.jpg
artist:dishwasher1910,絵師: dishwasher1910風,Style,11,0.27%,
Sandronegenshin impact,Sandronegenshin Impact,Others,11,0.27%,
mouse_girl,マウスガール,Character,0,0.00%,https://cdn.donmai.us/sample/46/fe/sample-46fef0694b95d9bbd9e0f43e37c01a86.jpg
crotch area extremely tight and revealing with obvious thick erection bulge and precum stain,Crotch Area Extremely Tight And Revealing With Obvious Thick Erection Bulge And Precum Stain,Others,11,0.27%,
short messy hair with glowing synthetic extensions,キャラ: Short Messy Hair With Glowing Synthetic Extensions,Character,11,0.27%,
super fine illustration,Super Fine Illustration,Others,11,0.27%,
slit_pupils,スリット生徒,Others,4,0.10%,https://cdn.donmai.us/sample/54/2d/sample-542d1ed97547b4afa4a3e4bd92c512c0.jpg
close together,Close Together,Others,11,0.27%,
hair tucking,髪を刻む,Character,11,0.27%,
delicate feminine face with heavy blush,キャラ: Delicate Feminine Face With Heavy Blush,Character,11,0.27%,
androgynous young male,Androgynous Young Male,Others,11,0.27%,
Black many tattoo on full BODY,Black Many Tattoo On Full Body,Others,11,0.27%,
cheerleader,チアリーダー,Others,6,0.15%,https://cdn.donmai.us/sample/14/17/sample-1417643d24e2d32ad9a93478d1f1f24d.jpg
one hand tenderly placed on his waist guiding posture,One Hand Tenderly Placed On His Waist Guiding Posture,Pose,11,0.27%,
fiting,Fiting,Others,11,0.27%,
looking at phone,電話を見ています,Others,11,0.27%,
hips raised high,Hips Raised High,Others,11,0.27%,
tender erotic caring mood,Tender Erotic Caring Mood,Others,11,0.27%,
white collard shirt,White Collard Shirt,Clothing,11,0.27%,
lowleg,ローレッグ,Others,10,0.24%,https://cdn.donmai.us/sample/01/00/sample-0100cb4e45a9868ba44c6be433a6510e.jpg
yani_neko,作品: Yani Neko,Copyright,0,0.00%,https://cdn.donmai.us/sample/0f/7e/sample-0f7e9c8a129be93fda6cb87869d4ce21.jpg
soft warm morning light from window,Soft Warm Morning Light From Window,Background,11,0.27%,
symmetrical background,Symmetrical Background,Background,11,0.27%,
norma_hollowell,キャラ: Norma Hollowell,Character,0,0.00%,https://cdn.donmai.us/original/ad/b0/adb0a0c9c6554f16f2b290f0eb20b3ec.mp4
black choker,ブラックチョーカー,Others,11,0.27%,
fate/grand order style,Fate/grand Order Style風の絵柄,Style,11,0.27%,
near distance shot,Near Distance Shot,Others,11,0.27%,
full body both characters large centered dominating frame,Full Body Both Characters Large Centered Dominating Frame,Others,11,0.27%,
looking at artoria,Looking At Artoria,Others,11,0.27%,
1 loli,1 Loli,Others,11,0.27%,
artist:lunch_shin new,絵師: lunch_shin new風,Style,11,0.27%,
sinking into tender paradise,Sinking Into Tender Paradise,Others,11,0.27%,
mature beautiful face,キャラ: Mature Beautiful Face,Character,11,0.27%,
pressing against,Pressing Against,Others,11,0.27%,
high sheen tightly wrapping thick thighs,キャラ: High Sheen Tightly Wrapping Thick Thighs,Character,11,0.27%,
white kimono,白い着物,Others,11,0.27%,
pixiv contest winner,Pixiv Contest Winner,Others,11,0.27%,
pink hair ribbon,Pink Hair Ribbon,Clothing,11,0.27%,
seductive mechanical details,Seductive Mechanical Details,Others,11,0.27%,
black sclera,黒硬化,Others,11,0.27%,
spade tattoo,スペードタトゥー,Others,11,0.27%,
alina clover,Alina Clover,Others,11,0.27%,
tachi-e,Tachi-e,Others,11,0.27%,
centered composition,Centered Composition,Others,11,0.27%,
100 layers,100 Layers,Others,11,0.27%,
silhouette,シルエット,Others,10,0.24%,https://cdn.donmai.us/sample/e2/60/sample-e260faddd22a0a212657e9a8e60f7f07.jpg
advanced futuristic transformation laboratory,Advanced Futuristic Transformation Laboratory,Others,11,0.27%,
sleek armored plates on shoulders/legs and one more humanoid beautiful female robot,Sleek Armored Plates On Shoulders/legs And One More Humanoid Beautiful Female Robot,Pose,11,0.27%,
high collar,ハイカラー,Others,11,0.27%,
dominant girl,キャラ: Dominant Girl,Character,11,0.27%,
yaegashi shizuku,Yaegashi Shizuku,Others,11,0.27%,
checkered skirt,チェッカースカート,Clothing,11,0.27%,
from the side girl,キャラ: From The Side Girl,Character,11,0.27%,
short dark brown hair,キャラ: Short Dark Brown Hair,Character,11,0.27%,
source#caring,Source#caring,Others,11,0.27%,
extremely tight light grey  pantyhose 80D non-see-through clinging to thick soft thighs and plump ass,Extremely Tight Light Grey Pantyhose 80d Non-see-through Clinging To Thick Soft Thighs And Plump Ass,Clothing,11,0.27%,
oouso,Oouso,Others,11,0.27%,
areola slip,アレオラスリップ,Others,11,0.27%,
yaoyorozu momo,ヤヨロズモモ,Others,11,0.27%,
pulling straps,Pulling Straps,Others,11,0.27%,
draping,Draping,Others,11,0.27%,
swing,スイング,Others,11,0.27%,
moist,Moist,Others,11,0.27%,
high detailed,High Detailed,Others,11,0.27%,
hands hold weapon,Hands Hold Weapon,Pose,11,0.27%,
orange bikini,オレンジビキニ,Clothing,11,0.27%,
artist:yuki_asayuki101,絵師: yuki_asayuki101風,Style,11,0.27%,
button gap,ボタンギャップ,Others,11,0.27%,
pink light,Pink Light,Background,11,0.27%,
cozy bedroom,Cozy Bedroom,Background,11,0.27%,
character in center,Character In Center,Others,11,0.27%,
they are forcibly yet extremely gently transforming him: the two mechanical robots firmly restraining his arms and legs with strong but tender metallic grips and soft energy fields,They Are Forcibly Yet Extremely Gently Transforming Him: The Two Mechanical Robots Firmly Restraining His Arms And Legs With Strong But Tender Metallic Grips And Soft Energy Fields,Pose,11,0.27%,
doing gentle yoga pose downward facing dog,Doing Gentle Yoga Pose Downward Facing Dog,Pose,11,0.27%,
2koma,2koma,Others,4,0.10%,https://cdn.donmai.us/sample/44/1b/sample-441be24a50221cbbe953f65239321b8e.jpg
glossy reflections on bodysuit and stockings,Glossy Reflections On Bodysuit And Stockings,Clothing,11,0.27%,
artist:bonnie,絵師: bonnie風,Style,11,0.27%,
crotch seam,股の縫い目,Others,11,0.27%,
very intimate and caring touch,Very Intimate And Caring Touch,Others,11,0.27%,
hands up,両手を上げる,Pose,11,0.27%,
japanese anime style,Japanese Anime Style風の絵柄,Style,11,0.27%,
two highly mechanical female robots strong tech/mechanical appearance: exposed silver metallic arms with visible joints and pistons,Two Highly Mechanical Female Robots Strong Tech/mechanical Appearance: Exposed Silver Metallic Arms With Visible Joints And Pistons,Pose,11,0.27%,
gentle gaze,Gentle Gaze,Others,11,0.27%,
no text flat chest,No Text Flat Chest,Others,11,0.27%,
clueless,無知,Others,11,0.27%,
detailed thick genital bulge and precum,Detailed Thick Genital Bulge And Precum,Others,11,0.27%,
clear picture,Clear Picture,Others,11,0.27%,
wearing highly erotic semi-transparent high-tech restraint bodysuit: glossy translucent black-purple material with glowing blue circuit lines,Wearing Highly Erotic Semi-transparent High-tech Restraint Bodysuit: Glossy Translucent Black-purple Material With Glowing Blue Circuit Lines,Others,11,0.27%,
all in tight futuristic tech-nurse suits with mechanical accents,All In Tight Futuristic Tech-nurse Suits With Mechanical Accents,Others,11,0.27%,
danimaru,ダニマル,Others,11,0.27%,
blue,Blue,Others,11,0.27%,
the third humanoid robot gently holding his face and kissing his lips lovingly,The Third Humanoid Robot Gently Holding His Face And Kissing His Lips Lovingly,Pose,11,0.27%,
holographic displays,Holographic Displays,Others,11,0.27%,
naruse mio,Naruse Mio,Others,11,0.27%,
small penis,小さなペニス,Others,11,0.27%,
highly erotic,Highly Erotic,Others,11,0.27%,
scathach fgo kneeling closely behind him,Scathach Fgo Kneeling Closely Behind Him,Pose,11,0.27%,
mikozin,ミコジン,Others,11,0.27%,
artist:marushin_denwa0214,絵師: marushin_denwa0214風,Style,11,0.27%,
puffy chest,ふくらんでいる胸,Others,11,0.27%,
sleek metallic walls,Sleek Metallic Walls,Background,11,0.27%,
glowing red-purple eyes,キャラ: Glowing Red-purple Eyes,Character,11,0.27%,
1boy fujimaru ritsuka male,キャラ: 1boy Fujimaru Ritsuka Male,Character,11,0.27%,
cow print thigh-highs,Cow Print Thigh-highs,Others,11,0.27%,
strong sense of space and depth,Strong Sense Of Space And Depth,Others,11,0.27%,
transparent pod,Transparent Pod,Others,11,0.27%,
"""relax your body","""relax Your Body",Others,11,0.27%,
extreme contrast between strong robotic forced feminization and overwhelming gentle loving affection,Extreme Contrast Between Strong Robotic Forced Feminization And Overwhelming Gentle Loving Affection,Others,11,0.27%,
muscular male,筋肉質の男性,Others,11,0.27%,
shortness of breath,Shortness Of Breath,Others,11,0.27%,
soft fabric,Soft Fabric,Others,11,0.27%,
hara_kenshi,ハラ・ケンシ,Others,11,0.27%,
lost in pleasure,Lost In Pleasure,Others,11,0.27%,
care,Care,Others,11,0.27%,
glowing circuits,Glowing Circuits,Others,11,0.27%,
Black earrings,Black Earrings,Others,11,0.27%,
body arching in pleasure despite forced restraint,Body Arching In Pleasure Despite Forced Restraint,Others,11,0.27%,
yoga mat on wooden floor,Yoga Mat On Wooden Floor,Background,11,0.27%,
back to back,Back To Back,Others,11,0.27%,
satou_yaniko,キャラ: Satou Yaniko,Character,0,0.00%,https://cdn.donmai.us/sample/0f/7e/sample-0f7e9c8a129be93fda6cb87869d4ce21.jpg
dungeon,ダンジョン,Others,11,0.27%,
Girls' Clothing,Girls' Clothing,Clothing,11,0.27%,
cold futuristic blue-purple neon lighting,Cold Futuristic Blue-purple Neon Lighting,Background,11,0.27%,
sousou_no_frieren,sousou no frieren,Copyright,0,0.00%,https://cdn.donmai.us/sample/59/38/sample-593811c3cb3703eea35b27aacd81ef39.jpg
lying on bed,Lying On Bed,Pose,11,0.27%,
light,ライト,Background,11,0.27%,
no sarong,No Sarong,Others,11,0.27%,
glowing purple circuit tattoos under skin,キャラ: Glowing Purple Circuit Tattoos Under Skin,Character,11,0.27%,
deep cleavage cutout exposing black lace bra underneath,Deep Cleavage Cutout Exposing Black Lace Bra Underneath,Clothing,11,0.27%,
highly sexualized femboy robot half-transformation,キャラ: Highly Sexualized Femboy Robot Half-transformation,Character,11,0.27%,
faces extremely close,キャラ: Faces Extremely Close,Character,11,0.27%,
*画面* 2::cowboy shot,キャラ: *画面* 2::cowboy Shot,Character,11,0.27%,
cynthia pokemon,Cynthia Pokemon,Others,11,0.27%,
fountain,噴水,Others,11,0.27%,
parted bangs,センター分け,Others,11,0.27%,
dramatic volumetric light,Dramatic Volumetric Light,Background,11,0.27%,
braided bun,編組パン,Clothing,11,0.27%,
black strap-on,Black Strap-on,Others,11,0.27%,
11 years old,11 Years Old,Others,11,0.27%,
caring smile,キャラ: Caring Smile,Character,11,0.27%,
all with affectionate warm smiles,キャラ: All With Affectionate Warm Smiles,Character,11,0.27%,
no panties underneath,No Panties Underneath,Clothing,11,0.27%,
standing with leaning against  metal mesh wall,Standing With Leaning Against Metal Mesh Wall,Pose,11,0.27%,
feminine delicate face,キャラ: Feminine Delicate Face,Character,11,0.27%,
black_bodysuit,ブラックボディスーツ,Others,6,0.15%,https://cdn.donmai.us/sample/84/4d/sample-844dbbdce905ac2da924a7731452ce53.jpg
three-quarter intimate view,Three-quarter Intimate View,Others,11,0.27%,
pixelated penis,Pixelated Penis,Others,11,0.27%,
back arched elegantly,Back Arched Elegantly,Others,11,0.27%,
light blush,軽い赤面,Background,11,0.27%,
2girl,キャラ: 2girl,Character,11,0.27%,
large ass,Large Ass,Others,11,0.27%,
Black choker,ブラックチョーカー,Others,11,0.27%,
ritsuka as main focus,Ritsuka As Main Focus,Others,11,0.27%,
::  3::arms behind back::  wide-eyed,:: 3::arms Behind Back:: Wide-eyed,Pose,11,0.27%,
hammer,ハンマー,Others,11,0.27%,
male has slight teary eyes mixed with deep entranced blissful lewd smile,Male Has Slight Teary Eyes Mixed With Deep Entranced Blissful Lewd Smile,Background,11,0.27%,
big eyes,大きな目,Character,11,0.27%,
home,Home,Others,11,0.27%,
white leggings,白いレギンス,Others,11,0.27%,
-4::skirt,-4::skirt,Clothing,11,0.27%,
jirou kyouka,jirou kyouka,Others,10,0.24%,
-1::sketch,-1::sketch,Others,10,0.24%,
black pleated skirt,Black Pleated Skirt,Clothing,10,0.24%,
short brown hair,キャラ: Short brown hair,Character,10,0.24%,
clutching blanket,Clutching Blanket,Others,10,0.24%,
red bikini,赤いビキニ,Clothing,10,0.24%,
parallel_hairclips,キャラ: Parallel Hairclips,Character,0,0.00%,https://cdn.donmai.us/sample/01/00/sample-0100cb4e45a9868ba44c6be433a6510e.jpg
standing doggystyle position against the bed,Standing Doggystyle Position Against The Bed風の絵柄,Style,10,0.24%,
large penis penetration,Large Penis Penetration,Others,10,0.24%,
medium skirt,ミディアムスカート,Clothing,10,0.24%,
eyes_out_of_frame,キャラ: Eyes Out Of Frame,Character,0,0.00%,https://cdn.donmai.us/sample/f2/dc/sample-f2dc3cd01fcc8a4a6b9dacf02820ea8d.jpg
1girlcure Mysticstar-detective_precure,キャラ: 1girlcure Mysticstar-detective Precure,Character,10,0.24%,
cum on body,ぶっかけ,Others,10,0.24%,
yandere trance,Yandere Trance,Others,10,0.24%,
3boys,三人の男の子,Character,2,0.05%,https://cdn.donmai.us/sample/e8/81/sample-e881c8a766711f871038cdee699b8433.jpg
gigantic ass,Gigantic Ass,Others,10,0.24%,
aethetic,Aethetic,Others,10,0.24%,
wide_fishnet_tights,Wide Fishnet Tights,Others,10,0.24%,
akiyama rinko,秋山リンコ,Others,10,0.24%,
close faces,キャラ: Close Faces,Character,10,0.24%,
wetsuit,ウェットスーツ,Others,10,0.24%,
-2::white blouse,-2::white Blouse,Others,10,0.24%,
looking at viewear,Looking At Viewear,Others,10,0.24%,
shot sleeves,Shot Sleeves,Others,10,0.24%,
rei_no_himo,rei no himo,Others,10,0.24%,
white costume,White Costume,Others,10,0.24%,
no text notice lines mature female,No Text Notice Lines Mature Female,Others,10,0.24%,
da vinci standing,Da Vinci Standing,Pose,10,0.24%,
depth,Depth,Others,10,0.24%,
taimanin yukikaze,タイマニン・ユキカゼ,Others,10,0.24%,
artoria pendragon swimsuit rulerfate,Artoria Pendragon Swimsuit Rulerfate,Clothing,10,0.24%,
official wallpaper,公式の壁紙,Background,10,0.24%,
head up,Head Up,Others,10,0.24%,
mejiro ardan flowers of prayer dance in the night breeze umamusume,Mejiro Ardan Flowers Of Prayer Dance In The Night Breeze Umamusume,Background,10,0.24%,
clutching  white blanket,Clutching White Blanket,Others,10,0.24%,
milky way,天の川,Others,10,0.24%,
darjeelinggirls & Panzer,キャラ: Darjeelinggirls & Panzer,Character,10,0.24%,
||close-up|portrait|upper body|cowboy shot|from above|from side|profile view|POV||,キャラ: ||close-up|portrait|upper Body|cowboy Shot|from Above|from Side|profile View|pov||,Character,10,0.24%,
"skindentation
heart-shaped_pupils","キャラ: Skindentation
heart-shaped Pupils",Character,10,0.24%,
love,Love,Others,10,0.24%,
stella bremer,ステラ・ブレマー,Others,10,0.24%,
the king of fighters,戦闘機の王,Others,10,0.24%,
claire harvey,クレア・ハーベイ,Others,10,0.24%,
artist:qiandaiyiyu,絵師: qiandaiyiyu風,Style,10,0.24%,
gym,ジム,Others,10,0.24%,
three quarter sleeves,Three Quarter Sleeves,Others,10,0.24%,
nakano miku,中野miku,Others,10,0.24%,
nakano nino,ナカノニーノ,Others,10,0.24%,
brown eyes,茶の目,Character,10,0.24%,
=nakano nino go-toubun no hanayome,=nakano Nino Go-toubun No Hanayome,Others,10,0.24%,
sad,悲しい,Others,10,0.24%,
fiore forvedge yggdmillennia,Fiore forvedge yggdmillennia,Others,10,0.24%,
another person leaning over on top,Another Person Leaning Over On Top,Pose,10,0.24%,
meunhongcha,Meunhongcha,Others,10,0.24%,
-1::pantyhose,-1::pantyhose,Clothing,10,0.24%,
white bra,白いブラジャー,Clothing,10,0.24%,
hands in own hair,Hands In Own Hair,Pose,10,0.24%,
ssss.gridman,ssss.gridman,Others,10,0.24%,
defined forms,Defined Forms,Others,10,0.24%,
artist:kakure eria,絵師: kakure eria風,Style,10,0.24%,
well-balanced body,Well-balanced Body,Others,10,0.24%,
artist:yoya yogurt,絵師: yoya yogurt風,Style,10,0.24%,
school swimsuit,スクール水着,Clothing,10,0.24%,
dress shirt,ドレスシャツ,Clothing,10,0.24%,
pov doorway,POV戸口,Others,10,0.24%,
15 years old,15 Years Old,Others,10,0.24%,
fullbody,Fullbody,Others,10,0.24%,
seductive dreamy monster girl atmosphere,キャラ: Seductive Dreamy Monster Girl Atmosphere,Character,10,0.24%,
upper body lifted,Upper Body Lifted,Others,10,0.24%,
claire harveycosplay,Claire Harveycosplay,Others,10,0.24%,
cardfight!! vanguard,カードファイト!!ヴァンガード,Others,10,0.24%,
asuna_blue_archive,キャラ: Asuna Blue Archive,Character,0,0.00%,https://cdn.donmai.us/sample/e9/1e/sample-e91ec0a699b3335ee573dcf747b66bd1.jpg
lying on wood bent chair,Lying On Wood Bent Chair,Pose,10,0.24%,
spreading leggs,Spreading Leggs,Others,10,0.24%,
hand on hip,腰に手,Pose,10,0.24%,
ashido mina,アシド・ミナ,Others,10,0.24%,
bench,ベンチ,Others,10,0.24%,
morgan le fay fate,Morgan Le Fay Fate,Others,10,0.24%,
rolling_eyes,なめらかな目,Character,0,0.00%,https://cdn.donmai.us/sample/92/71/sample-9271c9840d1e8a9f06729a15d9cf44c3.jpg
visibly muscular,Visibly Muscular,Others,10,0.24%,
simple white background,Simple White Background,Background,10,0.24%,
sitting on water,水の上に座っています,Pose,10,0.24%,
wink,Wink,Others,10,0.24%,
rolled up sleeves,Rolled up sleeves,Others,10,0.24%,
commercial illustration,Commercial Illustration,Others,10,0.24%,
defined edges,Defined Edges,Others,10,0.24%,
clear forms,Clear Forms,Others,10,0.24%,
sharp details,Sharp Details,Others,10,0.24%,
official anime style,Official Anime Style風の絵柄,Style,10,0.24%,
short_hair_with_long_locks,長いロックの短い髪,Character,0,0.00%,https://cdn.donmai.us/sample/38/d8/sample-38d88aaa897e5ac4b49f514178a6f885.jpg
intense flirt,Intense Flirt,Others,10,0.24%,
folded legs,Folded Legs,Pose,10,0.24%,
jeanne d'arc girl from orleans fate,キャラ: Jeanne D'arc Girl From Orleans Fate,Character,10,0.24%,
"blush
1.3::bunny_leotard","キャラ: Blush
1.3::bunny Leotard",Character,10,0.24%,
uraraka ochako,ウララカオチャコ,Others,10,0.24%,
rough sketch,Rough Sketch,Others,10,0.24%,
cohesive style,Cohesive Style風の絵柄,Style,10,0.24%,
"wrist_cuffs
cameltoe","Wrist Cuffs
cameltoe",Others,10,0.24%,
suffer,Suffer,Others,10,0.24%,
covering_crotch,股を覆う,Others,4,0.10%,https://cdn.donmai.us/sample/8c/d8/sample-8cd8208cbbef2cecef6bec87c25e6f4b.jpg
holding tea cup,Holding Tea Cup,Pose,10,0.24%,
fake_bunny_ears,Fake Bunny Ears,Others,10,0.24%,
red collar,赤い襟,Others,10,0.24%,
blue sailor collar,ブルーセーラーカラー,Others,10,0.24%,
dreamy ethereal atmosphere,Dreamy Ethereal Atmosphere,Others,10,0.24%,
high halterneck,High Halterneck,Others,10,0.24%,
military tag,Military Tag,Others,10,0.24%,
hagakure tooru,hagakure tooru,Others,10,0.24%,
grainy texture skin,キャラ: Grainy Texture Skin,Character,10,0.24%,
green apron,Green apron,Others,10,0.24%,
pink panties,ピンクのパンティー,Clothing,10,0.24%,
takarada rikka,タカラダ・リッカ,Others,10,0.24%,
sun hat,Sun hat,Clothing,10,0.24%,
facing_away,向きを変える,Others,7,0.17%,https://cdn.donmai.us/sample/0a/ae/sample-0aae19eb6dfe9bcd3cae9fbd89edf96a.jpg
long locks,Long locks,Others,10,0.24%,
artist:ponchi,絵師: ponchi風,Style,10,0.24%,
not fully flat on partner,Not Fully Flat On Partner,Others,10,0.24%,
artist:taesi,絵師: taesi風,Style,10,0.24%,
gerph,ガーフ,Others,10,0.24%,
-2::shiny skin,キャラ: -2::shiny Skin,Character,10,0.24%,
-0.5::simple background,-0.5::simple Background,Background,10,0.24%,
emilia hermit,エミリア・ハーミット,Others,10,0.24%,
::   dim,:: Dim,Others,10,0.24%,
no eyes,目はありません,Character,10,0.24%,
intimate ambiguous atmosphere,Intimate Ambiguous Atmosphere,Others,10,0.24%,
blue accents,Blue Accents,Others,10,0.24%,
blending,ブレンド,Others,10,0.24%,
latex gloves,ラテックス手袋,Others,10,0.24%,
ringed_eyes,鳴った目,Character,0,0.00%,https://cdn.donmai.us/sample/84/4d/sample-844dbbdce905ac2da924a7731452ce53.jpg
ass visible through thighs,太ももを通して見えるお尻,Character,10,0.24%,
thigh strap,太ももストラップ,Others,10,0.24%,
ornaments,Ornaments,Others,10,0.24%,
white collared shirt,White collared shirt,Clothing,10,0.24%,
bald hair,キャラ: Bald Hair,Character,10,0.24%,
police shirt,Police Shirt,Clothing,10,0.24%,
chandelier,シャンデリア,Pose,6,0.15%,https://safebooru.org/images/1095/8f569f6b9f26e8945f9da6d9f58a6bcb204710ba.png
pink skin,ピンクの肌,Character,10,0.24%,
crisp edges,Crisp Edges,Others,10,0.24%,
rikudou reika,rikudou reika,Others,10,0.24%,
kissing,Kissing,Others,10,0.24%,
pulling own bikini tops with one finger,Pulling Own Bikini Tops With One Finger,Clothing,10,0.24%,
no text jungle pocket umamusume,No Text Jungle Pocket Umamusume,Others,10,0.24%,
golden eyes,キャラ: Golden Eyes,Character,10,0.24%,
arcane_arknights,キャラ: Arcane Arknights,Character,0,0.00%,https://cdn.donmai.us/sample/5a/78/sample-5a78a6b67caa9e51951b9ef509346d14.jpg
veil,ベール,Others,6,0.15%,https://cdn.donmai.us/sample/2c/63/sample-2c6355e1b0a8bfd9f44817f3bb5f4ec1.jpg
floral embroidered underwear,Floral Embroidered Underwear,Clothing,10,0.24%,
unified visual style,Unified Visual Style風の絵柄,Style,10,0.24%,
idolmaster,アイドルマスター,Copyright,0,0.00%,https://cdn.donmai.us/sample/2f/07/sample-2f0797133c746e1ad353df40596498ac.jpg
blue skirt,青スカート,Clothing,10,0.24%,
kafun,カフン,Others,10,0.24%,
cum in mouth,口内射精,Character,10,0.24%,
propped up by both hands,Propped Up By Both Hands,Pose,10,0.24%,
artist:nyte tyde,絵師: nyte tyde風,Style,10,0.24%,
Respirator with pink Transparent tube,Respirator With Pink Transparent Tube,Others,10,0.24%,
signum,署名,Others,10,0.24%,
nakano itsuki,中野ithuki,Others,10,0.24%,
kasumi doa,Kasumi Doa,Others,10,0.24%,
hanging breasts,胸を吊るします,Character,10,0.24%,
shoes focus,Shoes Focus,Clothing,10,0.24%,
beni_shake,ベニーシェイク,Others,10,0.24%,
dead or alive,死んでいるか生きている,Others,10,0.24%,
bare legs ::    -3::skirt,Bare Legs :: -3::skirt,Clothing,10,0.24%,
recording,録音,Others,7,0.17%,https://cdn.donmai.us/original/c0/c1/c0c16fd967d961d6270fd7345cf12904.mp4
flying sweatdrops,あせあせ,Pose,10,0.24%,
lifted up by man,Lifted Up By Man,Others,10,0.24%,
arms at sides,側面の腕,Pose,10,0.24%,
bustling main street,Bustling Main Street,Background,10,0.24%,
police jacket dramatically fluttering and billowing in the wind,Police Jacket Dramatically Fluttering And Billowing In The Wind,Others,10,0.24%,
white gloves,White gloves,Others,10,0.24%,
grabbing another's ass,他の人のお尻をつかむ,Others,10,0.24%,
covering_breasts,胸を覆う,Character,0,0.00%,https://cdn.donmai.us/sample/d4/54/sample-d4542bf0a87b7948af6041c3e16094a4.jpg
green bowtie,グリーンボウタイ,Clothing,10,0.24%,
mahou shoujo lyrical nanoha a's,Mahou shoujo叙情的なナノハA's,Others,10,0.24%,
Respirator and pink Transparent tube,Respirator And Pink Transparent Tube,Others,10,0.24%,
eyes_visible_through_hair,髪を通して目に見える,Character,0,0.00%,https://cdn.donmai.us/original/b5/e0/b5e0e992361d988489da4796d4e1e3b0.mp4
tatami,畳,Others,4,0.10%,https://cdn.donmai.us/sample/0f/91/sample-0f91953bd6eca374f5ccd93574f47897.jpg
"medium_breasts
arms_up","Medium Breasts
arms Up",Pose,10,0.24%,
balanced proportions,Balanced Proportions,Others,10,0.24%,
tokura misaki anime,Tokura Misaki Anime,Others,10,0.24%,
hair flowing in breeze,キャラ: Hair Flowing In Breeze,Character,10,0.24%,
topless,トップレス,Others,8,0.20%,https://files.yande.re/sample/334b8f578ca187c371ee3c145887e8a7/yande.re%201266144%20sample%20anus%20ass%20breasts%20lingse%20nipples%20no_bra%20nopan%20pantyhose%20pussy%20suisui_%28wuthering_waves%29%20tattoo%20topless%20torn_clothes%20uncensored%20wuthering_waves%20yangyang.jpg
lying on one's back,Lying On One's Back,Pose,10,0.24%,
hanako nana,Hanako Nana,Others,10,0.24%,
professional illustration,Professional Illustration,Others,10,0.24%,
closed eyes with tears,キャラ: Closed Eyes With Tears,Character,10,0.24%,
tanabata,タナバタ,Others,10,0.24%,
orange sky,オレンジの空,Background,10,0.24%,
satin black panties,Satin Black Panties,Clothing,10,0.24%,
R-18,R-18,Others,10,0.24%,
artist:kim eb,絵師: kim eb風,Style,10,0.24%,
brown hoof thigh-high boots,Brown Hoof Thigh-high Boots,Clothing,9,0.22%,
standing missionary position against the wall,Standing Missionary Position Against The Wall,Pose,9,0.22%,
head close up,Head Close Up,Others,9,0.22%,
natural beauty. girl,キャラ: Natural Beauty. Girl,Character,9,0.22%,
playful face,キャラ: Playful Face,Character,9,0.22%,
anime-style illustration,Anime-style Illustration風の絵柄,Style,9,0.22%,
no text girl、imai lisa,キャラ: No Text Girl、imai Lisa,Character,9,0.22%,
half-closed eye,半分閉じた目,Others,9,0.22%,
one hand cupping ritsuka's ass under the miniskirt,One Hand Cupping Ritsuka's Ass Under The Miniskirt,Clothing,9,0.22%,
covered_eyes,覆われた目,Character,2,0.05%,https://cdn.donmai.us/sample/2d/98/sample-2d98dc052c7bcfdd9738108377c50750.jpg
-1.0::looking at viewer,-1.0::looking At Viewer,Pose,9,0.22%,
horse hoof feet,Horse Hoof Feet,Others,9,0.22%,
one hand is gropping her breast,One Hand Is Gropping Her Breast,Pose,9,0.22%,
tally,集計,Others,7,0.17%,https://cdn.donmai.us/sample/fd/82/sample-fd82e49a77c9df5bdf6c7206e341900b.jpg
showering,シャワー,Others,5,0.12%,https://cdn.donmai.us/sample/4d/5a/sample-4d5a1d6b4ffed9fb47df7a72c0a6d5bc.jpg
command spells on right hand,Command Spells On Right Hand,Pose,9,0.22%,
no cloth,No Cloth,Others,9,0.22%,
Blushing,キャラ: Blushing,Character,9,0.22%,
futon,布団,Others,4,0.10%,https://cdn.donmai.us/sample/85/d1/sample-85d1f51aa414160433150ef818a2180a.jpg
leg entanglement,Leg Entanglement,Others,9,0.22%,
morning,朝,Others,9,0.22%,
golden hour,Golden Hour,Others,9,0.22%,
pink panties aside,Pink Panties Aside,Clothing,9,0.22%,
katana,日本刀,Others,7,0.17%,https://cdn.donmai.us/sample/79/04/sample-79048c4d56e4d74411547bd1ec5a4b69.jpg
forced smile,強制笑顔,Character,9,0.22%,
purple hair,紫髪,Character,9,0.22%,
close eyes,キャラ: Close Eyes,Character,9,0.22%,
missionary position,Missionary Position,Others,9,0.22%,
wearing extremely outfit :  glossy black silk bodysuit  with deep plunging neckline and high leg cut,Wearing Extremely Outfit : Glossy Black Silk Bodysuit With Deep Plunging Neckline And High Leg Cut,Others,9,0.22%,
flowing mane,Flowing Mane,Others,9,0.22%,
::     1.5::nose blush :::  3.0::anime coloring,キャラ: :: 1.5::nose Blush ::: 3.0::anime Coloring,Character,9,0.22%,
sole,Sole,Others,9,0.22%,
hina_blue_archive,キャラ: Hina Blue Archive,Character,0,0.00%,https://cdn.donmai.us/sample/dc/6f/sample-dc6f6d9402fd6ed6eaea1c9594bbe99c.jpg
lying on side,Lying On Side,Pose,9,0.22%,
see-through lingerie,See-through Lingerie,Others,9,0.22%,
Hospital gown,病院のガウン,Others,9,0.22%,
three distinct characters,Three Distinct Characters,Others,9,0.22%,
tight swimsuit,Tight Swimsuit,Clothing,9,0.22%,
action lines,Action Lines,Others,9,0.22%,
wrist communicator,Wrist Communicator,Others,9,0.22%,
muscular black man,Muscular Black Man,Others,9,0.22%,
playful smile,キャラ: Playful Smile,Character,9,0.22%,
dynamic cropping,Dynamic Cropping,Others,9,0.22%,
raven dc,Raven Dc,Others,9,0.22%,
two characters,Two Characters,Others,9,0.22%,
full face blush,キャラ: Full Face Blush,Character,9,0.22%,
straight_hair,真っ直ぐな髪,Character,0,0.00%,https://cdn.donmai.us/sample/8a/39/sample-8a39aa78fdf629dbbac21a5414393438.webm
morning light,Morning Light,Background,9,0.22%,
-4::burr breasts,キャラ: -4::burr Breasts,Character,9,0.22%,
deep passionate kiss with visible tongues,Deep Passionate Kiss With Visible Tongues,Others,9,0.22%,
beautiful feminine face,キャラ: Beautiful Feminine Face,Character,9,0.22%,
commander_azur_lane,Commander Azur Lane,Others,9,0.22%,
on her side,On Her Side,Others,9,0.22%,
powerful sense of speed and motion,Powerful Sense Of Speed And Motion,Others,9,0.22%,
long mane,Long Mane,Others,9,0.22%,
blue track suit,ブルートラックスーツ,Others,9,0.22%,
extremely revealing outfit: glossy black silk bodysuit with deep plunging neckline and high leg cut,Extremely Revealing Outfit: Glossy Black Silk Bodysuit With Deep Plunging Neckline And High Leg Cut,Others,9,0.22%,
people grab smartphone,People Grab Smartphone,Others,9,0.22%,
side view slightly from below,Side View Slightly From Below,Background,9,0.22%,
partk,Partk,Others,9,0.22%,
clenched hand,手を握りしめた,Pose,9,0.22%,
long white latex opera gloves,Long White Latex Opera Gloves,Others,9,0.22%,
leg up,足を上げます,Others,9,0.22%,
artist:yuki asayuki101,絵師: yuki asayuki101風,Style,9,0.22%,
reverse bunnysuit,リバースバニスーツ,Others,9,0.22%,
horse hoof hands,Horse Hoof Hands,Pose,9,0.22%,
night city background,Night City Background,Background,9,0.22%,
bone ornaments,Bone Ornaments,Others,9,0.22%,
draping blanket,Draping Blanket,Others,9,0.22%,
ritsuka's bulge obvious under the tight silk and lifted skirt,Ritsuka's Bulge Obvious Under The Tight Silk And Lifted Skirt,Clothing,9,0.22%,
yumi senran kagura,Yumi Senran Kagura,Others,9,0.22%,
wrestling ling,Wrestling Ling,Others,9,0.22%,
grass,草,Others,7,0.17%,https://cdn.donmai.us/sample/ba/10/sample-ba10af8e32de2e219fd52e15742f04e3.jpg
nakano yotsuba,中野ヨツバ,Others,9,0.22%,
artist:lunch shin new,絵師: lunch shin new風,Style,9,0.22%,
green skin,緑の肌,Character,9,0.22%,
neck down only,Neck Down Only,Others,9,0.22%,
delicate features,Delicate Features,Others,9,0.22%,
shiny skin reflections,キャラ: Shiny Skin Reflections,Character,9,0.22%,
energetic,Energetic,Others,9,0.22%,
highly detailed eyes and faces,キャラ: Highly Detailed Eyes And Faces,Character,9,0.22%,
black skin,黒い皮膚,Character,9,0.22%,
sexy,Sexy,Others,9,0.22%,
Slapping bass guitar strings,Slapping Bass Guitar Strings,Others,9,0.22%,
Another scene,Another Scene,Others,9,0.22%,
:: -3::clenched teeth ::  2::cum on body:: boy,キャラ: :: -3::clenched Teeth :: 2::cum On Body:: Boy,Character,9,0.22%,
Being restrained in the capsule,Being Restrained In The Capsule,Others,9,0.22%,
flying sweat drops,Flying Sweat Drops,Pose,9,0.22%,
world_cup,ワールドカップ,Copyright,0,0.00%,https://cdn.donmai.us/sample/a6/0c/sample-a60c792b047c553b43f578eb204dbb9f.jpg
4girls,四人の女の子,Character,0,0.00%,https://cdn.donmai.us/sample/7e/59/sample-7e59a38b73f0c1f20f233c7d3bf28fba.jpg
low ponytail,低ポニーテール,Others,9,0.22%,
breathe heavily,Breathe Heavily,Others,9,0.22%,
Tricot Stitch:: underwear,Tricot Stitch:: Underwear,Clothing,9,0.22%,
bodies pressed tightly together,Bodies Pressed Tightly Together,Others,9,0.22%,
long light pink hair with white gradient,Long Light Pink Hair With White Gradient,Background,9,0.22%,
erect nipples poking through bodysuit,Erect Nipples Poking Through Bodysuit,Others,9,0.22%,
drill_hair,縦ロール,Character,0,0.00%,https://cdn.donmai.us/sample/5b/0d/sample-5b0d4c7d188f51be56a2c1978b7356ec.jpg
battoujutsu stance,Battoujutsu Stance,Others,9,0.22%,
open eyes,キャラ: Open Eyes,Character,9,0.22%,
affectionate gaze,Affectionate Gaze,Others,9,0.22%,
bunny_ears,Bunny Ears,Others,5,0.12%,https://files.yande.re/sample/1a4f72a781d675116b3c9ba7ed972b83/yande.re%201266160%20sample%20animal_ears%20anus%20breast_hold%20bunny_ears%20censored%20heels%20hino_akane_%28vtuber%29%20indie_virtual_youtuber%20kurosawa_itsuki%20naked%20nipples%20pussy%20wet.jpg
white_hairband,白いヘアバンド,Character,0,0.00%,https://cdn.donmai.us/sample/5a/34/sample-5a345c38d7a86d07000c20b8e9b984f8.jpg
purple eyes,紫の目,Character,9,0.22%,
koyanskaya fgo,Koyanskaya Fgo,Others,9,0.22%,
white_sweater,白いセーター,Others,5,0.12%,https://cdn.donmai.us/sample/03/b7/sample-03b7d557e2e1cc6c74408ae2b11c6aab.jpg
partial view of black armored motorcycle Cuirassier Noir not full frame,Partial View Of Black Armored Motorcycle Cuirassier Noir Not Full Frame,Others,9,0.22%,
white glossy patent leather thigh-high high heels boots,White Glossy Patent Leather Thigh-high High Heels Boots,Clothing,9,0.22%,
ultra short micro miniskirt with side slits,Ultra Short Micro Miniskirt With Side Slits,Clothing,9,0.22%,
faceless_male,顔のない男性,Character,0,0.00%,https://cdn.donmai.us/sample/02/d9/sample-02d9d43cdc3b4215822855d2cdd38cb4.jpg
long black latex opera gloves,Long Black Latex Opera Gloves,Others,9,0.22%,
ritsuka's arms wrapped around koyanskaya's waist,Ritsuka's Arms Wrapped Around Koyanskaya's Waist,Pose,9,0.22%,
loving smile,キャラ: Loving Smile,Character,9,0.22%,
no text Scarle Yonaguni of nijisanji en,No Text Scarle Yonaguni Of Nijisanji En,Others,9,0.22%,
impregnation,含浸,Others,6,0.15%,https://cdn.donmai.us/sample/b0/27/sample-b02793640f09d048ec551c975582d687.jpg
detailed glossy latex and leather,Detailed Glossy Latex And Leather,Others,9,0.22%,
vibrant colors,Vibrant Colors,Clothing,9,0.22%,
criss-cross_halter,CRISS-CROSSホルター,Others,3,0.07%,https://cdn.donmai.us/sample/46/ec/sample-46ec907e03195055e1fd962e7618da1a.jpg
fat man,太った男,Others,9,0.22%,
eye contact full of lust,Eye Contact Full Of Lust,Others,9,0.22%,
artist:ame uten cacel,絵師: ame uten cacel風,Style,9,0.22%,
visible cameltoe on both,Visible Cameltoe On Both,Others,9,0.22%,
heavy motion blur,Heavy Motion Blur,Others,9,0.22%,
clear spacing between characters,Clear Spacing Between Characters,Others,9,0.22%,
moe anime character,Moe Anime Character,Others,9,0.22%,
overaction,Overaction,Others,9,0.22%,
Scarle Yonaguni of nijisanji en,Scarle Yonaguni Of Nijisanji En,Others,9,0.22%,
turtleneck_sweater,タートルネックセーター,Others,5,0.12%,https://cdn.donmai.us/original/0a/b3/0ab3ce5c1b44ceaf254160f50eedb041.mp4
extremely dynamic and high-tension atmosphere,Extremely Dynamic And High-tension Atmosphere,Others,9,0.22%,
"spoken_heart
blue_sky","Spoken Heart
blue Sky",Background,9,0.22%,
||dark|medium|light|| ||yellow|green|blue|red|orange|gray|pink|purple|brown|blonde|black|| underwear,||dark|medium|light|| ||yellow|green|blue|red|orange|gray|pink|purple|brown|blonde|black|| Underwear,Clothing,9,0.22%,
dramatic wind pressure and hair flow,キャラ: Dramatic Wind Pressure And Hair Flow,Character,9,0.22%,
ecstasy,エクスタシー,Others,9,0.22%,
year2025,Year2025,Others,9,0.22%,
extreme close-up dynamic shot from low side-front angle,Extreme Close-up Dynamic Shot From Low Side-front Angle,Others,9,0.22%,
breast_sucking,胸の吸う,Character,0,0.00%,https://cdn.donmai.us/sample/61/29/sample-61299d1ab56b32ffa09a46d1776b8859.jpg
shy bur happy expression,Shy Bur Happy Expression,Others,9,0.22%,
lusamine pokemon,Lusamine Pokemon,Others,9,0.22%,
Rella style,Rella Style風の絵柄,Style,9,0.22%,
high twin high ponytail with long flowing tails,High Twin High Ponytail With Long Flowing Tails,Others,9,0.22%,
hot,熱い,Others,6,0.15%,https://cdn.donmai.us/sample/97/70/sample-97701cc1ccc80771f6d807599fa6d3e9.jpg
yuuwaku,Yuuwaku,Others,9,0.22%,
kilo Nikke,Kilo Nikke,Others,9,0.22%,
skirt lifted,Skirt Lifted,Clothing,9,0.22%,
ass close up,Ass Close Up,Others,9,0.22%,
...,...,Others,5,0.12%,https://cdn.donmai.us/sample/73/5c/sample-735c181be78ff217177be00dc4964f7e.jpg
red scarf,赤いスカーフ,Others,9,0.22%,
blue school swimsuit,Blue School Swimsuit,Clothing,9,0.22%,
highly explicit,Highly Explicit,Others,9,0.22%,
Japanese moe anime style,Japanese Moe Anime Style風の絵柄,Style,9,0.22%,
black glossy patent leather thigh-high high heels boots,Black Glossy Patent Leather Thigh-high High Heels Boots,Clothing,9,0.22%,
mature adult woman,Mature Adult Woman,Others,9,0.22%,
flaccid penis,Flaccid Penis,Others,9,0.22%,
koyanskaya gently embracing ritsuka from front,Koyanskaya Gently Embracing Ritsuka From Front,Clothing,9,0.22%,
wet spots on crotches,Wet Spots On Crotches,Others,9,0.22%,
sand_on_skin,肌に砂,Character,0,0.00%,https://cdn.donmai.us/sample/dc/d8/sample-dcd8fbf97189b16629e9d9ed8a703d5e.jpg
surprised expression,Surprised Expression,Others,9,0.22%,
arm grab,アームグラブ,Others,9,0.22%,
no text manhattan cafe umamusume,No Text Manhattan Cafe Umamusume,Clothing,9,0.22%,
multiple views,マルチアングル,Others,9,0.22%,
black sailor collar,ブラックセーラーカラー,Others,9,0.22%,
black_eyes,黒目,Character,0,0.00%,https://cdn.donmai.us/sample/5a/34/sample-5a345c38d7a86d07000c20b8e9b984f8.jpg
year2024,Year2024,Others,9,0.22%,
flying hearts,Flying Hearts,Pose,9,0.22%,
shiny black silk texture,Shiny Black Silk Texture,Others,9,0.22%,
glossy swimsuit,Glossy Swimsuit,Clothing,9,0.22%,
intimate yuri pose: koyanskaya and feminized ritsuka standing very close,Intimate Yuri Pose: Koyanskaya And Feminized Ritsuka Standing Very Close,Pose,9,0.22%,
pointing,ポインティング,Others,5,0.12%,https://cdn.donmai.us/sample/69/d3/sample-69d39a1b831b5dcc2dd27d96b05b10bb.jpg
intense speed lines,Intense Speed Lines,Others,9,0.22%,
extremely detailed CG unity 8k wallpaper,Extremely Detailed Cg Unity 8k Wallpaper,Background,9,0.22%,
double penetration,二重浸透,Others,9,0.22%,
panties aside,パンティーはさておき,Clothing,9,0.22%,
black bra,ブラックブラ,Clothing,9,0.22%,
glowing eye,輝く目,Others,9,0.22%,
cosplay koyanskaya but in white color style,Cosplay Koyanskaya But In White Color Style風の絵柄,Style,9,0.22%,
against glass,ガラスに対して,Others,9,0.22%,
intense dramatic tension,Intense Dramatic Tension,Others,9,0.22%,
kei_blue_archive,キャラ: Kei Blue Archive,Character,0,0.00%,https://cdn.donmai.us/sample/bf/31/sample-bf31e42cbce8e3ba1358d79cde273d6a.jpg
no legs — lower bodies fused into the same giant flower leaning closely over him from both sides,No Legs — Lower Bodies Fused Into The Same Giant Flower Leaning Closely Over Him From Both Sides,Pose,8,0.20%,
black hairband,黒いヘアバンド,Character,8,0.20%,
a side close cropped view of character head,A Side Close Cropped View Of Character Head,Others,8,0.20%,
clear pupil border,Clear Pupil Border,Others,8,0.20%,
gently yet sensually caressing and teasing his lower body and chest with vine tendrils and plant hands,Gently Yet Sensually Caressing And Teasing His Lower Body And Chest With Vine Tendrils And Plant Hands,Pose,8,0.20%,
mouth_hold,口を握ります,Character,0,0.00%,https://cdn.donmai.us/sample/66/7a/sample-667a434f1391d112d9623bd57afd2e21.jpg
sparkling eyes,キラキラした目,Character,8,0.20%,
holding sword,剣を持っている,Pose,8,0.20%,
heart background,心の背景,Background,8,0.20%,
lining up same character turnaround sheet,Lining Up Same Character Turnaround Sheet,Others,8,0.20%,
::2:: sound effects,::2:: Sound Effects,Others,8,0.20%,
golden nectar splashing and dripping from petals and bodies,Golden Nectar Splashing And Dripping From Petals And Bodies,Others,8,0.20%,
oil painting medium,Oil Painting Medium,Others,8,0.20%,
neutral pose,Neutral Pose,Pose,8,0.20%,
well drawn fingers,Well Drawn Fingers,Others,8,0.20%,
dynamic low side angle shot with slight upward tilt,Dynamic Low Side Angle Shot With Slight Upward Tilt,Background,8,0.20%,
kama fate,Kama Fate,Others,8,0.20%,
lord el-melloi ii,エルメロイLord II,Others,8,0.20%,
dc_comics,DCコミック,Copyright,0,0.00%,https://cdn.donmai.us/original/5a/b5/5ab542395e5cf5e0cd612ece84f5090b.mp4
bound wrists::   4::tape gag,Bound Wrists:: 4::tape Gag,Others,8,0.20%,
sitting very closely behind her on the rear seat,Sitting Very Closely Behind Her On The Rear Seat,Pose,8,0.20%,
face_focus,キャラ: Face Focus,Character,8,0.20%,
sky blue and white stripe designed  one-piece school swimsuit,Sky Blue And White Stripe Designed One-piece School Swimsuit,Clothing,8,0.20%,
gold crown,Gold Crown,Others,8,0.20%,
shyness,Shyness,Others,8,0.20%,
concept art style,Concept Art Style風の絵柄,Style,8,0.20%,
mattress,マットレス,Others,6,0.15%,https://cdn.donmai.us/sample/0f/91/sample-0f91953bd6eca374f5ccd93574f47897.jpg
censor,Censor,Others,8,0.20%,
natural long hair,キャラ: Natural Long Hair,Character,8,0.20%,
naughty smile,キャラ: Naughty Smile,Character,8,0.20%,
evening,夕方,Others,8,0.20%,
antique furniture,Antique Furniture,Others,8,0.20%,
disembodied penis,具体化されていないペニス,Others,8,0.20%,
abstract background,抽象的な背景,Background,8,0.20%,
side long bangs over face,キャラ: Side Long Bangs Over Face,Character,8,0.20%,
-5.0::artist collaboration,-5.0::artist Collaboration,Others,8,0.20%,
food_in_mouth,口の中の食べ物,Character,0,0.00%,https://cdn.donmai.us/sample/54/2d/sample-542d1ed97547b4afa4a3e4bd92c512c0.jpg
onee-shota,onee-shota,Others,7,0.17%,https://cdn.donmai.us/sample/e2/60/sample-e260faddd22a0a212657e9a8e60f7f07.jpg
Cum on head,Cum On Head,Others,8,0.20%,
simple room,Simple Room,Background,8,0.20%,
sofa,ソファ,Others,8,0.20%,
church,教会,Others,8,0.20%,
black_butterfly_tattoo,Black Butterfly Tattoo,Others,8,0.20%,
eldreda_sunbringer,キャラ: Eldreda Sunbringer,Character,0,0.00%,https://cdn.donmai.us/sample/d1/c6/sample-d1c630aa2c15a866f93d885c7f9c0a4b.jpg
antenna_hair,アンテナの髪,Character,0,0.00%,https://cdn.donmai.us/original/a9/a4/a9a41065ab856b48876dcf1569701424.jpg
a front view of full frontbody,A Front View Of Full Frontbody,Others,8,0.20%,
many pedestrians,Many Pedestrians,Others,8,0.20%,
warm lamplight,Warm Lamplight,Background,8,0.20%,
defeat,敗北,Others,6,0.15%,https://cdn.donmai.us/sample/4d/a5/sample-4da56c6858f6a89762b75346e5ecc6a9.jpg
long flowing white silver hair,キャラ: Long Flowing White Silver Hair,Character,8,0.20%,
mature huge fat body,Mature Huge Fat Body,Others,8,0.20%,
boy on top,上に少年,Character,8,0.20%,
yixuan_zenless_zone_zero,キャラ: Yixuan Zenless Zone Zero,Character,0,0.00%,https://cdn.donmai.us/sample/7e/59/sample-7e59a38b73f0c1f20f233c7d3bf28fba.jpg
ink drawing,Ink Drawing,Others,8,0.20%,
excessive armpit hair,キャラ: Excessive Armpit Hair,Character,8,0.20%,
from her behind,From Her Behind,Others,8,0.20%,
tight shirt,タイトなシャツ,Clothing,8,0.20%,
mouth closed,キャラ: Mouth Closed,Character,8,0.20%,
Crucified on the cross,Crucified On The Cross,Others,8,0.20%,
bunny girl,キャラ: Bunny Girl,Character,8,0.20%,
feet bottom up,Feet Bottom Up,Others,8,0.20%,
pikachu,ピカチュウ,Others,8,0.20%,
little_mermaid_shell_princess_nikke,キャラ: Little Mermaid Shell Princess Nikke,Character,0,0.00%,https://cdn.donmai.us/sample/af/8a/sample-af8af5151336ddde4d9f550329bdc320.jpg
dark green vest over white shirt,Dark Green Vest Over White Shirt,Clothing,8,0.20%,
erotic atmosphere,Erotic Atmosphere,Others,8,0.20%,
raiden_shogun,Raiden Shogun,Character,0,0.00%,https://cdn.donmai.us/sample/61/5f/sample-615f2a71a26646e1eaf4ad080dedb53d.jpg
suisui_wuthering_waves,キャラ: Suisui Wuthering Waves,Character,0,0.00%,https://cdn.donmai.us/sample/f7/db/sample-f7db68fac7a131b3fc2ab783d146ae18.jpg
thick legs,Thick Legs,Pose,8,0.20%,
arms down,Arms Down,Pose,8,0.20%,
street,通り,Background,8,0.20%,
consistent design,Consistent Design,Others,8,0.20%,
colorful neon light trails streaking past,Colorful Neon Light Trails Streaking Past,Background,8,0.20%,
side-view,Side-view,Others,8,0.20%,
waving,手を振る,Others,6,0.15%,https://cdn.donmai.us/sample/ad/0f/sample-ad0f6ab3e44988befdd00ab4271fd75e.jpg
gangzi vtuber,Gangzi Vtuber,Others,8,0.20%,
fujimaru ritsuka male fate/grand order,Fujimaru Ritsuka Male Fate/grand Order,Others,8,0.20%,
pink pajamas,ピンクのパジャマ,Others,8,0.20%,
uninterested,Uninterested,Others,8,0.20%,
head grab,ヘッドグラブ,Others,8,0.20%,
daiwa scarlet umamusume,Daiwa Scarlet Umamusume,Others,8,0.20%,
nsfw、8K、detail up、high quality、best quality、The best degree of perfection,Nsfw、8k、detail Up、high Quality、best Quality、the Best Degree Of Perfection,Quality,8,0.20%,
ambient lighting,Ambient Lighting,Background,8,0.20%,
close up,Close Up,Others,8,0.20%,
、detailed eyes、shiny skin、glossy skin、dark、dynamic action shot illumination、dynamite erotic adulty body、come hither,キャラ: 、detailed Eyes、shiny Skin、glossy Skin、dark、dynamic Action Shot Illumination、dynamite Erotic Adulty Body、come Hither,Character,8,0.20%,
panic,Panic,Others,8,0.20%,
a upper body close cropped view of character,A Upper Body Close Cropped View Of Character,Others,8,0.20%,
matching Shinjuku delinquent girl outfits: black small camisole crop top,キャラ: Matching Shinjuku Delinquent Girl Outfits: Black Small Camisole Crop Top,Character,8,0.20%,
seated on sofa,Seated On Sofa,Others,8,0.20%,
rich curtains,Rich Curtains,Others,8,0.20%,
stunned,Stunned,Others,8,0.20%,
anime style、glamorous、erotic、1Wa0、4.5、Milkman style 、Sharp line art、azur lane animation illumination style、 anime coloring、vibrant colors、extremely beautiful face、perfect face,Anime Style、glamorous、erotic、1wa0、4.5、milkman Style 、sharp Line Art、azur Lane Animation Illumination Style、 Anime Coloring、vibrant Colors、extremely Beautiful Face、perfect Face風の絵柄,Style,8,0.20%,
little_mermaid_nikke,キャラ: Little Mermaid Nikke,Character,0,0.00%,https://cdn.donmai.us/sample/af/8a/sample-af8af5151336ddde4d9f550329bdc320.jpg
dark eyelashes,Dark Eyelashes,Others,8,0.20%,
evelyn_chevalier,キャラ: Evelyn Chevalier,Character,0,0.00%,https://cdn.donmai.us/sample/41/83/sample-41833b427b0e16849f521cc080daee8b.jpg
-2::text,-2::text,Others,8,0.20%,
kazama iroha hololive,Kazama Iroha Hololive,Others,8,0.20%,
kama fate/grand order,Kama Fate/grand Order,Others,8,0.20%,
huge soft glowing petals forming a natural chamber filled with warm golden nectar,Huge Soft Glowing Petals Forming A Natural Chamber Filled With Warm Golden Nectar,Others,8,0.20%,
black labia,Black Labia,Others,8,0.20%,
rio_blue_archive,キャラ: Rio Blue Archive,Character,0,0.00%,https://cdn.donmai.us/sample/09/a2/sample-09a2eb270799373cd7a725ac769a4510.jpg
mushoku_tensei,無職転生,Copyright,0,0.00%,https://cdn.donmai.us/sample/af/31/sample-af3116f01c387b44f18496577079bf62.jpg
print elasticized cotton panties,Print Elasticized Cotton Panties,Clothing,8,0.20%,
stretching,ストレッチ,Others,7,0.17%,https://cdn.donmai.us/sample/69/be/sample-69beb9897c1ca33b84a3de5f3b5dcee4.jpg
jaw dropped,Jaw Dropped,Others,8,0.20%,
luna_luna610,Luna Luna610,Others,8,0.20%,
from circle,From Circle,Others,8,0.20%,
hair accessories,キャラ: Hair Accessories,Character,8,0.20%,
kantai_collection,艦隊これくしょん,Copyright,0,0.00%,https://cdn.donmai.us/sample/49/2e/sample-492e643c6019141147c72cc73ef56c28.jpg
vanishing point,消失点,Others,8,0.20%,
yandere,ヤンデレ,Others,8,0.20%,
v-shaped eyebrows,V字眉,Others,8,0.20%,
man speechless and wide-eyed in shock,Man Speechless And Wide-eyed In Shock,Others,8,0.20%,
black tights,Black Tights,Others,8,0.20%,
heavy breasts,キャラ: Heavy Breasts,Character,8,0.20%,
akari pokemon,Akari Pokemon,Others,8,0.20%,
shiny pantyhose,光沢のあるパンスト,Clothing,8,0.20%,
looking to the side,よそ見,Others,8,0.20%,
holding sword horizontally,Holding Sword Horizontally,Pose,8,0.20%,
nipple,Nipple,Others,8,0.20%,
-3::looking back,-3::looking Back,Pose,8,0.20%,
ethereal glowing limbs,Ethereal Glowing Limbs,Others,8,0.20%,
dark necktie,Dark Necktie,Clothing,8,0.20%,
horn,Horn,Others,8,0.20%,
3d background is beautiful,3d Background Is Beautiful,Background,8,0.20%,
round view angle,Round View Angle,Others,8,0.20%,
project moon,プロジェクトムーン,Others,8,0.20%,
Green eyes,素黒の目,Character,8,0.20%,
grandfather clock,祖父の時計,Others,8,0.20%,
creating strong visual tension and seductive immersion,Creating Strong Visual Tension And Seductive Immersion,Others,8,0.20%,
dark tailored suit jacket,Dark Tailored Suit Jacket,Others,8,0.20%,
tear eye,Tear Eye,Others,8,0.20%,
speechless,Speechless,Others,8,0.20%,
doodle_sensei_blue_archive,キャラ: Doodle Sensei Blue Archive,Character,0,0.00%,https://cdn.donmai.us/sample/80/e1/sample-80e18b632a41608b444fdc53ef5a9be4.jpg
navy hair,キャラ: Navy Hair,Character,8,0.20%,
drinking juice,Drinking Juice,Others,8,0.20%,
naughty_face,いたずらな顔,Character,0,0.00%,https://cdn.donmai.us/original/0a/b3/0ab3ce5c1b44ceaf254160f50eedb041.mp4
lifted up black bra,Lifted Up Black Bra,Clothing,8,0.20%,
skirt close up,Skirt Close Up,Clothing,8,0.20%,
dark wood paneling,Dark Wood Paneling,Others,8,0.20%,
sitting on bed edge,Sitting On Bed Edge,Pose,8,0.20%,
iris pokemon,Iris Pokemon,Others,8,0.20%,
juice,ジュース,Others,8,0.20%,
emerald green eyes,キャラ: Emerald Green Eyes,Character,8,0.20%,
latex_bodysuit,ラテックスボディスーツ,Others,6,0.15%,https://cdn.donmai.us/sample/84/4d/sample-844dbbdce905ac2da924a7731452ce53.jpg
rocks,Rocks,Others,8,0.20%,
black armpit hair,キャラ: Black Armpit Hair,Character,8,0.20%,
dirty clothes,汚れた服,Clothing,8,0.20%,
gym uniform,ジムユニフォーム,Clothing,8,0.20%,
dreamy yet seductive atmosphere,Dreamy Yet Seductive Atmosphere,Others,8,0.20%,
plant-style long gloves made of leafy vines with flower petal decorations,Plant-style Long Gloves Made Of Leafy Vines With Flower Petal Decorations風の絵柄,Style,8,0.20%,
alternate_hairstyle,代替ヘアスタイル,Style,0,0.00%,https://cdn.donmai.us/sample/79/b3/sample-79b33f83bbc9b41425a225d67e1f6ce2.jpg
clean shaven,Clean Shaven,Others,8,0.20%,
wince,ひるみ,Others,8,0.20%,
closed legs,Closed Legs,Pose,8,0.20%,
machine collar,Machine Collar,Others,8,0.20%,
blue triangle bikini,Blue Triangle Bikini,Clothing,8,0.20%,
a back view of full backbody,A Back View Of Full Backbody,Others,8,0.20%,
head-mounted display,ヘッドマウントディスプレイ,Others,8,0.20%,
ink wash painting,インクウォッシュペインティング,Others,8,0.20%,
a 45 degree tilted close cropped view of character head,A 45 Degree Tilted Close Cropped View Of Character Head,Others,8,0.20%,
||close-up|upper body|cowboy shot|from above|POV|from side||,キャラ: ||close-up|upper Body|cowboy Shot|from Above|pov|from Side||,Character,8,0.20%,
girl gasping and covering mouth with both hands,Girl Gasping And Covering Mouth With Both Hands,Pose,8,0.20%,
midday,Midday,Background,8,0.20%,
lower body fixed and being slowly pulled deeper into the nectar pool by thick sensual living vines,Lower Body Fixed And Being Slowly Pulled Deeper Into The Nectar Pool By Thick Sensual Living Vines,Others,8,0.20%,
cleft of venus,金星の裂け目,Others,8,0.20%,
gold jewelry,Gold Jewelry,Others,8,0.20%,
staring blankly in shock,Staring Blankly In Shock,Others,8,0.20%,
a side view of full sidebody,A Side View Of Full Sidebody,Others,8,0.20%,
spitroast,スピトロスト,Others,4,0.10%,https://cdn.donmai.us/sample/3e/e5/sample-3ee52c4e2eb56a5580561e899eab8ca6.jpg
long dark hair,キャラ: Long Dark Hair,Character,8,0.20%,
assertive_female,断定的な女性,Others,5,0.12%,https://cdn.donmai.us/sample/d4/7f/sample-d47fa142dedf167f45519e7f5fea92fb.jpg
detailed breasts,キャラ: Detailed Breasts,Character,8,0.20%,
detailed beautiful face and hair::man,キャラ: Detailed Beautiful Face And Hair::man,Character,8,0.20%,
lovely,Lovely,Others,8,0.20%,
white leotard,白いレオタード,Others,8,0.20%,
sports bikini,スポーツビキニ,Clothing,8,0.20%,
collision sparks,Collision Sparks,Others,8,0.20%,
bold lines,Bold Lines,Others,8,0.20%,
luxurious mansion living room,Luxurious Mansion Living Room,Background,8,0.20%,
harness,ハーネス,Others,4,0.10%,https://cdn.donmai.us/sample/a2/f1/sample-a2f1e2419ebf8a7c398eec9ba1b2627e.jpg
aiming a sword at side,Aiming A Sword At Side,Others,8,0.20%,
inconvenient_breasts,不便な胸,Character,8,0.20%,
-1::multiple views,-1::multiple Views,Others,8,0.20%,
2026_fifa_world_cup,作品: 2026 Fifa World Cup,Copyright,0,0.00%,https://cdn.donmai.us/sample/a6/0c/sample-a60c792b047c553b43f578eb204dbb9f.jpg
limbus company,リンバスカンパニー,Others,8,0.20%,
blue track jacket,Blue Track Jacket,Others,8,0.20%,
rough 1.8::brushstroke illustration,Rough 1.8::brushstroke Illustration,Others,8,0.20%,
"||close-up|upper body|cowboy shot|from above|from side|profile view|POV|dutch angle|dynamic angle||
 girl","キャラ: ||close-up|upper Body|cowboy Shot|from Above|from Side|profile View|pov|dutch Angle|dynamic Angle||
 Girl",Character,8,0.20%,
cleavage_cutout,切断の切り抜き,Character,4,0.10%,https://cdn.donmai.us/sample/fa/91/sample-fa9144c3f17b93add9fc4b0fd6de0bc1.jpg
black long latex hign-heels-boots,Black Long Latex Hign-heels-boots,Clothing,8,0.20%,
plush sofas,Plush Sofas,Others,8,0.20%,
official costume,Official Costume,Others,8,0.20%,
people are smile,キャラ: People Are Smile,Character,8,0.20%,
mature huge slender body,Mature Huge Slender Body,Others,8,0.20%,
-3::blazer,-3::blazer,Clothing,8,0.20%,
wide eyed,Wide Eyed,Others,8,0.20%,
-3::signature,-3::signature,Background,8,0.20%,
clothed,Clothed,Others,8,0.20%,
artoria pendragon lancer fate,Artoria Pendragon Lancer Fate,Others,8,0.20%,
half sleeves,Half Sleeves,Others,8,0.20%,
detailed crotch,Detailed Crotch,Others,7,0.17%,
two-handed,両手,Pose,7,0.17%,
garden,庭,Others,7,0.17%,
||parted bangs|asymmetrical bangs|swept bangs|crossed bangs|blunt bangs|hair over eyes|hair over one eye|hair between eyes|hair behind ear|forehead||,キャラ: ||parted Bangs|asymmetrical Bangs|swept Bangs|crossed Bangs|blunt Bangs|hair Over Eyes|hair Over One Eye|hair Between Eyes|hair Behind Ear|forehead||,Character,7,0.17%,
sensual eyes,キャラ: Sensual Eyes,Character,7,0.17%,
symmetrical docking,対称的なドッキング,Others,7,0.17%,
creepy smile,キャラ: Creepy Smile,Character,7,0.17%,
double peace,Double Peace,Others,7,0.17%,
original outfit,Original Outfit,Others,7,0.17%,
nozomi_blue_archive,キャラ: Nozomi Blue Archive,Character,0,0.00%,https://cdn.donmai.us/sample/8c/74/sample-8c743384a9aebff5406c774e590c3798.jpg
in the frame,In The Frame,Others,7,0.17%,
melting,溶融,Others,7,0.17%,
a lot of penis,A Lot Of Penis,Others,7,0.17%,
dirty,汚い,Others,5,0.12%,https://cdn.donmai.us/sample/f2/dc/sample-f2dc3cd01fcc8a4a6b9dacf02820ea8d.jpg
white skirt,白いスカート,Clothing,7,0.17%,
fantasy,ファンタジー,Others,7,0.17%,
teary eyes,キャラ: Teary Eyes,Character,7,0.17%,
"head tilt

white and purple floral designed lace lingerie","Head Tilt

white And Purple Floral Designed Lace Lingerie",Others,7,0.17%,
being received a massage on her belly from a man,Being Received A Massage On Her Belly From A Man,Others,7,0.17%,
tachibana arisu,タチバナ・アリス,Others,7,0.17%,
velvet pantyhose stretched tight showing beautiful curves,Velvet Pantyhose Stretched Tight Showing Beautiful Curves,Clothing,7,0.17%,
blue nails,青い爪,Others,7,0.17%,
cum in nose,鼻に精液,Others,7,0.17%,
neck down for fujimaru,Neck Down For Fujimaru,Others,7,0.17%,
white simple one-piece dress,White Simple One-piece Dress,Clothing,7,0.17%,
floating hair,浮かぶ髪,Character,7,0.17%,
+++,+++,Others,6,0.15%,https://cdn.donmai.us/sample/09/3e/sample-093e6c77d422faad39f4ea2350f7e483.jpg
-0.5::angry,-0.5::angry,Others,7,0.17%,
almond eye umamusume,Almond Eye Umamusume,Others,7,0.17%,
date,Date,Others,7,0.17%,
water droplets,Water Droplets,Others,7,0.17%,
ouro_kronii,usolo kronii,Character,0,0.00%,https://cdn.donmai.us/sample/71/ef/sample-71ef54078091f492010f72cfcb44563e.jpg
short,Short,Others,7,0.17%,
grabbing_own_breast,自分の胸をつかむ,Character,0,0.00%,https://cdn.donmai.us/sample/ad/e5/sample-ade5df4bae059edd7baef9e253519f7f.jpg
normal breasts,キャラ: Normal Breasts,Character,7,0.17%,
animation,Animation,Others,7,0.17%,
dynamic standing pose,Dynamic Standing Pose,Pose,7,0.17%,
mmf threesome,MMF三人組,Others,7,0.17%,
panties focus,Panties Focus,Clothing,7,0.17%,
diamond-shaped_pupils,ダイヤモンド型の瞳,Others,5,0.12%,https://cdn.donmai.us/sample/e4/f2/sample-e4f27c14ee2bb16f6c38d316c7878ce2.jpg
detailed velvety pantyhose texture and fabric cling,Detailed Velvety Pantyhose Texture And Fabric Cling,Clothing,7,0.17%,
dynamic walking pose,Dynamic Walking Pose,Pose,7,0.17%,
baby,赤ちゃん,Others,7,0.17%,
forced fellatio,Forced Fellatio,Others,7,0.17%,
on grass,草の上,Others,7,0.17%,
black negligee,黒いネグリジー,Others,7,0.17%,
1 nude  brown skin man::  -2::male blush,キャラ: 1 Nude Brown Skin Man:: -2::male Blush,Character,7,0.17%,
tomboy,おてんば娘,Character,5,0.12%,https://cdn.donmai.us/sample/6d/22/sample-6d226597f2b3d08359e42539a54948a3.jpg
black necktie,黒いネクタイ,Clothing,7,0.17%,
upside down,Upside Down,Others,7,0.17%,
green and red and white designed  one-piece swimsuit,Green And Red And White Designed One-piece Swimsuit,Clothing,7,0.17%,
handsome,Handsome,Pose,7,0.17%,
koyama hirokazu style,Koyama Hirokazu Style風の絵柄,Style,7,0.17%,
matching Shinjuku delinquent girl outfits: black tank top,キャラ: Matching Shinjuku Delinquent Girl Outfits: Black Tank Top,Character,7,0.17%,
bound wrists,手首に縛られた手首,Others,7,0.17%,
from pov,From Pov,Others,7,0.17%,
dark room background,Dark Room Background,Background,7,0.17%,
ringeko-chan,Ringeko-chan,Style,6,0.15%,https://cdn.donmai.us/sample/99/f8/sample-99f85faad31f9273082da7922ef2c41a.jpg
the other hand gently stroking his thigh and hip over the velvet pantyhose,The Other Hand Gently Stroking His Thigh And Hip Over The Velvet Pantyhose,Clothing,7,0.17%,
bound legs,縛られた脚,Pose,7,0.17%,
pink bikini,ピンクのビキニ,Clothing,7,0.17%,
from outside,外から,Others,7,0.17%,
holding_bag,袋を持っています,Pose,4,0.10%,https://cdn.donmai.us/sample/df/de/sample-dfde5f05f6d1014b35625b328932f981.jpg
rain,雨,Others,6,0.15%,https://safebooru.org/images/1095/8776fd1369a6f61ee51737120a15f61abe65c959.jpg
oily,Oily,Others,7,0.17%,
::  white panties,:: White Panties,Clothing,7,0.17%,
||dark|medium|light|| ||yellow|green|blue|red|orange|gray|pink|purple|brown|blonde|black|| hair,||dark|medium|light|| ||yellow|green|blue|red|orange|gray|pink|purple|brown|blonde|black|| Hair,Background,7,0.17%,
grey hair,灰髪,Character,7,0.17%,
body writing,ボディライティング,Others,7,0.17%,
tent shirt,Tent Shirt,Clothing,7,0.17%,
sexually suggestive,性的に示唆的です,Others,7,0.17%,
Indian style,インドスタイル,Style,7,0.17%,
main street,Main Street,Background,7,0.17%,
penetration,Penetration,Others,7,0.17%,
grabbing another's hair,他の人の髪をつかむ,Character,7,0.17%,
no text lady,No Text Lady,Others,7,0.17%,
sandrone_genshin_impact,キャラ: Sandrone Genshin Impact,Character,0,0.00%,https://cdn.donmai.us/sample/56/05/sample-5605f5557bbad7ce49f9367004515aef.jpg
:>=,：> =,Others,6,0.15%,https://cdn.donmai.us/sample/7b/2b/sample-7b2b72b8403d21cf6989ac1da4de7f78.jpg
elbow length blue gloves,Elbow Length Blue Gloves,Others,7,0.17%,
bow tie,Bow Tie,Clothing,7,0.17%,
deep_skin,深い肌,Character,0,0.00%,https://cdn.donmai.us/sample/09/3e/sample-093e6c77d422faad39f4ea2350f7e483.jpg
huge_nipples,巨大な乳首,Others,5,0.12%,https://cdn.donmai.us/sample/92/71/sample-9271c9840d1e8a9f06729a15d9cf44c3.jpg
tribadism,トライダイズム,Others,5,0.12%,https://cdn.donmai.us/sample/eb/6f/sample-eb6f61826687e173fa4005e6e9679332.jpg
dracaene_sunbringer,キャラ: Dracaene Sunbringer,Character,0,0.00%,https://cdn.donmai.us/original/b5/e0/b5e0e992361d988489da4796d4e1e3b0.mp4
sparkle_honkai:_star_rail,キャラ: Sparkle Honkai: Star Rail,Character,0,0.00%,https://cdn.donmai.us/sample/87/66/sample-8766ee014f76303bc69a49ed33f27cf4.jpg
sexy pose,Sexy Pose,Pose,7,0.17%,
womb,Womb,Others,7,0.17%,
lips,唇,Others,3,0.07%,https://cdn.donmai.us/sample/e0/fc/sample-e0fcef684f71fb88841629d7be6d4f5f.jpg
gasping,Gasping,Others,7,0.17%,
battery indicator,バッテリーインジケーター,Others,7,0.17%,
ass-to-ass,お尻から尻,Others,7,0.17%,
strangling,絞殺,Others,6,0.15%,https://cdn.donmai.us/sample/1f/78/sample-1f78f1c2e9f70a75bac8dccd02c18b41.jpg
necklace_between_breasts,キャラ: Necklace Between Breasts,Character,0,0.00%,https://cdn.donmai.us/sample/af/8a/sample-af8af5151336ddde4d9f550329bdc320.jpg
black t-shirt,Black T-shirt,Clothing,7,0.17%,
target#shocked,Target#shocked,Others,7,0.17%,
ponytail flowing gracefully in the wind,Ponytail Flowing Gracefully In The Wind,Others,7,0.17%,
twisted torso,ねじれた胴体,Others,7,0.17%,
raised inner eyebrows,Raised Inner Eyebrows,Others,7,0.17%,
open mouth ::   boy,キャラ: Open Mouth :: Boy,Character,7,0.17%,
extremely detailed 8k wallpaper,Extremely Detailed 8k Wallpaper,Background,7,0.17%,
emiya shirou cosplay,Emiya Shirou Cosplay,Others,7,0.17%,
beautiful femboy trap,キャラ: Beautiful Femboy Trap,Character,7,0.17%,
subtle erection outline gently visible through the velvet pantyhose,Subtle Erection Outline Gently Visible Through The Velvet Pantyhose,Clothing,7,0.17%,
covering mouth with both hands,Covering Mouth With Both Hands,Pose,7,0.17%,
covering own mouth,キャラ: Covering Own Mouth,Character,7,0.17%,
-2::male blush,キャラ: -2::male Blush,Character,7,0.17%,
nier:automata,作品: Nier:automata,Copyright,0,0.00%,https://cdn.donmai.us/sample/03/5b/sample-035bf384ec7ea7d6fed3bc63f6833ecd.jpg
being stepped on by a man on her belly,Being Stepped On By A Man On Her Belly,Others,7,0.17%,
body spasm,Body Spasm,Others,7,0.17%,
5girls,5ガールズ,Character,0,0.00%,https://cdn.donmai.us/sample/af/8a/sample-af8af5151336ddde4d9f550329bdc320.jpg
lifting own bikini tops with finger,Lifting Own Bikini Tops With Finger,Clothing,7,0.17%,
kei_student_blue_archive,キャラ: Kei Student Blue Archive,Character,0,0.00%,https://cdn.donmai.us/sample/bf/31/sample-bf31e42cbce8e3ba1358d79cde273d6a.jpg
disdain,軽蔑,Others,7,0.17%,
shocked face,キャラ: Shocked Face,Character,7,0.17%,
squirt love juice and cum,Squirt Love Juice And Cum,Others,7,0.17%,
::  4::arms behind back:: 2::bound wrists::  4::tape gag:: -3::clenched teeth::  boy,:: 4::arms Behind Back:: 2::bound Wrists:: 4::tape Gag:: -3::clenched Teeth:: Boy,Pose,7,0.17%,
facing side,Facing Side,Others,7,0.17%,
holding mizuki yukikaze,Holding Mizuki Yukikaze,Pose,7,0.17%,
matou sakura fate,Matou Sakura Fate,Others,7,0.17%,
niliu_chahui,ニリウ・チャフイ,Style,0,0.00%,https://cdn.donmai.us/sample/b7/2d/sample-b72d515ad8e27e14cb2b6d8af15b2194.jpg
sleeveless sweater,ノースリーブセーター,Others,7,0.17%,
Striped skirt,ストライプスカート,Clothing,7,0.17%,
clothes,服,Clothing,7,0.17%,
being Crucified on the cross,Being Crucified On The Cross,Others,7,0.17%,
-4::expose breasts,-4::expose Breasts,Pose,7,0.17%,
unaligned breasts,無整合の胸,Character,7,0.17%,
from_back,From Back,Others,7,0.17%,
bestiality,獣姦,Others,5,0.12%,https://cdn.donmai.us/sample/d7/97/sample-d797de8777f64784526fbf291f6d0cf0.jpg
black nail polish,Black Nail Polish,Others,7,0.17%,
-2::expose breasts,-2::expose Breasts,Pose,7,0.17%,
warm sunset lighting,Warm Sunset Lighting,Background,7,0.17%,
white polo shirt,White Polo Shirt,Clothing,7,0.17%,
people take picture of panties with smartphone,People Take Picture Of Panties With Smartphone,Clothing,7,0.17%,
breast press,乳房プレス,Character,7,0.17%,
face out of flame,キャラ: Face Out Of Flame,Character,7,0.17%,
head out of frame for fujimaru,Head Out Of Frame For Fujimaru,Others,7,0.17%,
white towel,白いタオル,Others,7,0.17%,
cuffs,カフス,Others,3,0.07%,https://cdn.donmai.us/sample/c6/0e/sample-c60ef006fa7ae2228e7a6003a915ef05.jpg
one-piece swimsuit pull,One-piece Swimsuit Pull,Clothing,7,0.17%,
dramatic light,Dramatic Light,Background,7,0.17%,
mizuki yukikaze,Yukikaze Mizuki,Others,7,0.17%,
raiden mei herrscher of thunder,Raiden Mei Herrscher Of Thunder,Others,7,0.17%,
mizuki shiranui,shiranui類,Others,7,0.17%,
off-shoulder,Off-shoulder,Others,7,0.17%,
black headband,黒いヘッドバンド,Others,7,0.17%,
male_rover_wuthering_waves,キャラ: Male Rover Wuthering Waves,Character,0,0.00%,https://cdn.donmai.us/sample/66/7a/sample-667a434f1391d112d9623bd57afd2e21.jpg
ballpoint pen medium,Ballpoint Pen Medium,Others,7,0.17%,
hair_scrunchie,髪のシュシュ,Character,0,0.00%,https://cdn.donmai.us/sample/d4/ab/sample-d4abd81147f71c4f18352728462f3447.jpg
on all fours,On All Fours,Others,7,0.17%,
nier_series,作品: Nier Series,Copyright,0,0.00%,https://cdn.donmai.us/sample/03/5b/sample-035bf384ec7ea7d6fed3bc63f6833ecd.jpg
red neck ribbon,Red Neck Ribbon,Clothing,7,0.17%,
alternate hairstyle,代替ヘアスタイル,Style,7,0.17%,
holding sheath,鞘を保持します,Pose,7,0.17%,
A-cup breasts,キャラ: A-cup Breasts,Character,7,0.17%,
zipper,ジッパー,Others,6,0.15%,https://cdn.donmai.us/sample/d2/16/sample-d216f323194566e81331bd73c3f5e4f0.jpg
crying.,Crying.,Others,7,0.17%,
close your one eye,Close Your One Eye,Others,7,0.17%,
bare shoulder,Bare Shoulder,Others,7,0.17%,
excessive_cum,過度の精液,Others,4,0.10%,https://cdn.donmai.us/sample/e6/df/sample-e6dfafaa91f58ae6fbb008d9c6ed78c1.jpg
white floral design,White Floral Design,Others,7,0.17%,
body freckles,体のそばかす,Others,7,0.17%,
narrow eyes,キャラ: Narrow Eyes,Character,7,0.17%,
muscle boy,キャラ: Muscle Boy,Character,7,0.17%,
yoga pants,ヨガパンツ,Others,7,0.17%,
Condom tied to pants hidden by skirt,Condom Tied To Pants Hidden By Skirt,Clothing,7,0.17%,
front-view,Front-view,Others,7,0.17%,
smelly clothes,Smelly Clothes,Clothing,7,0.17%,
against wall,壁に対して,Background,7,0.17%,
no face on fujimaru,キャラ: No Face On Fujimaru,Character,7,0.17%,
toe seam,つま先の縫い目,Others,7,0.17%,
from bird's eye view,From Bird's Eye View,Others,7,0.17%,
round neck,Round Neck,Others,7,0.17%,
face down,下向き,Character,7,0.17%,
frieren,Frieren,Character,1,0.02%,https://cdn.donmai.us/sample/59/38/sample-593811c3cb3703eea35b27aacd81ef39.jpg
purple thong.athletic,Purple Thong.athletic,Others,7,0.17%,
||dark|medium|light|| ||yellow|green|blue|red|orange|gray|pink|purple|brown|| eyes,||dark|medium|light|| ||yellow|green|blue|red|orange|gray|pink|purple|brown|| Eyes,Background,7,0.17%,
bottom less,Bottom Less,Others,7,0.17%,
accurate,Accurate,Others,7,0.17%,
butterfly_hair_ornament,蝶の髪の飾り,Character,0,0.00%,https://cdn.donmai.us/original/15/09/15093ee238699cbef08571ffe7c69c55.mp4
1girltsukikage yuriheartcatch precure!,キャラ: 1girltsukikage Yuriheartcatch Precure!,Character,6,0.15%,
no backfround,No Backfround,Others,6,0.15%,
Suffocating,Suffocating,Others,6,0.15%,
black ribbons,Black Ribbons,Clothing,6,0.15%,
loose socks,ゆるい靴下,Clothing,6,0.15%,
sea breeze,Sea Breeze,Others,6,0.15%,
pixelated pussy,Pixelated Pussy,Others,6,0.15%,
square neckline,正方形のネックライン,Others,6,0.15%,
cum puddle,Cum Puddle,Others,6,0.15%,
-3::skirt,-3::skirt,Clothing,6,0.15%,
tied shirt,縛られたシャツ,Clothing,6,0.15%,
::spoken heart,::spoken Heart,Others,6,0.15%,
hip-up::: looking back,Hip-up::: Looking Back,Pose,6,0.15%,
chandelier lighting,Chandelier Lighting,Pose,6,0.15%,
wavy_hair,ウェーブのかかった髪,Character,0,0.00%,https://cdn.donmai.us/sample/d4/54/sample-d4542bf0a87b7948af6041c3e16094a4.jpg
spoken_ellipsis,話し言葉,Others,4,0.10%,https://cdn.donmai.us/sample/22/c2/sample-22c2d501c6639ecf3f567caa96efb74d.jpg
lace-trimmed bra,レーストリミングブラジャー,Clothing,6,0.15%,
Arlecchinogenshin impact cosplay,Arlecchinogenshin Impact Cosplay,Others,6,0.15%,
nishizumi miho,西島ミホ,Others,6,0.15%,
light blue sundress,Light Blue Sundress,Clothing,6,0.15%,
undress,Undress,Clothing,6,0.15%,
bare_midriff,Bare Midriff,Others,6,0.15%,
rounded ass,Rounded Ass,Others,6,0.15%,
hands on glass,Hands On Glass,Pose,6,0.15%,
hands on knee,Hands On Knee,Pose,6,0.15%,
large belt buckle,Large Belt Buckle,Others,6,0.15%,
tokugawa matsuri,徳川松井,Others,6,0.15%,
mouth_mask,マウスマスク,Character,0,0.00%,https://cdn.donmai.us/sample/a7/16/sample-a716a8bf7e3711ff05c6d76793de93b0.jpg
jougasaki mika,ジュガサキ・ミカ,Others,6,0.15%,
large man,Large Man,Others,6,0.15%,
slight_blush,Slight Blush,Background,6,0.15%,
come hither,魅惑,Others,6,0.15%,
no text lana's mother pokemon,No Text Lana's Mother Pokemon,Others,6,0.15%,
thick lineart,Thick Lineart,Others,6,0.15%,
chainsaw_man,チェーンソーマン,Copyright,0,0.00%,https://cdn.donmai.us/sample/16/f0/sample-16f013f7c94dccaf879cb8fbd2afb968.jpg
crosshatching,クロスハッチング (交差斜線による陰影),Clothing,6,0.15%,
snoring,いびき,Others,6,0.15%,
lace-trimmed,Lace-trimmed,Others,6,0.15%,
open legs,Open Legs,Pose,6,0.15%,
leaning_back,後ろに傾いています,Pose,3,0.07%,https://cdn.donmai.us/sample/41/01/sample-410160cb2b298f588072b85c8afa80ad.jpg
2b_nier:automata,キャラ: 2b Nier:automata,Character,0,0.00%,https://cdn.donmai.us/sample/b8/a2/sample-b8a289856864553e3d0445af9d2594a5.jpg
head tilt mature female,Head Tilt Mature Female,Others,6,0.15%,
lumine_genshin_impact,キャラ: Lumine Genshin Impact,Character,0,0.00%,https://cdn.donmai.us/sample/38/d8/sample-38d88aaa897e5ac4b49f514178a6f885.jpg
shark_girl,サメの女の子,Character,0,0.00%,https://cdn.donmai.us/sample/4d/d5/sample-4dd5cce52b8e9794665c2bbe9b94d375.jpg
artist:dishwasher1910 ， centurii-chan,絵師: dishwasher1910 ， centurii-chan風,Style,6,0.15%,
blue miniskirt,Blue Miniskirt,Clothing,6,0.15%,
latex wrinkles,Latex Wrinkles,Others,6,0.15%,
silver accessories and jewelry,Silver Accessories And Jewelry,Others,6,0.15%,
no human clothing,No Human Clothing,Clothing,6,0.15%,
Cinematic lighting,映画風のドラマチックな照明,Background,6,0.15%,
zankuro,ザンクロ,Others,6,0.15%,
playing. splashing,Playing. Splashing,Others,6,0.15%,
knees not visible,Knees Not Visible,Others,6,0.15%,
*动作* smile,キャラ: *动作* Smile,Character,6,0.15%,
hands on own knees,膝の上,Pose,6,0.15%,
white eyes,白の目,Character,6,0.15%,
cum string,兼文字列,Others,6,0.15%,
lower body partially submerged in nectar and wrapped by living vines and flower petals for natural coverage,Lower Body Partially Submerged In Nectar And Wrapped By Living Vines And Flower Petals For Natural Coverage,Others,6,0.15%,
smelly feet,Smelly Feet,Others,6,0.15%,
lesbian sex,Lesbian Sex,Others,6,0.15%,
tall female,背の高い女性,Others,6,0.15%,
oil sheen:1.3、1girl 、 Realistic、dark room、nude,Oil Sheen:1.3、1girl 、 Realistic、dark Room、nude,Background,6,0.15%,
saber carrying toddler girl,キャラ: Saber Carrying Toddler Girl,Character,6,0.15%,
gentildonnaumamusume,Gentildonnaumamusume,Others,6,0.15%,
arm_under_breasts,胸の下で腕,Character,0,0.00%,https://cdn.donmai.us/sample/c6/53/sample-c6533f9564f90bf9ed3371547c1f4540.jpg
lifting own clothes,Lifting Own Clothes,Clothing,6,0.15%,
afternoon,Afternoon,Others,6,0.15%,
gradient background,グラデーション背景,Background,6,0.15%,
thin boy,キャラ: Thin Boy,Character,6,0.15%,
leaning_against_desk,Leaning Against Desk,Pose,6,0.15%,
legs focus,Legs Focus,Pose,6,0.15%,
tress,Tress,Others,6,0.15%,
8k wallpaper,8k Wallpaper,Background,6,0.15%,
one-piece_tan,ワンピース日焼け,Others,5,0.12%,https://cdn.donmai.us/sample/97/b4/sample-97b43e9df2ab157ee24bb71ff752fc5e.jpg
no text fujimaru ritsuka male fate/grand order,No Text Fujimaru Ritsuka Male Fate/grand Order,Others,6,0.15%,
lying on ground far away,Lying On Ground Far Away,Pose,6,0.15%,
no pupils,生徒はいません,Others,6,0.15%,
wearing only plant-formed elements: deep green leafy plant pantyhose and deep green plant long gloves with flower petal decorations,Wearing Only Plant-formed Elements: Deep Green Leafy Plant Pantyhose And Deep Green Plant Long Gloves With Flower Petal Decorations,Clothing,6,0.15%,
melowh,メロウ,Style,0,0.00%,https://cdn.donmai.us/sample/11/52/sample-115269bbc398fb67d552cfc5eedf7e74.jpg
polo shirt,ポロシャツ,Clothing,6,0.15%,
orange tie,Orange Tie,Clothing,6,0.15%,
ballroom,ボールルーム,Background,6,0.15%,
blue pajamas,青いパジャマ,Others,6,0.15%,
thick thigh,Thick Thigh,Others,6,0.15%,
fingerless gloves,指無し手袋,Others,6,0.15%,
girl's face,キャラ: Girl's Face,Character,6,0.15%,
artist:poharo,絵師: poharo風,Style,6,0.15%,
beige shirt,ベージュシャツ,Clothing,6,0.15%,
split-color_hair,スプリットカラーの髪,Character,0,0.00%,https://cdn.donmai.us/sample/b0/37/sample-b037d149cda764f50efb027f55d4c482.jpg
wlop,wlop,Others,6,0.15%,
kamado tanjirou cosplay,Kamado Tanjirou Cosplay,Others,6,0.15%,
nude male,Nude Male,Others,6,0.15%,
soft natural lighting,Soft Natural Lighting,Background,6,0.15%,
baba konomi,ババ・コノミー,Others,6,0.15%,
kujou saragenshin impact,Kujou Saragenshin Impact,Others,6,0.15%,
photorealistic water,Photorealistic Water,Others,6,0.15%,
pink shirt,ピンクのシャツ,Clothing,6,0.15%,
rabbit_girl,ウサギの女の子,Character,0,0.00%,https://cdn.donmai.us/sample/88/ab/sample-88ab6245c8296632448bcd4609e49481.jpg
supportive design,Supportive Design,Others,6,0.15%,
artist:abpart,絵師: abpart風,Style,6,0.15%,
taking off bra,Taking Off Bra,Clothing,6,0.15%,
-3::expose breasts,-3::expose Breasts,Pose,6,0.15%,
halter top,Halter Top,Others,6,0.15%,
upper body shot,Upper Body Shot,Others,6,0.15%,
full frontal,完全な正面,Others,6,0.15%,
detailed fingers,Detailed Fingers,Others,6,0.15%,
averting eyes,キャラ: Averting Eyes,Character,6,0.15%,
soft backlighting,Soft Backlighting,Background,6,0.15%,
strap gap,ストラップギャップ,Others,6,0.15%,
one hand on hip,One Hand On Hip,Pose,6,0.15%,
soft pout,Soft Pout,Others,6,0.15%,
ass pressed against another,Ass Pressed Against Another,Others,6,0.15%,
wide brim straw hat,Wide Brim Straw Hat,Clothing,6,0.15%,
hino akane idolmaster,Hino Akane Idolmaster,Others,6,0.15%,
karin_blue_archive,キャラ: Karin Blue Archive,Character,0,0.00%,https://cdn.donmai.us/sample/d2/dc/sample-d2dcccdc011e1c44189a642e3e730560.jpg
muscle male,Muscle Male,Others,6,0.15%,
1 girl  lying on back and streching legs,1 Girl Lying On Back And Streching Legs,Pose,6,0.15%,
no legs — lower bodies fused into the same giant flower kneeling on both sides of him inside the nectar,No Legs — Lower Bodies Fused Into The Same Giant Flower Kneeling On Both Sides Of Him Inside The Nectar,Pose,6,0.15%,
glowing pollen in the air,Glowing Pollen In The Air,Others,6,0.15%,
mimonel,ミモネル,Style,5,0.12%,https://cdn.donmai.us/sample/43/f2/sample-43f29c374ee498826026a899e37ac546.jpg
drinking,飲酒,Others,5,0.12%,https://cdn.donmai.us/sample/21/55/sample-21559dc89889766a454cbd54e37b82d7.jpg
looking at own stomach,Looking At Own Stomach,Others,6,0.15%,
acrobatic pose,Acrobatic Pose,Pose,6,0.15%,
cum drip,Cum Drip,Others,6,0.15%,
hand on head,頭の上,Pose,6,0.15%,
being pierced in her belly with a spear by a man,Being Pierced In Her Belly With A Spear By A Man,Others,6,0.15%,
male blush,キャラ: Male Blush,Character,6,0.15%,
pigeon-toed stance,Pigeon-toed Stance,Others,6,0.15%,
max_immelmann_azur_lane,キャラ: Max Immelmann Azur Lane,Character,0,0.00%,https://cdn.donmai.us/sample/92/db/sample-92db9b0849e1ab88c4fab83fd86ca07c.jpg
double v,double v,Others,6,0.15%,
star_hair_ornament,星の髪の飾り,Character,0,0.00%,https://cdn.donmai.us/sample/c6/ee/sample-c6ee8c6ab006478e0b41c2513f313341.jpg
windows,ウィンドウズ,Background,6,0.15%,
view from side,View From Side,Others,6,0.15%,
knees to chest,膝から胸,Others,6,0.15%,
erotic plant handjob and vine restraint,Erotic Plant Handjob And Vine Restraint,Pose,6,0.15%,
ellen_joe,キャラ: Ellen Joe,Character,0,0.00%,https://cdn.donmai.us/sample/4d/d5/sample-4dd5cce52b8e9794665c2bbe9b94d375.jpg
artist:momokan_kandume200,絵師: momokan_kandume200風,Style,6,0.15%,
black and red designed  one-piece swimsuit,Black And Red Designed One-piece Swimsuit,Clothing,6,0.15%,
source#hug waist,Source#hug Waist,Others,6,0.15%,
black vest,黒いベスト,Others,6,0.15%,
light brown skin,Light Brown Skin,Background,6,0.15%,
white short blanket over shoulders,White Short Blanket Over Shoulders,Others,6,0.15%,
three characters,Three Characters,Others,6,0.15%,
panties fully visible,Panties Fully Visible,Clothing,6,0.15%,
cum_string,兼文字列,Others,4,0.10%,https://cdn.donmai.us/sample/81/6e/sample-816e0e3da3cb255120640cdbb357c9ba.jpg
side-tie bikini,Side-tie Bikini,Clothing,6,0.15%,
barefeet,Barefeet,Others,6,0.15%,
unhooking bra,Unhooking Bra,Clothing,6,0.15%,
double belt,Double Belt,Others,6,0.15%,
soft edge,Soft Edge,Others,6,0.15%,
blue and white flowers,Blue And White Flowers,Others,6,0.15%,
small flower buds and vines growing on body,Small Flower Buds And Vines Growing On Body,Others,6,0.15%,
-1::nude,-1::nude,Others,6,0.15%,
creamboyo,Creamboyo風の絵柄,Style,0,0.00%,https://cdn.donmai.us/sample/38/b6/sample-38b607a67216d8a297ca43cae38e0d02.jpg
gently caressing and teasing his lower body with their plant hands and vine tendrils,Gently Caressing And Teasing His Lower Body With Their Plant Hands And Vine Tendrils,Pose,6,0.15%,
belly,腹,Others,4,0.10%,https://cdn.donmai.us/sample/e0/fc/sample-e0fcef684f71fb88841629d7be6d4f5f.jpg
soft skin,キャラ: Soft Skin,Character,6,0.15%,
walking on main street,Walking On Main Street,Background,6,0.15%,
"skindentation
sweat","キャラ: Skindentation
sweat",Character,6,0.15%,
bored,退屈,Others,6,0.15%,
warm smile,キャラ: Warm Smile,Character,6,0.15%,
peaked cap,ハンチング,Others,6,0.15%,
electro cicin mage genshin impact cosplay,Electro Cicin Mage Genshin Impact Cosplay,Others,6,0.15%,
size difference,サイズの違い,Others,6,0.15%,
loli face,キャラ: Loli Face,Character,6,0.15%,
bird_girl,鳥の女の子,Character,0,0.00%,https://cdn.donmai.us/sample/a4/6b/sample-a46b7815aa4a8cf9ace48bfe613b5342.jpg
starfire,スターファイア,Others,6,0.15%,
rabbit_ear_hairband,キャラ: Rabbit Ear Hairband,Character,0,0.00%,https://cdn.donmai.us/sample/41/83/sample-41833b427b0e16849f521cc080daee8b.jpg
covere_nipples,Covere Nipples,Others,6,0.15%,
Full-coverage bikini,Full-coverage Bikini,Clothing,6,0.15%,
guitar,ギター,Others,6,0.15%,
plump_ass,Plump Ass,Others,6,0.15%,
black shirt,黒シャツ,Clothing,6,0.15%,
bralines,ブラリン,Clothing,6,0.15%,
squinting eyes,キャラ: Squinting Eyes,Character,6,0.15%,
one leg grab,One Leg Grab,Others,6,0.15%,
open front,Open Front,Others,6,0.15%,
white plain cotton panties,White Plain Cotton Panties,Clothing,6,0.15%,
glowing,輝く,Others,5,0.12%,https://cdn.donmai.us/sample/57/3c/sample-573ce5299d50a49cee8f3243ed9e8735.jpg
curtain,Curtain,Others,6,0.15%,
fish_can_8,Fish Can 8風の絵柄,Style,0,0.00%,https://cdn.donmai.us/sample/99/17/sample-9917983343233d81cd27834e47b1d9a6.jpg
purple skirt,紫のスカート,Clothing,6,0.15%,
crotchless bottom,Crotchless Bottom,Others,6,0.15%,
wolf_girl,オオカミの女の子,Character,0,0.00%,https://cdn.donmai.us/sample/9e/80/sample-9e80d86ff3841723c9d034733f564e7b.jpg
frilled sleeves,フリルスリーブ,Others,6,0.15%,
thick fluffy fur collar,Thick Fluffy Fur Collar,Others,6,0.15%,
A spear with a pink beam blade,A Spear With A Pink Beam Blade,Others,6,0.15%,
off-shoulder_shirt,オフショルダーシャツ,Clothing,4,0.10%,https://cdn.donmai.us/original/a8/b1/a8b12c48e2107fe0be941ead7e2aa2b8.gif
golden nectar dripping from petals and bodies,Golden Nectar Dripping From Petals And Bodies,Others,6,0.15%,
hand in another's panties,Hand In Another's Panties,Clothing,6,0.15%,
breast_rest,豊胸手術,Character,0,0.00%,https://cdn.donmai.us/sample/84/54/sample-84541a7c1a6e805c8e0e92a8c72bd953.jpg
speaking,Speaking,Others,6,0.15%,
artist:nixeu,絵師: nixeu風,Style,6,0.15%,
breasts press,キャラ: Breasts Press,Character,6,0.15%,
bra visible,Bra Visible,Clothing,6,0.15%,
flirting,いちゃつく,Others,6,0.15%,
train interior,インテリアを列車,Others,6,0.15%,
amesuku,Amesuku,Others,6,0.15%,
artist:soleilsoleilmtfbwy03,絵師: soleilsoleilmtfbwy03風,Style,6,0.15%,
micro penis,Micro Penis,Others,6,0.15%,
from head to above knees,From Head To Above Knees,Others,6,0.15%,
implied fellatio,暗黙のフェラチオ,Others,6,0.15%,
artist:mignon,絵師: mignon風,Style,6,0.15%,
deep penetration::   -3::arm grab,Deep Penetration:: -3::arm Grab,Others,6,0.15%,
cantartellawuthering waves,Cantartellawuthering Waves,Others,6,0.15%,
three-quarter sleeves,Three-quarter Sleeves,Others,6,0.15%,
sexy trap,Sexy Trap,Others,6,0.15%,
ice cream,アイスクリーム,Others,6,0.15%,
photo realistic skin,キャラ: Photo Realistic Skin,Character,6,0.15%,
ash ketchum cosplay,Ash Ketchum Cosplay,Others,6,0.15%,
fat_mons,太ったモン,Others,6,0.15%,
shorts around one leg,片足の周りのショーツ,Others,6,0.15%,
no coat,コートなし,Others,6,0.15%,
shiny clothes,光沢のある服,Clothing,6,0.15%,
may pokemon,May Pokemon,Others,6,0.15%,
cap,Cap,Others,6,0.15%,
fertilization:: boy,キャラ: Fertilization:: Boy,Character,6,0.15%,
colored_skin,色付きの肌,Character,0,0.00%,https://cdn.donmai.us/sample/0b/20/sample-0b202c0f7a4ac8afbb402b985c26830a.jpg
crowd in background,Crowd In Background,Background,6,0.15%,
satou_kibiu_year 2026,Satou Kibiu Year 2026,Others,6,0.15%,
kind smile,キャラ: Kind Smile,Character,6,0.15%,
asakura otome,浅草球,Others,6,0.15%,
military pants,Military Pants,Others,6,0.15%,
ruffles,Ruffles,Others,6,0.15%,
shiny leather,Shiny Leather,Others,6,0.15%,
mating press,交尾プレス,Others,6,0.15%,
beige cardigan,ベージュ・カーディガン,Others,6,0.15%,
huge soft glowing petals forming a natural chamber filled with warm golden nectar at the bottom,Huge Soft Glowing Petals Forming A Natural Chamber Filled With Warm Golden Nectar At The Bottom,Others,6,0.15%,
slightly puckered lips,Slightly Puckered Lips,Background,6,0.15%,
:: people arm up,:: People Arm Up,Others,6,0.15%,
hakos_baelz,ハコス・バエルツ,Character,0,0.00%,https://cdn.donmai.us/sample/2e/92/sample-2e927aed52505514c1f2c9aa7be657b0.jpg
seamless,Seamless,Others,6,0.15%,
POV,主観,Others,6,0.15%,https://cdn.donmai.us/sample/e4/44/sample-e44401a662a15b1e324109bb3a76bc55.jpg
beautiful girl,キャラ: Beautiful Girl,Character,6,0.15%,
downtown,Downtown,Others,6,0.15%,
party,パーティー,Others,6,0.15%,
white sleeveless shirt,White Sleeveless Shirt,Clothing,6,0.15%,
tokyo,Tokyo,Others,6,0.15%,
half eyes,キャラ: Half Eyes,Character,6,0.15%,
no text agnes digital umamusume,No Text Agnes Digital Umamusume,Others,6,0.15%,
white belt,白いベルト,Others,6,0.15%,
a sitting man,A Sitting Man,Pose,6,0.15%,
american flag bikini,アメリカ国旗のビキニ,Clothing,6,0.15%,
floral hair ornament,キャラ: Floral Hair Ornament,Character,6,0.15%,
standing_doggystyle,Standing Doggystyle風の絵柄,Style,0,0.00%,https://cdn.donmai.us/original/4f/e4/4fe4ce4e87c7b5ce44d7f44ddf1546ed.mp4
black coat,黒いコート,Others,6,0.15%,
sweaty_breasts,キャラ: Sweaty Breasts,Character,0,0.00%,https://cdn.donmai.us/sample/80/e1/sample-80e18b632a41608b444fdc53ef5a9be4.jpg
flower band,Flower Band,Others,6,0.15%,
knees inward,Knees Inward,Others,6,0.15%,
ass squished,Ass Squished,Others,6,0.15%,
target#hug waist,Target#hug Waist,Others,6,0.15%,
red sweater,赤いセーター,Others,6,0.15%,
mushoku tensei,Mushoku Tensei,Others,6,0.15%,
stand behind girl,キャラ: Stand Behind Girl,Character,6,0.15%,
target#being cared girl,キャラ: Target#being Cared Girl,Character,6,0.15%,
breasts apart,胸は離れています,Character,6,0.15%,
string slingshot cupless red micro bikini,String Slingshot Cupless Red Micro Bikini,Clothing,6,0.15%,
grab her arm,Grab Her Arm,Others,6,0.15%,
lancer sleeping in background,Lancer Sleeping In Background,Background,6,0.15%,
finger_to_mouth,指から口,Character,0,0.00%,https://cdn.donmai.us/original/17/48/17481321675809aeb5467810ad6c732c.jpg
multicolored_eyes,多色の目,Character,0,0.00%,https://cdn.donmai.us/sample/60/da/sample-60da9e3767072a0c86482a01ec078ba9.jpg
curvaceous figure,Curvaceous Figure,Others,6,0.15%,
suspended congress,議会を一時停止,Others,6,0.15%,
intimate low angle view inside the giant flower,Intimate Low Angle View Inside The Giant Flower,Others,6,0.15%,
amami haruka idolmaster million live!,Amami Haruka Idolmaster Million Live!,Others,6,0.15%,
money gesture,お金のジェスチャー,Others,6,0.15%,
red hair,赤髪,Character,5,0.12%,
look at each other,Look At Each Other,Others,5,0.12%,
focus breast,キャラ: Focus Breast,Character,5,0.12%,
red scales on skins,キャラ: Red Scales On Skins,Character,5,0.12%,
black micro skirt,Black Micro Skirt,Clothing,5,0.12%,
fire_emblem,火の紋章,Copyright,0,0.00%,https://cdn.donmai.us/original/fc/eb/fcebc0c369c2577dd3223aeaea76c702.mp4
comiket_108,作品: Comiket 108,Copyright,0,0.00%,https://cdn.donmai.us/sample/26/c1/sample-26c1a47629c358e2b5f5935ee5744172.jpg
-2::bunny tail,-2::bunny Tail,Others,5,0.12%,
sex worker,Sex Worker,Others,5,0.12%,
yae_miko,イエ・ミコ,Character,0,0.00%,https://cdn.donmai.us/sample/b1/58/sample-b158ec01de6286e65955e0e0f26f85f3.jpg
rabbit ears,うさみみ,Others,5,0.12%,
wheat_stalk_in_mouth,キャラ: Wheat Stalk In Mouth,Character,5,0.12%,
bikini top,Bikini Top,Clothing,5,0.12%,
large ears,大きな耳,Others,5,0.12%,
squirt pink liquid from her pussy,Squirt Pink Liquid From Her Pussy,Others,5,0.12%,
anxious look,Anxious Look,Others,5,0.12%,
child porn,Child Porn,Others,5,0.12%,
cosplay she-venom,Cosplay She-venom,Others,5,0.12%,
sleeveless shirt,ノースリーブシャツ,Clothing,5,0.12%,
heart print,ハートプリント,Others,5,0.12%,
snake girl,キャラ: Snake Girl,Character,5,0.12%,
water splashing,Water Splashing,Others,5,0.12%,
put down one's hair,キャラ: Put Down One's Hair,Character,5,0.12%,
white  t-shirt :: 2:: denim shorts  ::    -3::skirt,White T-shirt :: 2:: Denim Shorts :: -3::skirt,Clothing,5,0.12%,
afternoon_sunlight,Afternoon Sunlight,Background,5,0.12%,
spy,スパイ,Others,5,0.12%,
partially different color skins,キャラ: Partially Different Color Skins,Character,5,0.12%,
slingshot swimsuit,Slingshot水着,Clothing,5,0.12%,
only black bodytight suit,Only Black Bodytight Suit,Others,5,0.12%,
fucked silly,愚かに犯された,Others,5,0.12%,
muchi maro,Muchi Maro,Others,5,0.12%,
milkshakework,Milkshakework風の絵柄,Style,0,0.00%,https://cdn.donmai.us/sample/26/c1/sample-26c1a47629c358e2b5f5935ee5744172.jpg
motion lines::-5::trembling,Motion Lines::-5::trembling,Others,5,0.12%,
succubus,Succubus,Others,5,0.12%,
"warm_glow
masterpiece","Warm Glow
masterpiece",Others,5,0.12%,
thick eyebrows,厚い眉,Others,5,0.12%,
rin standing at doorway stunned,Rin Standing At Doorway Stunned,Pose,5,0.12%,
grand entrance,Grand Entrance,Others,5,0.12%,
detailed background ::beach,Detailed Background ::beach,Background,5,0.12%,
source#carrying,Source#carrying,Others,5,0.12%,
overwatch,オーバーウォッチ,Copyright,0,0.00%,https://cdn.donmai.us/sample/1c/3b/sample-1c3b9683ffa1f1101e2e51ea548032bb.jpg
fuzzlogik,Fuzzlogik,Style,0,0.00%,https://cdn.donmai.us/sample/40/5c/sample-405c89b5ffd0dff589ef88267a6c3c69.jpg
arm around own waist,Arm Around Own Waist,Others,5,0.12%,
role:,Role:,Others,5,0.12%,
disappointed,残念だった,Others,5,0.12%,
eris greyrat,エリス・グレイラット,Others,5,0.12%,
violet_eyes,キャラ: Violet Eyes,Character,0,0.00%,https://safebooru.org/images/1095/3bc7e5b3ca8b340359d167a730f5bf9efb8da7d4.jpg
rags bikini cloth,Rags Bikini Cloth,Clothing,5,0.12%,
fishnet_tights,Fishnet Tights,Others,5,0.12%,
head on floor,Head On Floor,Background,5,0.12%,
Environment:,Environment:,Others,5,0.12%,
huge bat wings,Huge Bat Wings,Others,5,0.12%,
act:,Act:,Others,5,0.12%,
boucing hip,Boucing Hip,Others,5,0.12%,
She is wearing a red and white strapless one-piece leotard-style swimwear with a corset lacing detail to side. The leotard has red sleeves and arm coverings,She Is Wearing A Red And White Strapless One-piece Leotard-style Swimwear With A Corset Lacing Detail To Side. The Leotard Has Red Sleeves And Arm Coverings風の絵柄,Style,5,0.12%,
1 nude  brown skin man,キャラ: 1 Nude Brown Skin Man,Character,5,0.12%,
星铁官方画风solo,キャラ: 星铁官方画风solo,Character,5,0.12%,
target#one person lying supine on back,Target#one Person Lying Supine On Back,Pose,5,0.12%,
glowing purple public womb tattoos on stomach,Glowing Purple Public Womb Tattoos On Stomach,Others,5,0.12%,
hips,Hips,Others,5,0.12%,
glossy red symbiote with black veins covering entire body,Glossy Red Symbiote With Black Veins Covering Entire Body,Others,5,0.12%,
looking at the side,Looking At The Side,Others,5,0.12%,
thigh grab,太もものグラブ,Others,5,0.12%,
close one eye,Close One Eye,Others,5,0.12%,
-2::other people,-2::other People,Others,5,0.12%,
devil tail,Devil Tail,Others,5,0.12%,
black_skin male,キャラ: Black Skin Male,Character,5,0.12%,
oil sheen:1.3、1girl 、gray collar Calvin Klein undies bra、sweat wet bra、upper body、Locker room、tracen school uniform、uniform lifted by self、showing bra、from above、sweaty、eye shadow、sweaty、steam、female phenomenon、 heart eyes、looking for viewer、,Oil Sheen:1.3、1girl 、gray Collar Calvin Klein Undies Bra、sweat Wet Bra、upper Body、locker Room、tracen School Uniform、uniform Lifted By Self、showing Bra、from Above、sweaty、eye Shadow、sweaty、steam、female Phenomenon、 Heart Eyes、looking For Viewer、,Clothing,5,0.12%,
body:,Body:,Others,5,0.12%,
da vinci facing fujimaru,Da Vinci Facing Fujimaru,Others,5,0.12%,
dark red dragon horns,Dark Red Dragon Horns,Others,5,0.12%,
hands,手,Pose,5,0.12%,
naked reversed bunny,Naked Reversed Bunny,Others,5,0.12%,
solo 1.5::skindentation,キャラ: Solo 1.5::skindentation,Character,5,0.12%,
reizei mako,Reizei Mako,Others,5,0.12%,
downturned eyebrows,Downturned Eyebrows,Others,5,0.12%,
aggressive face,キャラ: Aggressive Face,Character,5,0.12%,
white-skinned boy,キャラ: White-skinned Boy,Character,5,0.12%,
a standing and grinning man,A Standing And Grinning Man,Pose,5,0.12%,
detailed foot,Detailed Foot,Others,5,0.12%,
yukihana_lamy,ユキハナ・ラミー,Character,0,0.00%,https://cdn.donmai.us/original/2d/61/2d614920a229f110cecdcac607522b4c.jpg
bandaid_hair_ornament,バンダイドの髪の飾り,Character,0,0.00%,https://cdn.donmai.us/sample/06/b8/sample-06b8ce9d72a368bca16cd62c2cd6b07f.jpg
white and light blue shirt,White And Light Blue Shirt,Clothing,5,0.12%,
tongue out、rough breathing、drooling lightly,Tongue Out、rough Breathing、drooling Lightly,Background,5,0.12%,
carrying toddler,Carrying Toddler,Others,5,0.12%,
-0.5::simple illustration,-0.5::simple Illustration,Others,5,0.12%,
ishikawa suzumi,Ishikawa Suzumi,Others,5,0.12%,
tia_nikke,キャラ: Tia Nikke,Character,0,0.00%,https://cdn.donmai.us/sample/af/8a/sample-af8af5151336ddde4d9f550329bdc320.jpg
standing doggystyle,Standing Doggystyle風の絵柄,Style,5,0.12%,
30~40 years old mature female,30~40 Years Old Mature Female,Others,5,0.12%,
black venom symbiote latex bodysuit,Black Venom Symbiote Latex Bodysuit,Others,5,0.12%,
tears in eyes,キャラ: Tears In Eyes,Character,5,0.12%,
cool air,Cool Air,Others,5,0.12%,
highheel thighhigh boots,Highheel Thighhigh Boots,Clothing,5,0.12%,
big man,Big Man,Others,5,0.12%,
juliana pokemon,Juliana Pokemon,Others,5,0.12%,
short dancer cloth,Short Dancer Cloth,Others,5,0.12%,
concerned face,キャラ: Concerned Face,Character,5,0.12%,
commercial light and shadow,Commercial light and shadow,Background,5,0.12%,
split,スプリット,Others,4,0.10%,https://cdn.donmai.us/sample/29/54/sample-295455328e448e3600955f5a2c7255a9.jpg
form side,Form Side,Others,5,0.12%,
no text pikachu anime,No Text Pikachu Anime,Others,5,0.12%,
window fog,窓の霧,Background,5,0.12%,
white spider pattern,White Spider Pattern,Others,5,0.12%,
fujimaru from neck down,Fujimaru From Neck Down,Others,5,0.12%,
sweaty、steam,Sweaty、steam,Others,5,0.12%,
greatsword_resting,Greatsword Resting,Others,5,0.12%,
shiori_novella,キャラ: Shiori Novella,Character,0,0.00%,https://cdn.donmai.us/sample/03/5b/sample-035bf384ec7ea7d6fed3bc63f6833ecd.jpg
:1.2::artist:sugoihi,:1.2::sugoihi,Others,5,0.12%,
source#one person lying supine on back,Source#one Person Lying Supine On Back,Pose,5,0.12%,
elbows on table,テーブルの肘,Others,5,0.12%,
scathach skadi swimsuit ruler third ascension fate,Scathach Skadi Swimsuit Ruler Third Ascension Fate,Clothing,5,0.12%,
naked rags cloth,Naked Rags Cloth,Others,5,0.12%,
one rags covering front body,One Rags Covering Front Body,Others,5,0.12%,
ass view angle,Ass View Angle,Others,5,0.12%,
knees under girl's leg,キャラ: Knees Under Girl's Leg,Character,5,0.12%,
lace-trimmed underwear,Lace-trimmed Underwear,Clothing,5,0.12%,
metal_hairband,金属ヘアバンド,Character,0,0.00%,https://cdn.donmai.us/sample/4d/d5/sample-4dd5cce52b8e9794665c2bbe9b94d375.jpg
worried expression,Worried Expression,Others,5,0.12%,
manhattan_cafe_umamusume,キャラ: Manhattan Cafe Umamusume,Character,0,0.00%,https://cdn.donmai.us/sample/8a/39/sample-8a39aa78fdf629dbbac21a5414393438.webm
izuna_blue_archive,キャラ: Izuna Blue Archive,Character,0,0.00%,https://cdn.donmai.us/sample/04/0d/sample-040d57ae84b9f196a17efa3517fc968c.jpg
loving gaze at horse,Loving Gaze At Horse,Others,5,0.12%,
violet color,Violet Color,Others,5,0.12%,
sandwiched,サンドイッチ,Others,4,0.10%,https://cdn.donmai.us/sample/4d/a5/sample-4da5c4afc262f228b8731014491980da.jpg
devil horns,Devil Horns,Others,5,0.12%,
single thighhighs,Single Thighhighs,Others,5,0.12%,
penis peneteration,Penis Peneteration,Others,5,0.12%,
head marking,Head Marking,Others,5,0.12%,
soldier,兵士,Others,5,0.12%,
flushed body,Flushed Body,Others,5,0.12%,
"hovering above body
 girl","キャラ: Hovering Above Body
 Girl",Character,5,0.12%,
frosted glass,霜のガラス,Others,5,0.12%,
happiness,Happiness,Others,5,0.12%,
bowl cut,ボウルカット,Others,5,0.12%,
sakurai chisato,さくらキサート,Others,5,0.12%,
on legs,On Legs,Pose,5,0.12%,
single bun,Single Bun,Others,5,0.12%,
no muscle,No Muscle,Others,5,0.12%,
anchorage_azur_lane,Anchorage Azur Lane,Others,5,0.12%,
megumin,メグミン,Character,0,0.00%,https://cdn.donmai.us/sample/11/52/sample-115269bbc398fb67d552cfc5eedf7e74.jpg
large randoseru backpack,Large Randoseru Backpack,Others,5,0.12%,
scheming,Scheming,Others,5,0.12%,
twin tails,Twin Tails,Others,5,0.12%,
hoshimi_miyabi,キャラ: Hoshimi Miyabi,Character,0,0.00%,https://cdn.donmai.us/sample/7e/59/sample-7e59a38b73f0c1f20f233c7d3bf28fba.jpg
artist: kink_tortoiseshell,絵師:  kink_tortoiseshell風,Style,5,0.12%,
cum in anus,Cum In Anus,Others,5,0.12%,
luciana_de_montefio_princess_on_holiday,キャラ: Luciana De Montefio Princess On Holiday,Character,0,0.00%,https://cdn.donmai.us/sample/c8/b5/sample-c8b5066b59342bb362bb9eb4cc0abe07.jpg
front door,Front Door,Others,5,0.12%,
half-clenched teeth,Half-clenched Teeth,Others,5,0.12%,
furred limbs,Furred Limbs,Others,5,0.12%,
legs out of frame,Legs Out Of Frame,Pose,5,0.12%,
cowgirl_boots,Cowgirl Boots,Clothing,5,0.12%,
underwear only,下着のみ,Clothing,5,0.12%,
Venom symbiote,Venom Symbiote,Others,5,0.12%,
ohogao,Ohogao,Others,4,0.10%,https://cdn.donmai.us/sample/cc/54/sample-cc54936352e38d7e35d32df44d85aa89.jpg
body on floor,Body On Floor,Background,5,0.12%,
crossed arms,交差した腕,Pose,5,0.12%,
striped pink panties focus,Striped Pink Panties Focus,Clothing,5,0.12%,
oppai loli,オパイロリ,Others,5,0.12%,
lab_coat,Lab Coat,Others,5,0.12%,
her hair emits soft radiant light,Her Hair Emits Soft Radiant Light,Background,5,0.12%,
furred thighs,キャラ: Furred Thighs,Character,5,0.12%,
kisaki_swimsuit_blue_archive,キャラ: Kisaki Swimsuit Blue Archive,Character,0,0.00%,https://cdn.donmai.us/sample/c8/34/sample-c8344bbe6947727cd2db27f172d76174.jpg
gold ornaments on body,Gold Ornaments On Body,Others,5,0.12%,
penis_on_face,顔にペニス,Character,0,0.00%,https://cdn.donmai.us/sample/66/7a/sample-667a434f1391d112d9623bd57afd2e21.jpg
-4::bare,-4::bare,Others,5,0.12%,
spanking,スパンキング,Others,5,0.12%,
artist: honkai:star rail official style,絵師:  honkai:star rail official style風,Style,5,0.12%,
slave,奴隷,Others,5,0.12%,
projectile cum,発射体兼,Others,5,0.12%,
-1::large eyes,キャラ: -1::large Eyes,Character,5,0.12%,
film light and shadow,Film light and shadow,Background,5,0.12%,
white panty peak,White Panty Peak,Others,5,0.12%,
white hat,White Hat,Clothing,5,0.12%,
in park,In Park,Others,5,0.12%,
shiny body,Shiny Body,Others,5,0.12%,
bikini only,Bikini Only,Clothing,5,0.12%,
sexy panties,Sexy Panties,Clothing,5,0.12%,
irida pokemon,Irida Pokemon,Others,5,0.12%,
||dark|medium|light|| ||yellow|green|blue|red|orange|gray|pink|purple|brown|blonde|black|| lace,||dark|medium|light|| ||yellow|green|blue|red|orange|gray|pink|purple|brown|blonde|black|| Lace,Background,5,0.12%,
Nipple rings,乳首リング,Others,5,0.12%,
sharp_tan_lines,Sharp Tan Lines,Others,5,0.12%,
artist:shinjiro,絵師: shinjiro風,Style,5,0.12%,
holding mug,Holding Mug,Pose,5,0.12%,
source#shocked,Source#shocked,Others,5,0.12%,
akigirls & Panzer,キャラ: Akigirls & Panzer,Character,5,0.12%,
breast_hold,豊胸手術,Character,0,0.00%,https://files.yande.re/sample/2d6d4902ab4122cfdfcf23a7231e457d/yande.re%201266162%20sample%20anus%20breast_hold%20censored%20hino_akane_%28vtuber%29%20indie_virtual_youtuber%20kurosawa_itsuki%20naked%20nipples%20pussy%20pussy_juice%20wet.jpg
grey thighhighs,灰色の太もも,Others,5,0.12%,
priestess_arknights,Priestess Arknights,Background,5,0.12%,
white chaldea jacket,White Chaldea Jacket,Others,5,0.12%,
female orgasm,女性のオルガスム,Others,5,0.12%,
Boy with hair covering his eyes,キャラ: Boy With Hair Covering His Eyes,Character,5,0.12%,
alley,路地,Others,5,0.12%,
tear eyes,キャラ: Tear Eyes,Character,5,0.12%,
horsebrown color horse、large body、adult horse、horse penis、wood fence、horse front legs on fence、blush,Horsebrown Color Horse、large Body、adult Horse、horse Penis、wood Fence、horse Front Legs On Fence、blush,Pose,5,0.12%,
dynamite erotic adult body,Dynamite Erotic Adult Body,Others,5,0.12%,
no humans,人無し,Others,5,0.12%,
shirayuki hina,Shirayuki Hina,Others,5,0.12%,
unbuttoned_top,Unbuttoned Top,Others,5,0.12%,
hands on own hips,Hands On Own Hips,Pose,5,0.12%,
e.c.ho,E.c.ho風の絵柄,Style,0,0.00%,https://cdn.donmai.us/sample/8f/5d/sample-8f5d0906198d81d25c2274793bec1c0c.jpg
||jeans,||jeans,Others,5,0.12%,
black panties,黒パン,Clothing,5,0.12%,
black thighhigh,Black Thighhigh,Others,5,0.12%,
armpit focus,脇の下強調,Others,5,0.12%,
sos_adult,Sos Adult,Others,5,0.12%,
undressed swimsuit,Undressed Swimsuit,Clothing,5,0.12%,
thick penis,Thick Penis,Others,5,0.12%,
denim shorts::  : 2::dark,Denim Shorts:: : 2::dark,Others,5,0.12%,
honkai:star rail official art,Honkai:star Rail Official Art,Others,5,0.12%,
looking back over shoulder,Looking Back Over Shoulder,Pose,5,0.12%,
target#being cared,Target#being Cared,Others,5,0.12%,
cute pink horizontally striped panties,Cute Pink Horizontally Striped Panties,Clothing,5,0.12%,
scheming expression,Scheming Expression,Others,5,0.12%,
40010prototype,40010プロトタイプ,Others,5,0.12%,
looking down on viewer,Looking Down On Viewer,Others,5,0.12%,
white garter straps,白いガーターストラップ,Others,5,0.12%,
very dark labia,Very Dark Labia,Others,5,0.12%,
juwel,Juwel,Others,5,0.12%,
lamia,ラミア,Others,5,0.12%,
"desk
masterpiece","Desk
masterpiece",Others,5,0.12%,
pale white skin,キャラ: Pale White Skin,Character,5,0.12%,
leaning,傾く,Pose,5,0.12%,
sweat drop,Sweat Drop,Others,5,0.12%,
ribs,リブ,Others,3,0.07%,https://cdn.donmai.us/sample/39/a4/sample-39a48bfbf8baf24a4dd52dc4a08e31ff.jpg
very short hair,非常に短い髪,Character,5,0.12%,
male thighs,キャラ: Male Thighs,Character,5,0.12%,
black chest piece,Black Chest Piece,Others,5,0.12%,
black frilled_dress,Black Frilled Dress,Clothing,5,0.12%,
furrowed eyebrows,Furrowed Eyebrows,Others,5,0.12%,
dancer,踊り子,Others,5,0.12%,
-1::fat,-1::fat,Others,5,0.12%,
matching Shinjuku delinquent girl outfits: black cropped leather jacket open,キャラ: Matching Shinjuku Delinquent Girl Outfits: Black Cropped Leather Jacket Open,Character,5,0.12%,
high heels pumps,High Heels Pumps,Others,5,0.12%,
hoshino_blue_archive,キャラ: Hoshino Blue Archive,Character,0,0.00%,https://cdn.donmai.us/sample/96/e9/sample-96e9f37f61c85bf633130b3fd8e22f3b.jpg
tohsaka rin fate,Tohsaka Rin Fate,Others,5,0.12%,
cutoff_denim_shorts,Cutoff Denim Shorts,Others,5,0.12%,
hanasaki akane,ハナサキアカネ,Others,5,0.12%,
White navy clothing,White Navy Clothing,Clothing,5,0.12%,
single breast grab,キャラ: Single Breast Grab,Character,5,0.12%,
breasts_squeezed_together,キャラ: Breasts Squeezed Together,Character,0,0.00%,https://cdn.donmai.us/sample/81/6e/sample-816e0e3da3cb255120640cdbb357c9ba.jpg
single_hair_bun,シングルヘアパン,Character,0,0.00%,https://cdn.donmai.us/original/ed/59/ed59ba7b069fc424bd6f713d497fba0a.png
gentildonna_umamusume,キャラ: Gentildonna Umamusume,Character,0,0.00%,https://cdn.donmai.us/sample/55/1f/sample-551f1ba405b0ead324852379f7c508f0.jpg
close mouth,キャラ: Close Mouth,Character,5,0.12%,
hasumi_blue_archive,キャラ: Hasumi Blue Archive,Character,0,0.00%,https://cdn.donmai.us/sample/15/18/sample-1518b1aaf9e82570d0b83b37d7c78947.jpg
full body red carnage symbiote suit,Full Body Red Carnage Symbiote Suit,Others,5,0.12%,
theme&Composition:,Theme&composition:,Others,5,0.12%,
girl's hand,Girl's Hand,Pose,5,0.12%,
black symbiote patterns,Black Symbiote Patterns,Others,5,0.12%,
Facial close-up,Facial Close-up,Others,5,0.12%,
cross section,Cross Section,Others,5,0.12%,
very long furry black hair,キャラ: Very Long Furry Black Hair,Character,5,0.12%,
male,Male,Others,5,0.12%,
gigi_murin,キャラ: Gigi Murin,Character,0,0.00%,https://cdn.donmai.us/sample/e6/8c/sample-e68cbe32ca7dc9f0d5a50ec68d369e84.jpg
ass press,ASSプレス,Others,5,0.12%,
huge head,Huge Head,Others,5,0.12%,
organic liquid texture,Organic Liquid Texture,Others,5,0.12%,
no text almond_eye_umamusume,No Text Almond Eye Umamusume,Others,5,0.12%,
open fur-trimmed jacket,Open Fur-trimmed Jacket,Others,5,0.12%,
standing at entrance,Standing At Entrance,Pose,5,0.12%,
clear panchira,Clear Panchira,Others,5,0.12%,
longe black calm hair,キャラ: Longe Black Calm Hair,Character,5,0.12%,
symbiote,symbiote,Others,5,0.12%,
many pedestrians in background,Many Pedestrians In Background,Background,5,0.12%,
Tap Dance City Umamusume PRETTY DERBY,Tap Dance City Umamusume Pretty Derby,Others,5,0.12%,
pale_skin,淡い肌,Character,0,0.00%,https://cdn.donmai.us/sample/4d/7a/sample-4d7a17459e1f85fdca436162aa324f89.jpg
cradling girl,キャラ: Cradling Girl,Character,5,0.12%,
small girl,キャラ: Small Girl,Character,5,0.12%,
pulling down straps,Pulling Down Straps,Others,5,0.12%,
white elbow gloves,White Elbow Gloves,Others,5,0.12%,
Dutch angle,ダッチアングル,Others,5,0.12%,
white t-shirt :: 5:: denim shorts  ::    -3::skirt,White T-shirt :: 5:: Denim Shorts :: -3::skirt,Clothing,5,0.12%,
mr. c.b. umamusume,Mr. C.b. Umamusume,Others,5,0.12%,
nanami touko,ナナミ・トウコ,Others,5,0.12%,
red bowtie,赤いボウタイ,Clothing,5,0.12%,
hand on own chest,自分の胸に手,Pose,5,0.12%,
pastel colors,パステルカラー,Others,5,0.12%,
red_plaid_shirt,Red Plaid Shirt,Clothing,5,0.12%,
flipped furs,Flipped Furs,Others,5,0.12%,
toddler girl smiling happily waving hand,Toddler Girl Smiling Happily Waving Hand,Pose,5,0.12%,
dragon tail,ドラゴンテール,Others,5,0.12%,
penis::  -2::male blush,キャラ: Penis:: -2::male Blush,Character,5,0.12%,
twintail,Twintail,Others,5,0.12%,
danganronpa_series,作品: Danganronpa Series,Copyright,0,0.00%,https://cdn.donmai.us/sample/68/d4/sample-68d4beeb60610af24de25c0e815c8195.jpg
bent over girl,キャラ: Bent Over Girl,Character,5,0.12%,
face-to-face,面と向かって,Character,1,0.02%,https://cdn.donmai.us/sample/54/a8/sample-54a839d7943e6e87d7d959e419235428.jpg
detailed upskirt view,Detailed Upskirt View,Clothing,5,0.12%,
detailed sweat,Detailed Sweat,Others,5,0.12%,
cervina,セルビナ,Others,5,0.12%,
red cap,Red Cap,Others,5,0.12%,
grope breasts,キャラ: Grope Breasts,Character,5,0.12%,
fern_sousou_no_frieren,キャラ: Fern Sousou No Frieren,Character,0,0.00%,https://cdn.donmai.us/sample/fa/80/sample-fa80da85aaafea6b1412853af91b7529.jpg
mococo_abyssgard,キャラ: Mococo Abyssgard,Character,0,0.00%,https://cdn.donmai.us/sample/5f/dc/sample-5fdc2dc4198b3930ac3a8feb5ba19513.jpg
|dolphine shorts,|dolphine Shorts,Others,5,0.12%,
dragon_girl,ドラゴンガール,Character,0,0.00%,https://cdn.donmai.us/original/1e/30/1e30423e5e9d1d6e74f38d1eb1d50bc4.jpg
no_face_male,キャラ: No Face Male,Character,5,0.12%,
tirano_tenchou,Tirano Tenchou風の絵柄,Style,0,0.00%,https://cdn.donmai.us/sample/bf/31/sample-bf31e42cbce8e3ba1358d79cde273d6a.jpg
gakuen_idolmaster,作品: Gakuen Idolmaster,Copyright,0,0.00%,https://cdn.donmai.us/sample/2f/07/sample-2f0797133c746e1ad353df40596498ac.jpg
bald head,Bald Head,Others,5,0.12%,
v over eye,v目の上,Others,5,0.12%,
kono_subarashii_sekai_ni_shukufuku_wo!,コノスバラシイsekai ni shukufuku wo！,Copyright,0,0.00%,https://cdn.donmai.us/sample/11/52/sample-115269bbc398fb67d552cfc5eedf7e74.jpg
-1.0::tongue out,-1.0::tongue Out,Others,5,0.12%,
cum_on_hair,髪の毛に精液,Character,0,0.00%,https://cdn.donmai.us/sample/5a/34/sample-5a345c38d7a86d07000c20b8e9b984f8.jpg
center frills,センターフリル,Others,5,0.12%,
white high-slit dresstranslucent fabric,White High-slit Dresstranslucent Fabric,Clothing,5,0.12%,
long flowing blonde hair,キャラ: Long Flowing Blonde Hair,Character,5,0.12%,
dual wielding,デュアルウィールド,Others,5,0.12%,
towel around neck,首の周りのタオル,Others,5,0.12%,
low twintails,低い小売,Others,5,0.12%,
view from below,View From Below,Others,5,0.12%,
pikachu on shoulder,Pikachu On Shoulder,Others,5,0.12%,
artist:aineko,絵師: aineko風,Style,5,0.12%,
frowned,Frowned,Others,5,0.12%,
tanzaku,タンザク,Others,5,0.12%,
glamorous,Glamorous,Others,5,0.12%,
mansion doorway,Mansion Doorway,Others,5,0.12%,
hand up,手を挙げる,Pose,5,0.12%,
white thighhighs,白ニーソ,Others,5,0.12%,
hallway boy,キャラ: Hallway Boy,Character,5,0.12%,
standing pose,Standing Pose,Pose,5,0.12%,
black short hair,キャラ: Black Short Hair,Character,5,0.12%,
sadistic,Sadistic,Others,5,0.12%,
oily sking,キャラ: Oily Sking,Character,5,0.12%,
black ear tips,Black Ear Tips,Others,5,0.12%,
bra_strap,ブラストラップ,Clothing,4,0.10%,https://cdn.donmai.us/original/bc/1e/bc1ef83a251f1a6ce8fd9656fb16aae8.png
goblin girl,キャラ: Goblin Girl,Character,5,0.12%,
mature huge marriageable body,Mature Huge Marriageable Body,Others,5,0.12%,
ponytail and jacket flowing gracefully in the wind,Ponytail And Jacket Flowing Gracefully In The Wind,Others,5,0.12%,
red turtleneck sweater,Red Turtleneck Sweater,Others,5,0.12%,
Put your hands on your hips,Put Your Hands On Your Hips,Pose,5,0.12%,
skirt grab,スカートグラブ,Clothing,5,0.12%,
upturned eyes,上向きの目,Character,5,0.12%,
mouth covered,キャラ: Mouth Covered,Character,5,0.12%,
gold bird pattern,Gold Bird Pattern,Others,5,0.12%,
holding hands,手をつないで,Pose,5,0.12%,
ass_visible_through_clothes,Ass Visible Through Clothes,Clothing,5,0.12%,
long shadows,Long Shadows,Background,5,0.12%,
close_up,接写 (クローズアップ),Others,5,0.12%,
torn_pants,破れたズボン,Others,3,0.07%,https://cdn.donmai.us/sample/2d/98/sample-2d98dc052c7bcfdd9738108377c50750.jpg
colored_pubic_hair,色付きの陰毛,Character,0,0.00%,https://cdn.donmai.us/original/31/30/31301ea250d9d6f8ffc49371ce2c3954.png
toki_blue_archive,キャラ: Toki Blue Archive,Character,0,0.00%,https://cdn.donmai.us/original/ed/5b/ed5b4c7b179679335439f35e00a96783.jpg
clothes lift,たくしあげ,Clothing,5,0.12%,
sharp symbiote edges,Sharp Symbiote Edges,Others,5,0.12%,
dark navy ribbon tie,Dark Navy Ribbon Tie,Clothing,5,0.12%,
jane_doe_zenless_zone_zero,キャラ: Jane Doe Zenless Zone Zero,Character,0,0.00%,https://cdn.donmai.us/sample/d2/dc/sample-d2dcccdc011e1c44189a642e3e730560.jpg
breast grab,乳房グラブ,Character,5,0.12%,
doggy style,Doggy Style風の絵柄,Style,5,0.12%,
violet scales,Violet Scales,Others,5,0.12%,
female_rover_wuthering_waves,キャラ: Female Rover Wuthering Waves,Character,0,0.00%,https://cdn.donmai.us/sample/6f/c3/sample-6fc3e88ff944ec726ccb91882108c85b.jpg
dark gray rags bikini,Dark Gray Rags Bikini,Clothing,5,0.12%,
she-carnage,She-carnage,Others,5,0.12%,
female rover wuthering waves,Female Rover Wuthering Waves,Others,5,0.12%,
masterworks,Masterworks,Others,5,0.12%,
lustful,Lustful,Others,5,0.12%,
binggong_asylum,ビンゴン亡命,Others,5,0.12%,
amazing,Amazing,Others,5,0.12%,
glass door,ガラスのドア,Others,5,0.12%,
rubble,瓦礫,Others,5,0.12%,
half close eyes,キャラ: Half Close Eyes,Character,5,0.12%,
ornament decoration on body,Ornament Decoration On Body,Others,5,0.12%,
huge ears,Huge Ears,Others,5,0.12%,
grinding,研削,Others,5,0.12%,
hair_rings,ヘアリング,Character,0,0.00%,https://cdn.donmai.us/sample/01/14/sample-0114ed04a193913970ba908067dee00f.jpg
-1.5::flat color,-1.5::flat Color,Others,5,0.12%,
grabbing_another's_head,Grabbing Another's Head,Others,4,0.10%,https://cdn.donmai.us/sample/98/f9/sample-98f9c49712c0069223893d44dc958efb.jpg
blood on penis :: uncensored,Blood On Penis :: Uncensored,Others,5,0.12%,
|| wariza,|| Wariza,Others,5,0.12%,
long naginata girl,キャラ: Long Naginata Girl,Character,5,0.12%,
floral lace,Floral Lace,Others,5,0.12%,
hovering above body,Hovering Above Body,Others,5,0.12%,
heart_hair_ornament,ハートヘアの飾り,Character,0,0.00%,https://cdn.donmai.us/sample/06/b8/sample-06b8ce9d72a368bca16cd62c2cd6b07f.jpg
yume kawaii,Yume Kawaii,Others,5,0.12%,
dog_girl,犬娘,Character,0,0.00%,https://cdn.donmai.us/sample/5f/dc/sample-5fdc2dc4198b3930ac3a8feb5ba19513.jpg
after fellatio,フェラチオの後,Others,5,0.12%,
red ribbon,赤いリボン,Clothing,5,0.12%,
long_tail,ロングテール,Others,5,0.12%,
style:,Style:風の絵柄,Style,5,0.12%,
furred shoulders,Furred Shoulders,Others,5,0.12%,
artist:ldz-626,絵師: ldz-626風,Style,5,0.12%,
standing behind girl,Standing Behind Girl,Pose,5,0.12%,
rabbit headband,Rabbit Headband,Others,5,0.12%,
legs spread,Legs Spread,Pose,5,0.12%,
sex slave,Sex Slave,Others,5,0.12%,
pov against glass door,Pov Against Glass Door,Others,5,0.12%,
tall,高い,Others,5,0.12%,
tia_sea_lizzie_nikke,キャラ: Tia Sea Lizzie Nikke,Character,0,0.00%,https://cdn.donmai.us/sample/af/8a/sample-af8af5151336ddde4d9f550329bdc320.jpg
white_clouds,White Clouds,Others,5,0.12%,
two-tone lace,Two-tone Lace,Others,5,0.12%,
bandaged limbs,Bandaged Limbs,Others,5,0.12%,
romance,Romance,Others,5,0.12%,
-1::monochrome,-1::monochrome,Others,5,0.12%,
thighhights,Thighhights,Others,5,0.12%,
honkai:star railgame cg,Honkai:star Railgame Cg,Others,5,0.12%,
being rubbed her breasts,Being Rubbed Her Breasts,Background,5,0.12%,
no bareskin legs,No Bareskin Legs,Pose,5,0.12%,
-2::bed,-2::bed,Background,5,0.12%,
black micro bikini,Black Micro Bikini,Clothing,5,0.12%,
afternoon_light,Afternoon Light,Background,5,0.12%,
leg grab,脚のグラブ,Others,5,0.12%,
1 nude big faceless brown skin man::  -2::male blush,キャラ: 1 Nude Big Faceless Brown Skin Man:: -2::male Blush,Character,5,0.12%,
multiple_hairclips,キャラ: Multiple Hairclips,Character,0,0.00%,https://cdn.donmai.us/sample/b4/e4/sample-b4e4f04d75e793e2c4231fcec881d850.jpg
akiyama enma,秋山エンマ,Others,5,0.12%,
full-face blush,フルフェイスブラッシュ,Character,5,0.12%,
scenery,景色,Background,5,0.12%,
business suit,スーツ,Others,5,0.12%,
cross legs,Cross Legs,Pose,5,0.12%,
dangerous aura,Dangerous Aura,Others,5,0.12%,
crazy eyes,クレイジーな目,Character,5,0.12%,
very pointy huge breasts,キャラ: Very Pointy Huge Breasts,Character,5,0.12%,
one-piece swimsuit,一部位の水着,Clothing,5,0.12%,
male perspective,Male Perspective,Others,5,0.12%,
wheat_field,小麦畑,Others,5,0.12%,
licking penis,ペニスをなめる,Others,5,0.12%,
kaname madoka magical girl,キャラ: Kaname Madoka Magical Girl,Character,5,0.12%,
Roll your eyes,キャラ: Roll Your Eyes,Character,5,0.12%,
pixie cut,ピクシーカット,Others,5,0.12%,
nervous eyes,キャラ: Nervous Eyes,Character,5,0.12%,
dragon_girl red,キャラ: Dragon Girl Red,Character,5,0.12%,
floating_hair,浮かぶ髪,Character,0,0.00%,https://cdn.donmai.us/sample/3c/5f/sample-3c5f2170dd4275b905ab80170a08623c.jpg
presenting,提示,Others,5,0.12%,
grey shirt,灰色のシャツ,Clothing,5,0.12%,
crazy,クレイジー,Others,5,0.12%,
mesugaki,Mesugaki,Others,4,0.10%,https://cdn.donmai.us/sample/1f/78/sample-1f78f1c2e9f70a75bac8dccd02c18b41.jpg
otokakoto,Otokakoto風の絵柄,Style,0,0.00%,https://cdn.donmai.us/sample/50/87/sample-50879caa9756457571fdec72e9dc84a4.jpg
double arms,Double Arms,Pose,4,0.10%,
sensual mood,Sensual Mood,Others,4,0.10%,
sono bisque doll wa koi wo suru,Sono Bisque Doll wa koi wo suru,Others,4,0.10%,
pale darkbrown skin,キャラ: Pale Darkbrown Skin,Character,4,0.10%,
speed blur,Speed Blur,Others,4,0.10%,
hyperdetailed,Hyperdetailed,Others,4,0.10%,
red and blue neon reflections on skin and clothing,Red And Blue Neon Reflections On Skin And Clothing,Clothing,4,0.10%,
full-face_blush,フルフェイスブラッシュ,Character,0,0.00%,https://cdn.donmai.us/sample/2f/07/sample-2f0797133c746e1ad353df40596498ac.jpg
soft focus,ソフトフォーカス,Others,4,0.10%,
cum trail,Cum Trail,Others,4,0.10%,
black obi belt,Black Obi Belt,Others,4,0.10%,
cum on leg,Cum On Leg,Others,4,0.10%,
back of head   3::pov hands,Back Of Head 3::pov Hands,Pose,4,0.10%,
sitting very closely behind Artoria Pendragon Alter on the rear seat,Sitting Very Closely Behind Artoria Pendragon Alter On The Rear Seat,Pose,4,0.10%,
ananga,Ananga,Others,4,0.10%,
aki_mmtghdak,Aki Mmtghdak風の絵柄,Style,0,0.00%,https://cdn.donmai.us/sample/0f/85/sample-0f8593f55989cf2dcfb7341e5382da70.jpg
light pink panties,Light Pink Panties,Clothing,4,0.10%,
magia baiser,Magia Baiser,Others,4,0.10%,
astra_yao,キャラ: Astra Yao,Character,0,0.00%,https://cdn.donmai.us/sample/41/83/sample-41833b427b0e16849f521cc080daee8b.jpg
plant-style long gloves made of leafy vines,Plant-style Long Gloves Made Of Leafy Vines風の絵柄,Style,4,0.10%,
crowd of people walking in background,Crowd Of People Walking In Background,Background,4,0.10%,
mansion entrance,Mansion Entrance,Others,4,0.10%,
applejack_tattoo,Applejack Tattoo,Others,4,0.10%,
lifeless eyes,キャラ: Lifeless Eyes,Character,4,0.10%,
girl's body close-up,キャラ: Girl's Body Close-up,Character,4,0.10%,
no spirit,No Spirit,Others,4,0.10%,
green skirt,緑のスカート,Clothing,4,0.10%,
ebifurya,evifurya,Style,0,0.00%,https://cdn.donmai.us/sample/49/2e/sample-492e643c6019141147c72cc73ef56c28.jpg
bird eye view,Bird Eye View,Others,4,0.10%,
1male,1male,Others,4,0.10%,
reverse_cowgirl_position,逆カウガールの位置,Character,0,0.00%,https://cdn.donmai.us/original/41/fc/41fcab9c47804a1ddb441d9703b69946.jpg
hand grab,手をつかむ,Pose,4,0.10%,
opened eyes,キャラ: Opened Eyes,Character,4,0.10%,
no panties.,No Panties.,Clothing,4,0.10%,
japanese_audio,Japanese Audio,Others,4,0.10%,
red stained glass light,Red Stained Glass Light,Background,4,0.10%,
emotionless sex,感情のないセックス,Others,4,0.10%,
Copyrights : Honkai:StarRail,Copyrights : Honkai:starrail,Others,4,0.10%,
aquarium,水族館,Others,4,0.10%,
being hold her hair,キャラ: Being Hold Her Hair,Character,4,0.10%,
gold lotus petal accents,Gold Lotus Petal Accents,Others,4,0.10%,
leaning  foward,Leaning Foward,Pose,4,0.10%,
peace sign,Peace Sign,Others,4,0.10%,
dramatic distant view,Dramatic Distant View,Others,4,0.10%,
shadowed face,Shadowed Face,Background,4,0.10%,
each man standing side by side of the view,Each Man Standing Side By Side Of The View,Pose,4,0.10%,
low braided bun,Low Braided Bun,Clothing,4,0.10%,
anime,Anime,Others,4,0.10%,
remielle_dan_moonlight_whispers,キャラ: Remielle Dan Moonlight Whispers,Character,0,0.00%,https://cdn.donmai.us/sample/a7/16/sample-a716a8bf7e3711ff05c6d76793de93b0.jpg
Artist : mery_yangmalgage,Artist : Mery Yangmalgage,Others,4,0.10%,
gesugao,gesugao,Others,4,0.10%,
green-pink plant skin with flower motifs,キャラ: Green-pink Plant Skin With Flower Motifs,Character,4,0.10%,
white shirts,White Shirts,Clothing,4,0.10%,
arm support,アームサポート,Others,4,0.10%,
yue_show-ei,Yue Show-ei,Others,4,0.10%,
caulifla,カリフラ,Others,4,0.10%,
blue pupils,青い生徒,Others,4,0.10%,
pov sex,Pov Sex,Others,4,0.10%,
long sidelocks,Long Sidelocks,Others,4,0.10%,
nvl,NVL,Style,0,0.00%,https://cdn.donmai.us/sample/c6/5a/sample-c65ade3e102e83d00ffcde8512f741bc.jpg
low twin braids,低双子の三つ編み,Clothing,4,0.10%,
hasumi_swimsuit_blue_archive,キャラ: Hasumi Swimsuit Blue Archive,Character,0,0.00%,https://cdn.donmai.us/sample/39/a6/sample-39a6c350203373c6dcf9caade62bf7f9.jpg
dark brown cow horns,Dark Brown Cow Horns,Others,4,0.10%,
overlighting2::pokemon_official_art,Overlighting2::pokemon Official Art,Background,4,0.10%,
anastasya_feodorovna_snezhnaya,キャラ: Anastasya Feodorovna Snezhnaya,Character,0,0.00%,https://cdn.donmai.us/sample/f0/35/sample-f0353bde0fb0fcaeeee18dec2a41762a.jpg
confident seductive smile,キャラ: Confident Seductive Smile,Character,4,0.10%,
neck down,Neck Down,Others,4,0.10%,
no text buena_vista_umamusume,No Text Buena Vista Umamusume,Others,4,0.10%,
orc girl,キャラ: Orc Girl,Character,4,0.10%,
lotus motif,Lotus Motif,Others,4,0.10%,
colored condom,色付きのコンドーム,Others,4,0.10%,
neon reflections on skin and clothing,Neon Reflections On Skin And Clothing,Clothing,4,0.10%,
doyagao,ドヤガオ,Others,4,0.10%,
manjuu_azur_lane,キャラ: Manjuu Azur Lane,Character,0,0.00%,https://cdn.donmai.us/sample/9b/59/sample-9b599a3468c7a9efbe1af87dbda2f8b0.jpg
ornate clothes,華やかな服,Clothing,4,0.10%,
being kissed,Being Kissed,Others,4,0.10%,
no cape,No Cape,Others,4,0.10%,
remilia_scarlet,レミリアスカーレット,Character,0,0.00%,https://cdn.donmai.us/sample/52/f6/sample-52f6d2bcfbf246872936106448188a51.jpg
skin already turned soft green-pink with subtle flower patterns and glossy sheen,キャラ: Skin Already Turned Soft Green-pink With Subtle Flower Patterns And Glossy Sheen,Character,4,0.10%,
half-open mouth:: -4::closed mouth :,キャラ: Half-open Mouth:: -4::closed Mouth :,Character,4,0.10%,
one eye opened,One Eye Opened,Others,4,0.10%,
artist:amearare,絵師: amearare風,Style,4,0.10%,
warm sunset glow,Warm Sunset Glow,Others,4,0.10%,
sweaty feet,Sweaty Feet,Others,4,0.10%,
gray full-body tattoos,Gray Full-body Tattoos,Others,4,0.10%,
the other hand gently stroking his thigh and hip over the pantyhose,The Other Hand Gently Stroking His Thigh And Hip Over The Pantyhose,Clothing,4,0.10%,
looking through own legs,Looking Through Own Legs,Pose,4,0.10%,
hugging each other,Hugging Each Other,Others,4,0.10%,
sigrid_de_l'azur,キャラ: Sigrid De L'azur,Character,0,0.00%,https://cdn.donmai.us/sample/c7/4c/sample-c74cd6e4f8f62ecbaf97b53916e713d9.jpg
covering_own_mouth,キャラ: Covering Own Mouth,Character,0,0.00%,https://cdn.donmai.us/sample/ce/69/sample-ce69b49b0e05112b17c280aefb5f8c38.jpg
net thighhighs,Net Thighhighs,Others,4,0.10%,
godlike aura,Godlike Aura,Others,4,0.10%,
mlynar_arknights_cosplay_applejack,Mlynar Arknights Cosplay Applejack,Background,4,0.10%,
Older man,Older Man,Others,4,0.10%,
minami toshimi,ミナミ・トシミ,Others,4,0.10%,
wearing super cute yoga outfit: tight black cropped long sports-and-lace  underwire bra with cute straps,Wearing Super Cute Yoga Outfit: Tight Black Cropped Long Sports-and-lace Underwire Bra With Cute Straps,Clothing,4,0.10%,
superman_series,作品: Superman Series,Copyright,0,0.00%,https://cdn.donmai.us/sample/10/f4/sample-10f438135ef5b63d9adac108aa49cdef.jpg
reverse upright straddle,直立したストラッドを逆にします,Others,4,0.10%,
suujiniku,suujiniku,Style,0,0.00%,https://cdn.donmai.us/sample/04/3b/sample-043bcd4dbc192d8033d22c5d17d7eb2b.jpg
white pale skin,キャラ: White Pale Skin,Character,4,0.10%,
light skin,Light Skin,Background,4,0.10%,
-3::multiple views,-3::multiple Views,Others,4,0.10%,
dynamic hair flow,キャラ: Dynamic Hair Flow,Character,4,0.10%,
sticking,Sticking,Others,4,0.10%,
Unease,Unease,Others,4,0.10%,
ye_shunguang,キャラ: Ye Shunguang,Character,0,0.00%,https://cdn.donmai.us/sample/7e/59/sample-7e59a38b73f0c1f20f233c7d3bf28fba.jpg
::  spread legs,:: Spread Legs,Pose,4,0.10%,
third ascension kama,Third Ascension Kama,Others,4,0.10%,
tsukishima koko,ココ島,Others,4,0.10%,
black_skin_male,キャラ: Black Skin Male,Character,4,0.10%,
large thighs,キャラ: Large Thighs,Character,4,0.10%,
water magic,Water Magic,Others,4,0.10%,
pink pony tail hair,キャラ: Pink Pony Tail Hair,Character,4,0.10%,
bound legs::  2::looking at viewer::    0::looking to the side,Bound Legs:: 2::looking At Viewer:: 0::looking To The Side,Pose,4,0.10%,
spear,槍,Others,3,0.07%,https://safebooru.org/images/1095/8b243eea433afe8fdba3bcef950af150e2860abb.png
school gym,School Gym,Others,4,0.10%,
No panties,ノーパン,Clothing,4,0.10%,
chest sarashi,チェストサラシ,Others,4,0.10%,
evil grin,邪悪なにやにや笑い,Others,4,0.10%,
flying_sweatdrops in air,Flying Sweatdrops In Air,Pose,4,0.10%,
pink_hairband,ピンクのヘアバンド,Character,0,0.00%,https://cdn.donmai.us/sample/f7/ad/sample-f7ade704eb1db8424851de91470d951c.jpg
"spoken_heart
classroom","Spoken Heart
classroom",Background,4,0.10%,
super saiyan,スーパーサイヤ人,Others,4,0.10%,
front-tie top,フロントタイトップ,Clothing,4,0.10%,
too_many_condoms,Too Many Condoms,Others,4,0.10%,
looking down a penis,Looking Down A Penis,Others,4,0.10%,
blue purple energy accents,Blue Purple Energy Accents,Others,4,0.10%,
heart choker,ハートチョーカー,Others,4,0.10%,
white stocking,White Stocking,Others,4,0.10%,
boy_on_top,上に少年,Character,0,0.00%,https://cdn.donmai.us/sample/2c/39/sample-2c3988173c3c2901076cebe8f8617fdd.webm
deep blue panties,Deep Blue Panties,Clothing,4,0.10%,
lightning magic,Lightning Magic,Background,4,0.10%,
cum drop,Cum Drop,Others,4,0.10%,
light trail,ライトトレイル,Background,4,0.10%,
tan line,Tan Line,Others,4,0.10%,
witch hat,魔女の帽子,Clothing,4,0.10%,
-2::multiple panels,-2::multiple Panels,Others,4,0.10%,
Artist : Anmi,Artist : Anmi,Others,4,0.10%,
tongue piercing,舌のピアス,Others,4,0.10%,
:: 2::residential area,:: 2::residential Area,Others,4,0.10%,
sphere_hair_ornament,キャラ: Sphere Hair Ornament,Character,0,0.00%,https://cdn.donmai.us/sample/b7/33/sample-b7335091134ea2a4d4e8824e711ffe3a.jpg
no text durandal_umamusume,No Text Durandal Umamusume,Others,4,0.10%,
naga_nikke,キャラ: Naga Nikke,Character,0,0.00%,https://cdn.donmai.us/sample/af/8a/sample-af8af5151336ddde4d9f550329bdc320.jpg
school swimwear,School Swimwear,Others,4,0.10%,
Candid shot,Candid Shot,Others,4,0.10%,
very thick slime pool,Very Thick Slime Pool,Others,4,0.10%,
curious face,キャラ: Curious Face,Character,4,0.10%,
height difference,高さの違い,Others,4,0.10%,
round breasts,キャラ: Round Breasts,Character,4,0.10%,
bondage outfit,ボンデージ衣装,Others,4,0.10%,
wrestle Angels.lying on one's back,Wrestle Angels.lying On One's Back,Pose,4,0.10%,
bird's eye view angle,Bird's Eye View Angle,Others,4,0.10%,
puffy nipples,Puffy nipples,Others,4,0.10%,
cum on ass,お尻の中出し,Others,4,0.10%,
3 full bodies with different angles,3 Full Bodies With Different Angles,Others,4,0.10%,
firefly_honkai:_star_rail,キャラ: Firefly Honkai: Star Rail,Character,0,0.00%,https://cdn.donmai.us/sample/47/f8/sample-47f80457214f539296157d17b6af4a28.jpg
artist:renetan,絵師: renetan風,Style,4,0.10%,
itsumi erikagirls & Panzer,キャラ: Itsumi Erikagirls & Panzer,Character,4,0.10%,
very_short_hair,非常に短い髪,Character,0,0.00%,https://cdn.donmai.us/sample/4c/de/sample-4cdef091140f2d261041c91d0993b3ba.jpg
body skin into slime pool,キャラ: Body Skin Into Slime Pool,Character,4,0.10%,
used condom,使用済みコンドーム,Others,4,0.10%,
sitting on preson,Sitting On Preson,Pose,4,0.10%,
pink nipples,Pink Nipples,Others,4,0.10%,
short of breath,Short Of Breath,Others,4,0.10%,
boku_no_hero_academia,Bokuノーヒーローアカデミア,Copyright,0,0.00%,https://cdn.donmai.us/sample/d4/7f/sample-d47fa142dedf167f45519e7f5fea92fb.jpg
stiched face,キャラ: Stiched Face,Character,4,0.10%,
apple_tattoo,Apple Tattoo,Others,4,0.10%,
yukimura anzu,久村anzu,Others,4,0.10%,
Artist : redjuice,Artist : Redjuice,Others,4,0.10%,
detailed pollen effects,Detailed Pollen Effects,Others,4,0.10%,
alterkyon,Alterkyon風の絵柄,Style,0,0.00%,https://cdn.donmai.us/sample/1c/dc/sample-1cdc9a194366a168f200071699f55af1.jpg
my_adventures_with_superman,作品: My Adventures With Superman,Copyright,0,0.00%,https://cdn.donmai.us/sample/10/f4/sample-10f438135ef5b63d9adac108aa49cdef.jpg
traditional Japanese home,Traditional Japanese Home,Others,4,0.10%,
1girl posing,キャラ: 1girl Posing,Character,4,0.10%,
close view of girl's upper body,キャラ: Close View Of Girl's Upper Body,Character,4,0.10%,
black wolf girl,キャラ: Black Wolf Girl,Character,4,0.10%,
holding katana girl,Holding Katana Girl,Pose,4,0.10%,
full color,Full Color,Others,4,0.10%,
white short silver hair,キャラ: White Short Silver Hair,Character,4,0.10%,
artist:eruu_eruuman,絵師: eruu_eruuman風,Style,4,0.10%,
"Condom tied to pants hidden by skirt::
2::condom under skirt","Condom Tied To Pants Hidden By Skirt::
2::condom Under Skirt",Clothing,4,0.10%,
triangle_hair_ornament,三角髪の飾り,Character,0,0.00%,https://cdn.donmai.us/sample/2d/98/sample-2d98dc052c7bcfdd9738108377c50750.jpg
delightful characterlistic,Delightful Characterlistic,Background,4,0.10%,
misty pokemon,Misty Pokemon,Others,4,0.10%,
cecilia_immergreen,キャラ: Cecilia Immergreen,Character,0,0.00%,https://cdn.donmai.us/original/4f/e4/4fe4ce4e87c7b5ce44d7f44ddf1546ed.mp4
running on water,Running On Water,Others,4,0.10%,
drunk,酔っ払い,Others,3,0.07%,https://cdn.donmai.us/sample/24/54/sample-24545f2da1134d9d94d1005eb39bb806.jpg
nishizumi maho,西方マホ,Others,4,0.10%,
detailed fluids,Detailed Fluids,Others,4,0.10%,
hand on own chin,自分のあごに手をかけます,Pose,4,0.10%,
black_pubic_hair,黒い陰毛,Character,0,0.00%,https://cdn.donmai.us/sample/39/26/sample-3926c3420d8b9aeee621f1db07dc04b2.jpg
tribal sandles,Tribal Sandles,Others,4,0.10%,
beige blazer,Beige Blazer,Clothing,4,0.10%,
yellow panties,黄色のパンティー,Clothing,4,0.10%,
Lying face down,Lying Face Down,Pose,4,0.10%,
condom in hair,髪のコンドーム,Character,4,0.10%,
Huge penis,巨大なペニス,Others,4,0.10%,
hugging own legs,自分の足を抱き締める,Pose,4,0.10%,
finger on lips,Finger On Lips,Others,4,0.10%,
large breast,キャラ: Large Breast,Character,4,0.10%,
teasing,からかい,Others,3,0.07%,https://cdn.donmai.us/sample/66/d5/sample-66d513036afd1ff6a5f989d34c306ff3.jpg
golden nectar dripping from petals,Golden Nectar Dripping From Petals,Others,4,0.10%,
oni,oni,Others,4,0.10%,
on town street,On Town Street,Background,4,0.10%,
assassin leather leotard,Assassin Leather Leotard,Others,4,0.10%,
love_live!,ラブライブ!,Copyright,0,0.00%,https://cdn.donmai.us/sample/15/1a/sample-151a3453ef0ed655fefd13b8469f3209.jpg
||white background,||white Background,Background,4,0.10%,
frontal wedgie,正面のウェッジ,Others,4,0.10%,
starry hair,星空,Character,4,0.10%,
lunch_shin_new,Lunch Shin New,Others,4,0.10%,
sparkling cosmos hair,キャラ: Sparkling Cosmos Hair,Character,4,0.10%,
yukadon,Yukadon,Others,3,0.07%,https://cdn.donmai.us/sample/ac/7c/sample-ac7cf04d2b866c5d7bf356ab2a828959.jpg
green cloth,Green Cloth,Others,4,0.10%,
shadded face,キャラ: Shadded Face,Character,4,0.10%,
glowing void patterns,Glowing Void Patterns,Others,4,0.10%,
natural beauty and epic vistas. Major version update. girl,キャラ: Natural Beauty And Epic Vistas. Major Version Update. Girl,Character,4,0.10%,
2men attached to girl's body,キャラ: 2men Attached To Girl's Body,Character,4,0.10%,
Artist : Wanke,Artist : Wanke,Others,4,0.10%,
toned female,Toned Female,Others,4,0.10%,
::    empty eyes,キャラ: :: Empty Eyes,Character,4,0.10%,
::1.3::artist:yd orange maru,::1.3::yd Orange Maru,Others,4,0.10%,
small flower buds and leafy vines sprouting on body,Small Flower Buds And Leafy Vines Sprouting On Body,Others,4,0.10%,
zipper pull tab,ジッパープルタブ,Others,4,0.10%,
skin pang,キャラ: Skin Pang,Character,4,0.10%,
pokemon_scarlet_and_violet,作品: Pokemon Scarlet And Violet,Copyright,0,0.00%,https://cdn.donmai.us/sample/b0/37/sample-b037d149cda764f50efb027f55d4c482.jpg
white onepiece swimsuit,White Onepiece Swimsuit,Clothing,4,0.10%,
sitting on boy face,Sitting On Boy Face,Pose,4,0.10%,
anis_nikke,キャラ: Anis Nikke,Character,0,0.00%,https://cdn.donmai.us/sample/6a/33/sample-6a33d4120da86329bffbea0283760877.jpg
girl sitting on boy,Girl Sitting On Boy,Pose,4,0.10%,
olding katana,Olding Katana,Others,4,0.10%,
blue background,青色背景,Background,4,0.10%,
brown short hair,キャラ: Brown Short Hair,Character,4,0.10%,
to tear,To Tear,Others,4,0.10%,
soft golden sunlight filtering through large petals,Soft Golden Sunlight Filtering Through Large Petals,Background,4,0.10%,
girls facing viewer,キャラ: Girls Facing Viewer,Character,4,0.10%,
Artist : modare,Artist : Modare,Others,4,0.10%,
black kimono,黒い着物,Others,4,0.10%,
kafka honkai: star rail,Kafka Honkai: Star Rail,Others,4,0.10%,
loose face-framing strands,キャラ: Loose Face-framing Strands,Character,4,0.10%,
kitagawa_marin,北川マリン,Character,0,0.00%,https://cdn.donmai.us/sample/c2/24/sample-c224d293b2ff3b9ef79a722ccd8af24e.jpg
gigantic_areola,Gigantic Areola,Others,4,0.10%,
detailed textures,Detailed Textures,Others,4,0.10%,
dkir,Dkir,Others,4,0.10%,
shantae_series,作品: Shantae Series,Copyright,0,0.00%,https://cdn.donmai.us/sample/aa/ae/sample-aaaea382eedcf2a01890059906d1090a.jpg
side-tie bikini top,Side-tie Bikini Top,Clothing,4,0.10%,
see-through_cleavage,キャラ: See-through Cleavage,Character,0,0.00%,https://cdn.donmai.us/sample/ff/34/sample-ff343ed6ee17ff73c3ea075cbaaf2a2f.jpg
focus on body from neck down,Focus On Body From Neck Down,Others,4,0.10%,
notice lines,通知行,Others,4,0.10%,
pastel colors:: girl,キャラ: Pastel Colors:: Girl,Character,4,0.10%,
oekakizuki,西海,Style,3,0.07%,https://cdn.donmai.us/sample/1d/a0/sample-1da0c11b23b3b0871a88cb560651b35e.jpg
white tanktop,White Tanktop,Others,4,0.10%,
single_hair_streak,キャラ: Single Hair Streak,Character,0,0.00%,https://cdn.donmai.us/sample/6b/df/sample-6bdf285240a77503183d4287cdcb4fa3.jpg
low angle wide shot looking up at the scene inside the giant flower,Low Angle Wide Shot Looking Up At The Scene Inside The Giant Flower,Others,4,0.10%,
dead eyes,キャラ: Dead Eyes,Character,4,0.10%,
giant,巨人,Others,3,0.07%,https://cdn.donmai.us/sample/b1/51/sample-b1514d1c618f7e27fdf78212f5682b88.jpg
sitting on innertube,Sitting On Innertube,Pose,4,0.10%,
open stance,Open Stance,Others,4,0.10%,
girl's arm supporting own breasts,キャラ: Girl's Arm Supporting Own Breasts,Character,4,0.10%,
focus on girl's face,キャラ: Focus On Girl's Face,Character,4,0.10%,
micro-details,Micro-details,Others,4,0.10%,
sensual eyes :: 7.5:: nose blush,キャラ: Sensual Eyes :: 7.5:: Nose Blush,Character,4,0.10%,
headwear,Headwear,Others,4,0.10%,
looking side,Looking Side,Others,4,0.10%,
shiny stockings,Shiny Stockings,Clothing,4,0.10%,
teardrop,ティアドロップ,Others,3,0.07%,https://safebooru.org/images/1095/5aea8f666018905dcbf5591bd4381420403ff8b8.jpg
comical,Comical,Others,4,0.10%,
oumae kumiko,Oumae Kumiko,Others,4,0.10%,
skirt softly floating high,Skirt Softly Floating High,Clothing,4,0.10%,
japanese_sound,Japanese Sound,Others,4,0.10%,
push-up white one-piece swimsuit,Push-up White One-piece Swimsuit,Clothing,4,0.10%,
naked leather bikini armor,Naked Leather Bikini Armor,Clothing,4,0.10%,
plant gloves and pantyhose texture,Plant Gloves And Pantyhose Texture,Clothing,4,0.10%,
double handjob,ダブルハンドジョブ,Pose,4,0.10%,
causing further feminization and pleasure,Causing Further Feminization And Pleasure,Others,4,0.10%,
penetration gesture,浸透ジェスチャー,Others,4,0.10%,
fujimaru from neck down only,Fujimaru From Neck Down Only,Others,4,0.10%,
back opened bra,Back Opened Bra,Clothing,4,0.10%,
covered nipple,Covered Nipple,Others,4,0.10%,
tomgirl,キャラ: Tomgirl,Character,4,0.10%,
casual cloth,Casual Cloth,Others,4,0.10%,
steamy,Steamy,Others,4,0.10%,
2men,2men,Others,4,0.10%,
-3.0::looking at viewer,-3.0::looking At Viewer,Pose,4,0.10%,
feather boa,フェザーボア,Others,4,0.10%,
seductive pose,Seductive Pose,Pose,4,0.10%,
no text masterpiece,No Text Masterpiece,Others,4,0.10%,
covering own eyes,キャラ: Covering Own Eyes,Character,4,0.10%,
backboobs,Backboobs,Others,4,0.10%,
anime style highres,Anime Style Highres風の絵柄,Style,4,0.10%,
hazy,Hazy,Others,4,0.10%,
front-to-front,Front-to-front,Others,4,0.10%,
Scimitar attached to hip back,Scimitar Attached To Hip Back,Others,4,0.10%,
droplet aura,Droplet Aura,Others,4,0.10%,
single_hair_intake,単一の髪の摂取,Character,0,0.00%,https://cdn.donmai.us/sample/69/f6/sample-69f659d84b725bac354562de3b00e73f.jpg
subtle erection outline gently visible through the pantyhose,Subtle Erection Outline Gently Visible Through The Pantyhose,Clothing,4,0.10%,
poper_arin_sel,Poper Arin Sel,Others,4,0.10%,
white navy uniform,White Navy Uniform,Clothing,4,0.10%,
no legs,足はありません,Pose,4,0.10%,
no text saeki sayaka,No Text Saeki Sayaka,Others,4,0.10%,
growing breasts and feminine curves,キャラ: Growing Breasts And Feminine Curves,Character,4,0.10%,
hands out of frame,Hands Out Of Frame,Pose,4,0.10%,
"eyes::
breasts","キャラ: Eyes::
breasts",Character,4,0.10%,
linea alba,Linea alba,Others,4,0.10%,
"nude::
goo girl","キャラ: Nude::
goo Girl",Character,4,0.10%,
male open mouth,キャラ: Male Open Mouth,Character,4,0.10%,
no text hiiragi utena,No Text Hiiragi Utena,Others,4,0.10%,
rotten skin,キャラ: Rotten Skin,Character,4,0.10%,
"white_clouds
masterpiece","White Clouds
masterpiece",Others,4,0.10%,
shibuya rin,渋谷,Others,4,0.10%,
uneven_eyes,不均一な目,Character,3,0.07%,https://cdn.donmai.us/sample/c7/9a/sample-c79a8f3de3843989bbd8afbe8cd4a956.jpg
short straight calm blonde hair,キャラ: Short Straight Calm Blonde Hair,Character,4,0.10%,
frilled camisole,フリルキャミソール,Others,4,0.10%,
pokemon_diamond/pearl/platinum,作品: Pokemon Diamond/pearl/platinum,Copyright,0,0.00%,https://cdn.donmai.us/sample/46/ec/sample-46ec907e03195055e1fd962e7618da1a.jpg
eyes opened widely,キャラ: Eyes Opened Widely,Character,4,0.10%,
magic,魔法,Others,4,0.10%,
braided updo,Braided Updo,Clothing,4,0.10%,
side bangs,Side Bangs,Others,4,0.10%,
white camisole,白いキャミソール,Others,4,0.10%,
"see-through pantie

white and purple floral designed lace lingerie","See-through Pantie

white And Purple Floral Designed Lace Lingerie",Clothing,4,0.10%,
huge testicles,巨大なtest丸,Others,4,0.10%,
hair_over_shoulder,肩越しの髪,Character,0,0.00%,https://cdn.donmai.us/sample/99/ca/sample-99ca7e8d0f79ec246494cf0e2d8b6421.jpg
purple panties,紫のパンティー,Clothing,4,0.10%,
nemona pokemon,Nemona Pokemon,Others,4,0.10%,
noticing something,Noticing Something,Others,4,0.10%,
2 men approaching girl closely from side by side,キャラ: 2 Men Approaching Girl Closely From Side By Side,Character,4,0.10%,
seductive confident smile,キャラ: Seductive Confident Smile,Character,4,0.10%,
Kitasan Black Umamusume PRETTY DERBY,Kitasan Black Umamusume Pretty Derby,Others,4,0.10%,
highleg panties,ハイレッグパンティー,Clothing,4,0.10%,
opened black jacket,Opened Black Jacket,Others,4,0.10%,
-2::kneepits,-2::kneepits,Others,4,0.10%,
spaghetti strap,スパゲッティストラップ,Others,4,0.10%,
MIGHTY yukiko.,Mighty Yukiko.,Others,4,0.10%,
see-through bra,シースルーブラジャー,Clothing,4,0.10%,
pussy juice trail,猫ジューストレイル,Others,4,0.10%,
joyful moment,Joyful Moment,Others,4,0.10%,
natural fabric texture,Natural Fabric Texture,Others,4,0.10%,
alolan vulpix,Alolan Vulpix,Others,4,0.10%,
male head out of frame,Male Head Out Of Frame,Others,4,0.10%,
leaning to the side,横に傾いています,Pose,4,0.10%,
Random position,Random Position,Others,4,0.10%,
"huge breasts
blue slime girl","キャラ: Huge Breasts
blue Slime Girl",Character,4,0.10%,
facing toward girl,キャラ: Facing Toward Girl,Character,4,0.10%,
look at the boy,キャラ: Look At The Boy,Character,4,0.10%,
zuikaku azur lane,Zuikaku Azur Lane,Others,4,0.10%,
melony pokemon,Melony Pokemon,Others,4,0.10%,
artist:santa_sunflower,絵師: santa_sunflower風,Style,4,0.10%,
girl legs lock,Girl Legs Lock,Pose,4,0.10%,
liquid wave,Liquid Wave,Others,4,0.10%,
kurahana chinatsu,Kurahana Chinatsu,Others,4,0.10%,
being disgusted,Being Disgusted,Others,4,0.10%,
taut shorts,緊張したショートパンツ,Others,4,0.10%,
gold trim,ゴールドトリム,Others,4,0.10%,
black collar,黒い襟,Others,4,0.10%,
dark_magician_girl,ダークマジシャンガール,Character,3,0.07%,https://cdn.donmai.us/sample/d5/73/sample-d5737b161c01ebb4549ed581e3d8542e.jpg
mori calliope,森カリオペ,Others,4,0.10%,
intimate atmosphere,Intimate Atmosphere,Others,4,0.10%,
anchoviesgirls & Panzer,キャラ: Anchoviesgirls & Panzer,Character,4,0.10%,
dark links,Dark Links,Others,4,0.10%,
black hign-heels-boots,Black Hign-heels-boots,Clothing,4,0.10%,
black splash background,Black Splash Background,Background,4,0.10%,
yellow ribbon,黄色のリボン,Clothing,4,0.10%,
rubbing breasts,キャラ: Rubbing Breasts,Character,4,0.10%,
dynamic lighting,Dynamic Lighting,Background,4,0.10%,
sparkling particles,Sparkling Particles,Others,4,0.10%,
back lighting,Back Lighting,Background,4,0.10%,
dynamic,Dynamic,Others,4,0.10%,
funny,Funny,Others,4,0.10%,
claws on hands and feets,Claws On Hands And Feets,Pose,4,0.10%,
artist:asanagi,絵師: asanagi風,Style,4,0.10%,
in the middle of the view,In The Middle Of The View,Others,4,0.10%,
artist:takeda hiromitsu,絵師: takeda hiromitsu風,Style,4,0.10%,
sono_bisque_doll_wa_koi_wo_suru,Sono Bisque Doll wa koi wo suru,Copyright,0,0.00%,https://cdn.donmai.us/sample/c2/24/sample-c224d293b2ff3b9ef79a722ccd8af24e.jpg
feminized body,Feminized Body,Others,4,0.10%,
ouma_tokiichi,Ouma Tokichi,Style,0,0.00%,https://cdn.donmai.us/sample/52/f6/sample-52f6d2bcfbf246872936106448188a51.jpg
tied up hair,Tied Up Hair,Clothing,4,0.10%,
red skin,赤い肌,Character,4,0.10%,
barefeets,Barefeets,Others,4,0.10%,
assassin hood,Assassin Hood,Others,4,0.10%,
supergirl,スーパーガール,Character,1,0.02%,https://cdn.donmai.us/sample/10/f4/sample-10f438135ef5b63d9adac108aa49cdef.jpg
white tight pants,White Tight Pants,Others,4,0.10%,
sheer flowing fabric,Sheer Flowing Fabric,Others,4,0.10%,
::   1.5::solo focus,キャラ: :: 1.5::solo Focus,Character,4,0.10%,
annoyed,イライラしている,Others,3,0.07%,https://cdn.donmai.us/sample/e1/1a/sample-e11ae38986a5c7e1e2e05f1978244ac0.jpg
leaning foward,Leaning Foward,Pose,4,0.10%,
girl sandwitched by 2 men,キャラ: Girl Sandwitched By 2 Men,Character,4,0.10%,
side By side,Side By Side,Others,4,0.10%,
lower body fixed and partially submerged into the nectar pool by thick gentle living vines,Lower Body Fixed And Partially Submerged Into The Nectar Pool By Thick Gentle Living Vines,Others,4,0.10%,
levitating pose,Levitating Pose,Pose,4,0.10%,
lustful expression,Lustful Expression,Others,4,0.10%,
dynamic composition girl,キャラ: Dynamic Composition Girl,Character,4,0.10%,
leopard print bra,Leopard Print Bra,Clothing,4,0.10%,
Artist : freng,Artist : Freng,Others,4,0.10%,
brown leather pants,Brown Leather Pants,Others,4,0.10%,
-2:: hairpin,キャラ: -2:: Hairpin,Character,4,0.10%,
energetic movement,Energetic Movement,Others,4,0.10%,
boy focus,キャラ: Boy Focus,Character,4,0.10%,
char1：girl,キャラ: Char1：girl,Character,4,0.10%,
anime-coloring,Anime-coloring,Others,4,0.10%,
leopard print cloth,Leopard Print Cloth,Others,4,0.10%,
dark-skinned male,肌の肌の皮,Character,4,0.10%,
cum inside,Cum Inside,Others,4,0.10%,
glossy lips,Glossy Lips,Others,4,0.10%,
translucent body,Translucent Body,Others,4,0.10%,
confident smile,キャラ: Confident Smile,Character,4,0.10%,
areolae,乳輪,Others,4,0.10%,
hands on another ass,Hands On Another Ass,Pose,4,0.10%,
yinlin_wuthering wavescosplay,Yinlin Wuthering Wavescosplay,Others,4,0.10%,
male standing,Male Standing,Pose,4,0.10%,
metal collar,メタルカラー,Others,4,0.10%,
::one-piece tan,::one-piece Tan,Others,4,0.10%,
artist:akita_hika,絵師: akita_hika風,Style,4,0.10%,
cosmic background elements,Cosmic Background Elements,Background,4,0.10%,
kafka_honkai:_star_rail,キャラ: Kafka Honkai: Star Rail,Character,0,0.00%,https://cdn.donmai.us/sample/44/1b/sample-441be24a50221cbbe953f65239321b8e.jpg
empty eyes::    -2::smile,キャラ: Empty Eyes:: -2::smile,Character,4,0.10%,
thin drawing lines,Thin Drawing Lines,Others,4,0.10%,
no decoration on head,No Decoration On Head,Others,4,0.10%,
artist:yoneyama mai,絵師: yoneyama mai風,Style,4,0.10%,
sushimo,Sushimo風の絵柄,Style,0,0.00%,https://cdn.donmai.us/sample/16/bd/sample-16bd94e5b9b5b81d84b968599e27b73a.jpg
no text girl、mr. c.b. umamusume,キャラ: No Text Girl、mr. C.b. Umamusume,Character,4,0.10%,
veryhardloco,veryhardloco,Others,4,0.10%,
pink pussy,Pink Pussy,Others,4,0.10%,
ichika_blue_archive,キャラ: Ichika Blue Archive,Character,0,0.00%,https://cdn.donmai.us/sample/47/73/sample-4773d6379c62be7535404f3130e0b421.jpg
close-up girl,キャラ: Close-up Girl,Character,4,0.10%,
vivian_banshee,キャラ: Vivian Banshee,Character,0,0.00%,https://cdn.donmai.us/sample/0c/6b/sample-0c6b2f43f6d3c1c6482e117741c74609.jpg
char1:girl,キャラ: Char1:girl,Character,4,0.10%,
big breasts::  solo,キャラ: Big Breasts:: Solo,Character,4,0.10%,
arms on side,Arms On Side,Pose,4,0.10%,
black-skinned male,キャラ: Black-skinned Male,Character,4,0.10%,
white midriff crop top,White Midriff Crop Top,Others,4,0.10%,
tearing up,引き裂く,Others,4,0.10%,
artist:tomari veryberry00,絵師: tomari veryberry00風,Style,4,0.10%,
hsin_wuthering_waves,キャラ: Hsin Wuthering Waves,Character,0,0.00%,https://cdn.donmai.us/sample/b8/07/sample-b807ad71514f3d55e5f4501108686f50.jpg
frozen_spider_lily,Frozen Spider Lily風の絵柄,Style,0,0.00%,https://cdn.donmai.us/sample/64/6e/sample-646e2decd5234cdd102406e0d3596f6b.jpg
embarrassment,Embarrassment,Others,4,0.10%,
chasing,追いかけます,Others,4,0.10%,
rags cloth,Rags Cloth,Others,4,0.10%,
spiked hair,スパイクされた髪,Character,4,0.10%,
opennsfw,Opennsfw風の絵柄,Style,0,0.00%,https://cdn.donmai.us/original/ad/b0/adb0a0c9c6554f16f2b290f0eb20b3ec.mp4
asshole,Asshole,Others,4,0.10%,
bustling city street,Bustling City Street,Background,4,0.10%,
carrying plastic bag,Carrying Plastic Bag,Others,4,0.10%,
flaming tendrils,Flaming Tendrils,Others,4,0.10%,
hunched over,身をかがめた,Others,4,0.10%,
side face,キャラ: Side Face,Character,4,0.10%,
Character: Sparkle,Character: Sparkle,Others,4,0.10%,
female minotaur,Female Minotaur,Others,4,0.10%,
white_skin,白い肌,Character,2,0.05%,https://cdn.donmai.us/sample/1f/78/sample-1f78f1c2e9f70a75bac8dccd02c18b41.jpg
skirt pull down,Skirt Pull Down,Clothing,4,0.10%,
gigantic ice cream,Gigantic Ice Cream,Others,4,0.10%,
wide shot,引きの構図,Others,4,0.10%,
absurdly_long_hair,不条理な長い髪,Character,0,0.00%,https://cdn.donmai.us/sample/a6/0c/sample-a60c792b047c553b43f578eb204dbb9f.jpg
grabbing_another's_thighs,キャラ: Grabbing Another's Thighs,Character,0,0.00%,https://cdn.donmai.us/sample/40/5c/sample-405c89b5ffd0dff589ef88267a6c3c69.jpg
Glossy texture,Glossy Texture,Others,4,0.10%,
brown flipped tied up hair,Brown Flipped Tied Up Hair,Clothing,4,0.10%,
rudeus_greyrat,Rudeus Greyrat,Character,0,0.00%,https://cdn.donmai.us/sample/af/31/sample-af3116f01c387b44f18496577079bf62.jpg
Inside the alley,Inside The Alley,Others,4,0.10%,
floating ribbons,Floating Ribbons,Clothing,4,0.10%,
pink anus::   2::top-down bottom-up,Pink Anus:: 2::top-down Bottom-up,Others,4,0.10%,
captive bead ring,キャプティブビーズリング,Others,4,0.10%,
fantasy girl,キャラ: Fantasy Girl,Character,4,0.10%,
::  1.0::open mouth,キャラ: :: 1.0::open Mouth,Character,4,0.10%,
nipples out,Nipples out,Others,4,0.10%,
arms around another's back,Arms Around Another's Back,Pose,4,0.10%,
pussy   nsfw,Pussy Nsfw,Others,4,0.10%,
utau,UTAU,Copyright,0,0.00%,https://cdn.donmai.us/sample/5b/0d/sample-5b0d4c7d188f51be56a2c1978b7356ec.jpg
greatm8,greatm8,Others,4,0.10%,
perfect composition,Perfect Composition,Others,4,0.10%,
kawase_seiki,カワゼ・セイキ,Others,4,0.10%,
excessive_pussy_juice,過度の猫ジュース,Others,3,0.07%,https://cdn.donmai.us/original/99/7b/997bf4d20c09898fe25682eb9f6a7b43.mp4
knees together feet apart ::  glaring,Knees Together Feet Apart :: Glaring,Others,4,0.10%,
short stature base but mature proportions,Short Stature Base But Mature Proportions,Others,4,0.10%,
lightning,稲妻,Background,4,0.10%,
godlike beautiful face,キャラ: Godlike Beautiful Face,Character,4,0.10%,
unaligned_breasts,無整合の胸,Character,0,0.00%,https://cdn.donmai.us/sample/cd/6d/sample-cd6d18d66fec992e5e3663dc391d08a4.jpg
artoria_pendragon_fate,キャラ: Artoria Pendragon Fate,Character,0,0.00%,https://cdn.donmai.us/sample/a2/06/sample-a206afcb307f4ac49a3940c2ba32db29.jpg
exercise ball,エクササイズボール,Others,4,0.10%,
long flowing petal-like hair,キャラ: Long Flowing Petal-like Hair,Character,4,0.10%,
char2：boy,キャラ: Char2：boy,Character,4,0.10%,
hololive_dev_is,作品: Hololive Dev Is,Copyright,0,0.00%,https://cdn.donmai.us/sample/01/00/sample-0100cb4e45a9868ba44c6be433a6510e.jpg
pokemon_black_and_white,作品: Pokemon Black And White,Copyright,0,0.00%,https://cdn.donmai.us/sample/27/76/sample-27769977f2c0b2697254e03df55b8f00.jpg
kiana kaslana herrscher of flamescion,Kiana Kaslana Herrscher Of Flamescion,Others,4,0.10%,
licking pussy,Licking Pussy,Others,4,0.10%,
paw gloves,足の手袋,Others,4,0.10%,
artist:hororihalloweenday309,絵師: hororihalloweenday309風,Style,4,0.10%,
super tall bigger than man,Super Tall Bigger Than Man,Others,4,0.10%,
no legs — lower bodies fused into the same giant flower gently holding and caressing him with vine tendrils and hands,No Legs — Lower Bodies Fused Into The Same Giant Flower Gently Holding And Caressing Him With Vine Tendrils And Hands,Pose,4,0.10%,
matching Shinjuku delinquent girl outfits: no jacket,キャラ: Matching Shinjuku Delinquent Girl Outfits: No Jacket,Character,4,0.10%,
focus on girl's breasts,キャラ: Focus On Girl's Breasts,Character,4,0.10%,
pantyhose stretched tight showing beautiful curves,Pantyhose Stretched Tight Showing Beautiful Curves,Clothing,4,0.10%,
2 dark red horns,2 Dark Red Horns,Others,4,0.10%,
kasane_teto,Kasane Teto,Character,0,0.00%,https://cdn.donmai.us/sample/5b/0d/sample-5b0d4c7d188f51be56a2c1978b7356ec.jpg
strained smile,キャラ: Strained Smile,Character,4,0.10%,
spoken_question_mark above head,Spoken Question Mark Above Head,Others,4,0.10%,
breast_focus,胸強調,Character,0,0.00%,https://cdn.donmai.us/sample/78/2b/sample-782b86377e90251da33d2d2e678811e7.jpg
glowing pollen particles and sweet nectar droplets in air,Glowing Pollen Particles And Sweet Nectar Droplets In Air,Others,4,0.10%,
flipping own hair by hand,Flipping Own Hair By Hand,Pose,4,0.10%,
shimada arisu,島田Arisu,Others,4,0.10%,
hoop earrings,フープイヤリング,Others,4,0.10%,
artist:e-note,絵師: e-note風,Style,4,0.10%,
doggystyle  torso grab from behind by both hands,Doggystyle Torso Grab From Behind By Both Hands風の絵柄,Style,4,0.10%,
char2:boy,キャラ: Char2:boy,Character,4,0.10%,
shimakaze_kancolle,キャラ: Shimakaze Kancolle,Character,0,0.00%,https://cdn.donmai.us/sample/29/54/sample-295455328e448e3600955f5a2c7255a9.jpg
knight elf girl,Knight Elf Girl,Background,4,0.10%,
dark brown skin,キャラ: Dark Brown Skin,Character,4,0.10%,
voluptuous curvaceous body,Voluptuous Curvaceous Body,Others,4,0.10%,
fighting pose,Fighting Pose,Pose,4,0.10%,
big nipples,Big Nipples,Others,4,0.10%,
condom belt,コンドームベルト,Others,4,0.10%,
nipple rings,乳首リング,Others,4,0.10%,
glancing sideway,Glancing Sideway,Others,4,0.10%,
::  open mouth   0::frown::  tears,キャラ: :: Open Mouth 0::frown:: Tears,Character,4,0.10%,
belle_brilliance_of_stars_zenless_zone_zero,キャラ: Belle Brilliance Of Stars Zenless Zone Zero,Character,0,0.00%,https://cdn.donmai.us/sample/01/4f/sample-014fae625badc28a5a2b17e793f5847e.jpg
huge soft glowing petals forming a natural chamber filled with golden nectar at the bottom,Huge Soft Glowing Petals Forming A Natural Chamber Filled With Golden Nectar At The Bottom,Others,4,0.10%,
girl between 2 men,キャラ: Girl Between 2 Men,Character,4,0.10%,
mankai kaika,Mankai Kaika,Others,4,0.10%,
penis worship,Penis Worship,Others,4,0.10%,
pink tint,Pink Tint,Others,4,0.10%,
confident face,キャラ: Confident Face,Character,4,0.10%,
moody lighting,Moody Lighting,Background,4,0.10%,
shota on top,Shota On Top,Others,4,0.10%,
shedding tears,Shedding Tears,Others,4,0.10%,
focus heels,Focus Heels,Others,4,0.10%,
orange gi,Orange Gi,Others,4,0.10%,
watercolor pencil medium,Watercolor Pencil Medium,Others,4,0.10%,
dikko,ディッコ,Style,0,0.00%,https://cdn.donmai.us/sample/a5/83/sample-a58380192dd42c50869d8f3f9a373f4a.jpg
son gohan,息子ゴハン,Others,4,0.10%,
nangong_yu,キャラ: Nangong Yu,Character,0,0.00%,https://cdn.donmai.us/sample/59/92/sample-5992d4eb9cb7f4510c51f6e3f421538e.jpg
z11_azur_lane,キャラ: Z11 Azur Lane,Character,0,0.00%,https://cdn.donmai.us/sample/cb/67/sample-cb67684f0e9401b02a98124b6047c44d.jpg
sword clashduel2::pokemon_official_art,Sword Clashduel2::pokemon Official Art,Others,4,0.10%,
starry cosmos sparkling hair,キャラ: Starry Cosmos Sparkling Hair,Character,4,0.10%,
flaming tendrils on arms and legs,Flaming Tendrils On Arms And Legs,Pose,4,0.10%,
white micro bikini,White Micro Bikini,Clothing,4,0.10%,
o mouth,キャラ: O Mouth,Character,4,0.10%,
on exercise ball,On Exercise Ball,Others,4,0.10%,
dama_shipwreck,Dama Shipwreck風の絵柄,Style,0,0.00%,https://cdn.donmai.us/sample/89/ae/sample-89aec135c1aee069558e74f4aeff210c.jpg
"huge breasts.
human face","キャラ: Huge Breasts.
human Face",Character,4,0.10%,
shinjiro,シンジロ,Others,4,0.10%,
tired,Tired,Others,4,0.10%,
artist:cyclone_reizei,絵師: cyclone_reizei風,Style,4,0.10%,
no text girl CFG Scale 9,キャラ: No Text Girl Cfg Scale 9,Character,4,0.10%,
karin_bunny_blue_archive,キャラ: Karin Bunny Blue Archive,Character,0,0.00%,https://cdn.donmai.us/sample/d2/dc/sample-d2dcccdc011e1c44189a642e3e730560.jpg
weimiaw,Weimiaw風の絵柄,Style,0,0.00%,https://cdn.donmai.us/sample/b4/e4/sample-b4e4f04d75e793e2c4231fcec881d850.jpg
multitasking,マルチタスク,Character,4,0.10%,
nervous,神経質,Others,4,0.10%,
clenched hands,手を握りしめた,Pose,4,0.10%,
closed legs::  0::half-closed eyes,Closed Legs:: 0::half-closed Eyes,Pose,4,0.10%,
living room,リビング,Background,4,0.10%,
puffy_areola,Puffy Areola,Others,4,0.10%,
black double dildo in anal,Black Double Dildo In Anal,Others,4,0.10%,
warm colors,Warm Colors,Others,4,0.10%,
o,O,Others,4,0.10%,
aimless eyes looking at air,キャラ: Aimless Eyes Looking At Air,Character,4,0.10%,
artist:modare,絵師: modare風,Style,4,0.10%,
open jacket,開かれたジャケット,Others,4,0.10%,
smoke all covered bodyput down one's hair,キャラ: Smoke All Covered Bodyput Down One's Hair,Character,4,0.10%,
nipple shaped,Nipple Shaped,Others,4,0.10%,
light blue tile wall,Light Blue Tile Wall,Background,4,0.10%,
nipple piercing,乳首ピアス,Others,4,0.10%,
suzukaze aoba,スズカゼアバ,Others,4,0.10%,
plana_blue_archive,キャラ: Plana Blue Archive,Character,0,0.00%,https://cdn.donmai.us/original/09/09/0909fb0ade55861f4a6e848cf3adccb2.png
Artist : yd_orange maru Artist : DDAL,Artist : Yd Orange Maru Artist : Ddal,Others,4,0.10%,
Artist : Mandrill,Artist : Mandrill,Others,4,0.10%,
open mouth 5::torso grab from behind,キャラ: Open Mouth 5::torso Grab From Behind,Character,4,0.10%,
black suit pants,Black Suit Pants,Others,4,0.10%,
eyes,キャラ: Eyes,Character,4,0.10%,
black panties string,Black Panties String,Clothing,4,0.10%,
naga_ring_ensemble_nikke,キャラ: Naga Ring Ensemble Nikke,Character,0,0.00%,https://cdn.donmai.us/sample/af/8a/sample-af8af5151336ddde4d9f550329bdc320.jpg
high angle,High Angle,Others,4,0.10%,
long black flipped hair,キャラ: Long Black Flipped Hair,Character,4,0.10%,
nervous smile,神経質な笑顔,Character,4,0.10%,
white panties around thighs,White Panties Around Thighs,Clothing,4,0.10%,
sancho_project_moon,Sancho Project Moon,Others,4,0.10%,
mori_calliope,森カリオペ,Character,0,0.00%,https://cdn.donmai.us/sample/87/ef/sample-87ef70b99625e9a8e62b9d9b5e95ca57.jpg
inside castle,Inside Castle,Others,4,0.10%,
black small camisole crop top,Black Small Camisole Crop Top,Others,4,0.10%,
gold lotus petals covering breasts and crotch,キャラ: Gold Lotus Petals Covering Breasts And Crotch,Character,4,0.10%,
glossy petals and vines,Glossy Petals And Vines,Others,4,0.10%,
artist:restart,絵師: restart風,Style,4,0.10%,
final ascension,Final Ascension,Others,4,0.10%,
dark elf,ダークエルフ,Others,4,0.10%,
bed sheet,ベッドシーツ,Background,4,0.10%,
stitched body,Stitched Body,Others,4,0.10%,
black short seethrough cloths,Black Short Seethrough Cloths,Others,4,0.10%,
clean borders,Clean Borders,Others,4,0.10%,
grab,Grab,Others,4,0.10%,
detailed pantyhose texture and fabric cling,Detailed Pantyhose Texture And Fabric Cling,Clothing,4,0.10%,
crowd,群衆,Others,4,0.10%,
Kitagawa Marin,北川マリン,Others,4,0.10%,
lying on the bed,Lying On The Bed,Pose,4,0.10%,
hair_down,髪の毛,Character,0,0.00%,https://cdn.donmai.us/sample/66/86/sample-6686f0abd3956dfcbb6c5f751c19f943.jpg
shantae,シャンタエ,Character,0,0.00%,https://cdn.donmai.us/sample/aa/ae/sample-aaaea382eedcf2a01890059906d1090a.jpg
pants pull,ズボンを引っ張る,Others,4,0.10%,
cushion,クッション,Others,4,0.10%,
red bow panties,Red Bow Panties,Clothing,4,0.10%,
licking lips,唇をなめる,Others,4,0.10%,
artist:satou kuuki,絵師: satou kuuki風,Style,4,0.10%,
^^^ expression,^^^ Expression,Others,4,0.10%,
no black bars,No Black Bars,Others,4,0.10%,
sincosyear 2025,Sincosyear 2025,Others,4,0.10%,
aroused face,キャラ: Aroused Face,Character,4,0.10%,
penis penetration::  3:: pussy,Penis Penetration:: 3:: Pussy,Others,4,0.10%,
artist:mitsudoue,絵師: mitsudoue風,Style,4,0.10%,
apple_on_breast,キャラ: Apple On Breast,Character,4,0.10%,
gigantic_nipples,Gigantic Nipples,Others,4,0.10%,
roxy migurdia,ロキシー・ミグルディア,Others,4,0.10%,
full panties,Full Panties,Clothing,4,0.10%,
microphone stand,マイクスタンド,Others,4,0.10%,
water towel,Water Towel,Others,4,0.10%,
penny pokemon,Penny Pokemon,Others,4,0.10%,
strap slip,ストラップスリップ,Others,4,0.10%,
-4::nude,-4::nude,Others,4,0.10%,
hands on another's ass,Hands On Another's Ass,Pose,4,0.10%,
large hip,Large Hip,Others,4,0.10%,
penis large hip,Penis Large Hip,Others,4,0.10%,
no backfround|beach|night pool||,No Backfround|beach|night Pool||,Background,4,0.10%,
black seethrough pantyhose,Black Seethrough Pantyhose,Clothing,4,0.10%,
panties lines,Panties Lines,Clothing,4,0.10%,
greeting,Greeting,Others,4,0.10%,
middle Bust,Middle Bust,Others,4,0.10%,
flat_chastity_cage,平らな貞操ケージ,Others,3,0.07%,https://cdn.donmai.us/sample/3d/cf/sample-3dcfb4e5eea2bc6cb7754859e09831f9.jpg
koseki_bijou,キャラ: Koseki Bijou,Character,0,0.00%,https://cdn.donmai.us/sample/ad/e5/sample-ade5df4bae059edd7baef9e253519f7f.jpg
v-neck,Vネック,Others,4,0.10%,
girls wearing randomly selected sexy bikini,Girls Wearing Randomly Selected Sexy Bikini,Clothing,4,0.10%,
Don quixote project moon,Don Quixote Project Moon,Others,4,0.10%,
? above head,? Above Head,Others,4,0.10%,
dangerous alluring expression,Dangerous Alluring Expression,Others,4,0.10%,
massage breasts,キャラ: Massage Breasts,Character,4,0.10%,
focus crotch,Focus Crotch,Others,4,0.10%,
cosmic sparkles,Cosmic Sparkles,Others,4,0.10%,
slight frown,Slight Frown,Background,3,0.07%,
crotch cut out,Crotch Cut Out,Others,3,0.07%,
mlynar_arknights,Mlynar Arknights,Background,3,0.07%,
stealth sex,ステルスセックス,Others,3,0.07%,
:: boy,キャラ: :: Boy,Character,3,0.07%,
tremble,Tremble,Others,3,0.07%,
holding another's hand,Holding Another's Hand,Pose,3,0.07%,
stocking_psg,キャラ: Stocking Psg,Character,0,0.00%,https://cdn.donmai.us/sample/c1/a9/sample-c1a9b4db2ce8718b714880bda82f6000.jpg
pov hands  head grab,Pov Hands Head Grab,Pose,3,0.07%,
the herta honkai: star rail,The Herta Honkai: Star Rail,Others,3,0.07%,
round chin,Round Chin,Others,3,0.07%,
lapis lazuli eyes,キャラ: Lapis Lazuli Eyes,Character,3,0.07%,
single breast out,キャラ: Single Breast Out,Character,3,0.07%,
looking at  viewer,Looking At Viewer,Others,3,0.07%,
carrying a shoulder bag,Carrying A Shoulder Bag,Others,3,0.07%,
panties shot,Panties Shot,Clothing,3,0.07%,
detailed background :: forest,Detailed Background :: Forest,Background,3,0.07%,
dramatic speed lines,Dramatic Speed Lines,Others,3,0.07%,
no text daring_tact_umamusume,No Text Daring Tact Umamusume,Others,3,0.07%,
mature huge erotic body,Mature Huge Erotic Body,Others,3,0.07%,
gladion pokemon,Gladion Pokemon,Others,3,0.07%,
foot focus,足強調,Others,3,0.07%,
blurred school,Blurred School,Others,3,0.07%,
white hairband,白いヘアバンド,Character,3,0.07%,
big,Big,Others,3,0.07%,
thicc,Thicc,Others,3,0.07%,
keqing genshin impact,Keqing Genshin Impact,Others,3,0.07%,
adelie_cat,Adelie Cat,Others,3,0.07%,
orange dog fur headband,Orange Dog Fur Headband,Others,3,0.07%,
red bikini skirt,Red Bikini Skirt,Clothing,3,0.07%,
Light skin,Light Skin,Background,3,0.07%,
kanna_blue_archive,キャラ: Kanna Blue Archive,Character,0,0.00%,https://cdn.donmai.us/sample/80/e1/sample-80e18b632a41608b444fdc53ef5a9be4.jpg
toned male,トーンの男性,Others,3,0.07%,
bow leggs,Bow Leggs,Others,3,0.07%,
utdr_toby_fox,作品: Utdr Toby Fox,Copyright,0,0.00%,https://cdn.donmai.us/sample/3f/33/sample-3f33c49ed1e388c33661b3fe0481c711.jpg
Milkman style,Milkman Style風の絵柄,Style,3,0.07%,
zombie fighter girl,キャラ: Zombie Fighter Girl,Character,3,0.07%,
shirt pull,シャツプル,Clothing,3,0.07%,
wearing super cute yoga outfit: tight black cropped long sports bra with cute straps,Wearing Super Cute Yoga Outfit: Tight Black Cropped Long Sports Bra With Cute Straps,Clothing,3,0.07%,
excellent depiction of wrinkles in the clothes,Excellent Depiction Of Wrinkles In The Clothes,Clothing,3,0.07%,
no text curren chan umamusume,No Text Curren Chan Umamusume,Others,3,0.07%,
layered lace trim,Layered Lace Trim,Others,3,0.07%,
puckered anus,肛門のパッカー,Others,3,0.07%,
minami kotori,コトリ島,Others,3,0.07%,
solo girl,キャラ: Solo Girl,Character,3,0.07%,
dark blue kimono,Dark Blue Kimono,Others,3,0.07%,
arms around neck,首の周りの腕,Pose,3,0.07%,
men-only train was crowded to capacity,Men-only Train Was Crowded To Capacity,Others,3,0.07%,
changing room,部屋を変える,Background,3,0.07%,
noa_blue_archive,キャラ: Noa Blue Archive,Character,0,0.00%,https://cdn.donmai.us/sample/84/54/sample-84541a7c1a6e805c8e0e92a8c72bd953.jpg
back shot,Back Shot,Others,3,0.07%,
panchira,Panchira,Others,3,0.07%,
sparse_pubic_hair,まばらな陰毛,Character,0,0.00%,https://cdn.donmai.us/sample/90/8b/sample-908bc38c430456382fccf6d9e2f060ee.jpg
source#laughing,Source#laughing,Others,3,0.07%,
fabric clinging to skin,キャラ: Fabric Clinging To Skin,Character,3,0.07%,
sweat drops on skin,キャラ: Sweat Drops On Skin,Character,3,0.07%,
murabana44,Murabana44風の絵柄,Style,0,0.00%,https://cdn.donmai.us/sample/0d/ac/sample-0daca7385054ea9207d983829939ce47.jpg
large brown randoseru backpack on back,Large Brown Randoseru Backpack On Back,Others,3,0.07%,
cherbourg_azur_lane,キャラ: Cherbourg Azur Lane,Character,0,0.00%,https://cdn.donmai.us/sample/13/ba/sample-13ba8a96cd86b7326bb68e0daa49683e.jpg
sex from behind::  3::ass grab by both arms,Sex From Behind:: 3::ass Grab By Both Arms,Pose,3,0.07%,
paw pose,足のポーズ,Pose,3,0.07%,
smoky,Smoky,Others,3,0.07%,
kaoru_hana_wa_rin_to_saku,作品: Kaoru Hana Wa Rin To Saku,Copyright,0,0.00%,https://cdn.donmai.us/sample/a9/a8/sample-a9a8a9824f64867f165556050fc4f11d.jpg
hand_supporting,Hand Supporting,Pose,3,0.07%,
OPEN mouth,開いた口,Character,3,0.07%,
sitting on stool,Sitting On Stool,Pose,3,0.07%,
nail of hands,Nail Of Hands,Pose,3,0.07%,
haruno sakura,佐藤丸,Others,3,0.07%,
white scrunchie,白いシュシリー,Others,3,0.07%,
-2::sweat,-2::sweat,Others,3,0.07%,
shiroko_terror_blue_archive,キャラ: Shiroko Terror Blue Archive,Character,0,0.00%,https://cdn.donmai.us/sample/a3/e0/sample-a3e0e38f09ab1b95ed8d30d85f2f503f.jpg
Hiding one eye with bangs,Hiding One Eye With Bangs,Others,3,0.07%,
eruemuaru,Eruemuaru風の絵柄,Style,0,0.00%,https://cdn.donmai.us/sample/a8/e6/sample-a8e6aeca0f7f9fd819a0536a2a14831f.webm
hand on boy's chest,Hand On Boy's Chest,Pose,3,0.07%,
navy buruma,Navy Buruma,Others,3,0.07%,
Teruhashi KokomiSaiki Kusuo no Sainan,Teruhashi Kokomisaiki Kusuo No Sainan,Others,3,0.07%,
see-through School uniform,See-through School Uniform,Clothing,3,0.07%,
attack at viewer,Attack At Viewer,Others,3,0.07%,
pussy juices,Pussy Juices,Others,3,0.07%,
black bun,Black Bun,Others,3,0.07%,
light tan/yellowish pro wrestling-style swimwear with dark olive green accents,Light Tan/yellowish Pro Wrestling-style Swimwear With Dark Olive Green Accents風の絵柄,Style,3,0.07%,
looking back::   9::from below,Looking Back:: 9::from Below,Pose,3,0.07%,
rice_shower_umamusume,キャラ: Rice Shower Umamusume,Character,0,0.00%,https://cdn.donmai.us/sample/dd/f7/sample-ddf72389524e24dac8fb574b49150de1.jpg
silver_wolf_honkai:_star_rail,キャラ: Silver Wolf Honkai: Star Rail,Character,0,0.00%,https://cdn.donmai.us/sample/44/1b/sample-441be24a50221cbbe953f65239321b8e.jpg
facing up,上向き,Others,3,0.07%,
tokidoki_bosotto_roshia-go_de_dereru_tonari_no_alya-san,作品: Tokidoki Bosotto Roshia-go De Dereru Tonari No Alya-san,Copyright,0,0.00%,https://cdn.donmai.us/sample/ce/5b/sample-ce5bda8273eda01a6a38b5260b1b2643.jpg
red_hairband,赤いヘアバンド,Character,0,0.00%,https://cdn.donmai.us/sample/08/f6/sample-08f69f5a272cd6b210513dd308678548.jpg
crop top overhang,クロップトップオーバーハング,Others,3,0.07%,
-1::grabbing another's arms,-1::grabbing Another's Arms,Pose,3,0.07%,
grabbing her breasts,キャラ: Grabbing Her Breasts,Character,3,0.07%,
the_legend_of_zelda,ゼルダの伝説,Copyright,0,0.00%,https://cdn.donmai.us/sample/8e/4f/sample-8e4fdbf662acd6407d3fedd33bf95227.jpg
thin shoulder straps,Thin Shoulder Straps,Others,3,0.07%,
She's wearing a yellow one-piece swimsuit with white Frill trim,She's Wearing A Yellow One-piece Swimsuit With White Frill Trim,Clothing,3,0.07%,
hickey,ヒッキー,Others,3,0.07%,
batman_series,作品: Batman Series,Copyright,0,0.00%,https://cdn.donmai.us/original/5a/b5/5ab542395e5cf5e0cd612ece84f5090b.mp4
holding up one leg with hands,Holding Up One Leg With Hands,Pose,3,0.07%,
panther_girl,パンサーガール,Character,0,0.00%,https://cdn.donmai.us/sample/7a/aa/sample-7aaabaa216dd9406510993d08df0efe9.jpg
brazilian_miku,キャラ: Brazilian Miku,Character,0,0.00%,https://cdn.donmai.us/sample/33/c3/sample-33c31fead6022bfcb4bfecdb95846722.jpg
white theme,白いテーマ,Others,3,0.07%,
interlocked fingers,インターロックされた指,Others,3,0.07%,
huge brests,Huge Brests,Others,3,0.07%,
1990s,1990s,Others,3,0.07%,
arched soles,アーチ型の裏,Others,3,0.07%,
bite mark,バイトマーク,Others,3,0.07%,
toaru kagaku no railgun,Toaru kagaku no Railgun,Others,3,0.07%,
full swing,Full Swing,Others,3,0.07%,
opening sliding door,Opening Sliding Door,Others,3,0.07%,
side face:: 3:: looking down,キャラ: Side Face:: 3:: Looking Down,Character,3,0.07%,
trying to act normal,Trying To Act Normal,Others,3,0.07%,
elegg_nikke,キャラ: Elegg Nikke,Character,0,0.00%,https://cdn.donmai.us/original/0a/b3/0ab3ce5c1b44ceaf254160f50eedb041.mp4
bubbles girl,キャラ: Bubbles Girl,Character,3,0.07%,
big bed,Big Bed,Background,3,0.07%,
Fighting stance,戦いの姿勢,Others,3,0.07%,
tapir_girl,タピルガール,Character,0,0.00%,https://cdn.donmai.us/original/e9/53/e953c3800d47a96686700d1b0068d812.mp4
pink background,ピンク背景,Background,3,0.07%,
artist:kedama milk,絵師: kedama milk風,Style,3,0.07%,
night sky,夜空,Background,3,0.07%,
outfits,Outfits,Others,3,0.07%,
a lot of money,A Lot Of Money,Others,3,0.07%,
shiwudesu,Shiwudesu風の絵柄,Style,0,0.00%,https://cdn.donmai.us/sample/de/c2/sample-dec282e3d47c9cd3feacb7c741924414.jpg
sharp light reflections in pupils vivid eye shine,Sharp Light Reflections In Pupils Vivid Eye Shine,Background,3,0.07%,
shiny skin::4::ahegao,キャラ: Shiny Skin::4::ahegao,Character,3,0.07%,
taiyang_yu,Taiyang Yu風の絵柄,Style,0,0.00%,https://cdn.donmai.us/sample/be/f4/sample-bef45f1d995ba53c2859f350bcff78cc.jpg
pussy juice stain,猫ジュースの汚れ,Others,3,0.07%,
4.5,4.5,Others,3,0.07%,
drum,ドラム,Others,3,0.07%,
-2.0::pantyshot,-2.0::pantyshot,Others,3,0.07%,
-2::realistic,-2::realistic,Others,3,0.07%,
checkered_hairband,キャラ: Checkered Hairband,Character,0,0.00%,https://safebooru.org/images/1095/6830606d40685f4872ee5e13a6f162479f388757.jpg
oil sheen:1.3、1girl 、gray collar Calvin Klein undies bra、sweat wet bra、see-through nipple、upper body、Locker room、tracen school uniform、uniform lifted by self、showing bra、from above、sweaty、eye shadow、sweaty、steam、female phenomenon、 heart eyes、looking for viewer、,Oil Sheen:1.3、1girl 、gray Collar Calvin Klein Undies Bra、sweat Wet Bra、see-through Nipple、upper Body、locker Room、tracen School Uniform、uniform Lifted By Self、showing Bra、from Above、sweaty、eye Shadow、sweaty、steam、female Phenomenon、 Heart Eyes、looking For Viewer、,Clothing,3,0.07%,
funny face,キャラ: Funny Face,Character,3,0.07%,
looking at boy,キャラ: Looking At Boy,Character,3,0.07%,
yangyang_wuthering_waves,キャラ: Yangyang Wuthering Waves,Character,0,0.00%,https://cdn.donmai.us/sample/f7/db/sample-f7db68fac7a131b3fc2ab783d146ae18.jpg
bags_under_eyes,目の下のバッグ,Character,0,0.00%,https://cdn.donmai.us/sample/75/c0/sample-75c0e675747a4c1f2a1fb54537f7f8d6.jpg
nerissa_ravencroft,キャラ: Nerissa Ravencroft,Character,0,0.00%,https://cdn.donmai.us/sample/54/2d/sample-542d1ed97547b4afa4a3e4bd92c512c0.jpg
The image is chicke iii and yd orange maru and baffu style,The Image Is Chicke Iii And Yd Orange Maru And Baffu Style風の絵柄,Style,3,0.07%,
elaina majo no tabitabi,Elaina Majo No Tabitabi,Others,3,0.07%,
goetz_von_berlichingen_azur_lane,キャラ: Goetz Von Berlichingen Azur Lane,Character,0,0.00%,https://cdn.donmai.us/sample/08/13/sample-0813311ccad64eff0bf280113e6d6501.jpg
grabbing_another's_hair,他の人の髪をつかむ,Character,0,0.00%,https://cdn.donmai.us/sample/05/16/sample-051616e4ee524500f4f5412eac424d9b.jpg
slim tie,Slim Tie,Clothing,3,0.07%,
ziroqon,Ziroqon風の絵柄,Style,0,0.00%,https://cdn.donmai.us/sample/74/46/sample-7446fd37ca867dbc0f931c47168a3bcd.jpg
grabbing her crotch,Grabbing Her Crotch,Others,3,0.07%,
fujimaru standing,Fujimaru Standing,Pose,3,0.07%,
curious eyes,キャラ: Curious Eyes,Character,3,0.07%,
1.5::catchlight in eyes::,1.5::catchlight In Eyes::,Background,3,0.07%,
-10::dual screen,-10::dual Screen,Others,3,0.07%,
lesbian sex from behind,Lesbian Sex From Behind,Others,3,0.07%,
cum on back,後ろに精液,Others,3,0.07%,
cissia_zenless_zone_zero,キャラ: Cissia Zenless Zone Zero,Character,0,0.00%,https://cdn.donmai.us/sample/6e/1c/sample-6e1c9c89a71153ac861f96e50694e385.jpg
intense atmosphere,Intense Atmosphere,Others,3,0.07%,
dynamic action shot illumination,Dynamic Action Shot Illumination,Others,3,0.07%,
white dress boy,White Dress Boy,Clothing,3,0.07%,
black belt with silver buckle and studs,Black Belt With Silver Buckle And Studs,Others,3,0.07%,
kusanagi nene,クサナギ・ネネ,Others,3,0.07%,
wrestling ring,レスリングリング,Others,3,0.07%,
no wings,翼はありません,Others,3,0.07%,
shapes background,Shapes Background,Background,3,0.07%,
flipzrok,Flipzrok風の絵柄,Style,0,0.00%,https://cdn.donmai.us/sample/c7/4c/sample-c74cd6e4f8f62ecbaf97b53916e713d9.jpg
masterpiece of feminine seductive beauty,Masterpiece Of Feminine Seductive Beauty,Others,3,0.07%,
Both nipples are being injected with intravenous needles,Both Nipples Are Being Injected With Intravenous Needles,Others,3,0.07%,
trailblazer_honkai:_star_rail,キャラ: Trailblazer Honkai: Star Rail,Character,0,0.00%,https://cdn.donmai.us/sample/85/d0/sample-85d05e270a2b63f46af8e4ac372d9e3c.jpg
correct finger count,Correct Finger Count,Others,3,0.07%,
vertical bars on left side,Vertical Bars On Left Side,Others,3,0.07%,
wet spot,ウェットスポット,Others,3,0.07%,
large brests,Large Brests,Others,3,0.07%,
milf、large breast、wide hip、adult women、aged up、、sweaty、,キャラ: Milf、large Breast、wide Hip、adult Women、aged Up、、sweaty、,Character,3,0.07%,
"focus，ultra-detaile，
high resolution　，extremely detailed CG，detailed","Focus，ultra-detaile，
high Resolution　，extremely Detailed Cg，detailed",Others,3,0.07%,
fern sousou no frieren,Fern Sousou No Frieren,Others,3,0.07%,
condom_in_mouth,口の中のコンドーム,Character,0,0.00%,https://cdn.donmai.us/sample/66/7a/sample-667a434f1391d112d9623bd57afd2e21.jpg
wide open leggs,Wide Open Leggs,Others,3,0.07%,
orange hair,橙髪,Character,3,0.07%,
arm up,手を伸ばす,Others,3,0.07%,
hands on ground,手に渡って地面,Pose,3,0.07%,
red and blue neon reflections on skin and motorcycle,キャラ: Red And Blue Neon Reflections On Skin And Motorcycle,Character,3,0.07%,
cum on chest,胸に精液,Others,3,0.07%,
big bed2::pokemon_official_art,Big Bed2::pokemon Official Art,Background,3,0.07%,
prinz_eugen_azur_lane,キャラ: Prinz Eugen Azur Lane,Character,0,0.00%,https://cdn.donmai.us/sample/6b/df/sample-6bdf285240a77503183d4287cdcb4fa3.jpg
thigh gap,太もものギャップ,Others,3,0.07%,
stomach bulge,胃の膨らみ,Others,3,0.07%,
ddcc0123,Ddcc0123風の絵柄,Style,0,0.00%,https://cdn.donmai.us/sample/5c/15/sample-5c156e1fdae3b938ff1b0ef9dea53a10.jpg
1 nude fat brown skin faceless man::  -2::male blush,キャラ: 1 Nude Fat Brown Skin Faceless Man:: -2::male Blush,Character,3,0.07%,
love pupils,Love Pupils,Others,3,0.07%,
pokemon_black_2_and_white_2,作品: Pokemon Black 2 And White 2,Copyright,0,0.00%,https://cdn.donmai.us/sample/02/36/sample-0236f61bfb53c4097457ab82f5b99033.jpg
nipple tweak,乳首の調整,Others,3,0.07%,
frozen in place,Frozen In Place,Others,3,0.07%,
night city street with heavy motion blur and neon light trails,Night City Street With Heavy Motion Blur And Neon Light Trails,Background,3,0.07%,
blurred background,Blurred Background,Background,3,0.07%,
meitantei_precure!,作品: Meitantei Precure!,Copyright,0,0.00%,https://cdn.donmai.us/original/25/fd/25fdc0a8fbf608e29e2dfe66a110f40c.png
grabbing another's leg,Grabbing Another's Leg,Others,3,0.07%,
full body::from front,Full Body::from Front,Others,3,0.07%,
light brownish-black hair,Light Brownish-black Hair,Background,3,0.07%,
neck ribbon,ネックリボン,Clothing,3,0.07%,
lights off,Lights Off,Background,3,0.07%,
hinata_blue_archive,キャラ: Hinata Blue Archive,Character,0,0.00%,https://cdn.donmai.us/sample/e9/15/sample-e9151fc0ed17d7f0b725b68fd3ac620a.jpg
zoom lens,Zoom Lens,Others,3,0.07%,
smelly,Smelly,Others,3,0.07%,
pony play cosplay、horse bite marks on girl body、pointy breast、from side,キャラ: Pony Play Cosplay、horse Bite Marks On Girl Body、pointy Breast、from Side,Character,3,0.07%,
columbina_genshin_impact,キャラ: Columbina Genshin Impact,Character,0,0.00%,https://cdn.donmai.us/sample/56/05/sample-5605f5557bbad7ce49f9367004515aef.jpg
no text ultimate madoka,No Text Ultimate Madoka,Others,3,0.07%,
solo focus ::shout::  1::standing with spread legs,Solo Focus ::shout:: 1::standing With Spread Legs,Pose,3,0.07%,
full nelson,フルネルソン,Others,3,0.07%,
okpriko,Okpriko,Style,0,0.00%,https://cdn.donmai.us/sample/15/1a/sample-151a3453ef0ed655fefd13b8469f3209.jpg
chocolate box,Chocolate Box,Others,3,0.07%,
intimate horse she and farm background、straw floor、horse penis、 sex、 Standing、box、hands on box 、stomach bulge、crazy、rolling eyes、looking front、tongue out、saliva、massive cum、twitching、ahegao、rolling eyes 、dynamic、close up、censored、mosaic、strong mosaic、girl brown hoof elbow gloves,Intimate Horse She And Farm Background、straw Floor、horse Penis、 Sex、 Standing、box、hands On Box 、stomach Bulge、crazy、rolling Eyes、looking Front、tongue Out、saliva、massive Cum、twitching、ahegao、rolling Eyes 、dynamic、close Up、censored、mosaic、strong Mosaic、girl Brown Hoof Elbow Gloves,Pose,3,0.07%,
outside,Outside,Others,3,0.07%,
deep impact umamusume,Deep Impact Umamusume,Others,3,0.07%,
ambient occlusion,Ambient Occlusion,Others,3,0.07%,
in tent,In Tent,Others,3,0.07%,
sparks from wheels,Sparks From Wheels,Others,3,0.07%,
leap frog,跳躍カエル,Others,3,0.07%,
hands on own breasts,自分の胸の手,Pose,3,0.07%,
pastel color,Pastel Color,Others,3,0.07%,
cream on mouth,キャラ: Cream On Mouth,Character,3,0.07%,
blue_hairband,青いヘアバンド,Character,0,0.00%,https://cdn.donmai.us/sample/2f/df/sample-2fdfec9000a35d85145e5f78443ad047.jpg
"::

2:: Blushing","キャラ: ::

2:: Blushing",Character,3,0.07%,
shaved head,スキンヘッド,Others,3,0.07%,
popsicle_in_mouth,口の中のアイスキャンディー,Character,0,0.00%,https://cdn.donmai.us/sample/54/2d/sample-542d1ed97547b4afa4a3e4bd92c512c0.jpg
hand on own ass,自分のお尻に手をかけます,Pose,3,0.07%,
-4:: pov,-4:: Pov,Others,3,0.07%,
choujirooo,Choujirooo,Others,3,0.07%,
no text girl、eishin flash umamusume,キャラ: No Text Girl、eishin Flash Umamusume,Character,3,0.07%,
Blue lace lingerie under School uniform,Blue Lace Lingerie Under School Uniform,Clothing,3,0.07%,
lightning glare,稲妻のまぶしさ,Background,3,0.07%,
long straight brown hair with bangs,キャラ: Long Straight Brown Hair With Bangs,Character,3,0.07%,
ie_pixiv_101298631,Ie Pixiv 101298631風の絵柄,Style,0,0.00%,https://cdn.donmai.us/sample/46/29/sample-4629d7df70d4dbbae887f16fdcef41c9.jpg
gwen tennyson,Gwen Tennyson,Others,3,0.07%,
short pleated dark skirt,Short Pleated Dark Skirt,Clothing,3,0.07%,
persona,ペルソナ,Copyright,0,0.00%,https://cdn.donmai.us/sample/e4/44/sample-e44401a662a15b1e324109bb3a76bc55.jpg
chen_qianyu_arknights,キャラ: Chen Qianyu Arknights,Character,0,0.00%,https://cdn.donmai.us/sample/d5/d6/sample-d5d6ae59738d017b5b7453488ecc8ef5.jpg
grab from behind::  nsfw,Grab From Behind:: Nsfw,Others,3,0.07%,
shaded_face,日陰の顔,Character,0,0.00%,https://cdn.donmai.us/sample/de/77/sample-de77033a8ca418c2ee86d45623eea676.jpg
intricately detailed sakura petal pattern,Intricately Detailed Sakura Petal Pattern,Others,3,0.07%,
marvel,マーベル,Copyright,0,0.00%,https://cdn.donmai.us/sample/6d/22/sample-6d226597f2b3d08359e42539a54948a3.jpg
hideyoshi toyotomi SENGOKU OTOME,Hideyoshi Toyotomi Sengoku Otome,Others,3,0.07%,
seed_zenless_zone_zero,キャラ: Seed Zenless Zone Zero,Character,0,0.00%,https://cdn.donmai.us/sample/6e/1c/sample-6e1c9c89a71153ac861f96e50694e385.jpg
dolphin shorts,イルカショーツ,Others,3,0.07%,
mirror maiden genshin impact cosplay,Mirror Maiden Genshin Impact Cosplay,Others,3,0.07%,
fate/kaleid_liner_prisma_illya,Fate/Kaleid Liner Prisma Illya,Copyright,0,0.00%,https://cdn.donmai.us/sample/c5/1a/sample-c51a18fbd4792cf2fbe24dbad636ef1d.jpg
hugging herself,Hugging Herself,Others,3,0.07%,
standing missionary position against the bed,Standing Missionary Position Against The Bed,Pose,3,0.07%,
arm held back,腕を抑えた,Others,3,0.07%,
yamada ryo,Yamada Ryo,Others,3,0.07%,
anti-aliasing shader,Anti-aliasing Shader,Others,3,0.07%,
kasane_teto_utau,キャラ: Kasane Teto Utau,Character,0,0.00%,https://cdn.donmai.us/sample/5b/0d/sample-5b0d4c7d188f51be56a2c1978b7356ec.jpg
artist:cutesexyrobutts,絵師: cutesexyrobutts風,Style,3,0.07%,
holding crepe in hand,Holding Crepe In Hand,Pose,3,0.07%,
hand,Hand,Pose,3,0.07%,
legs trembling,Legs Trembling,Pose,3,0.07%,
aria_zenless_zone_zero,キャラ: Aria Zenless Zone Zero,Character,0,0.00%,https://cdn.donmai.us/sample/59/92/sample-5992d4eb9cb7f4510c51f6e3f421538e.jpg
head on ground,Head On Ground,Others,3,0.07%,
navy blazer,Navy Blazer,Clothing,3,0.07%,
street_fighter,ストリートファイター,Copyright,0,0.00%,https://cdn.donmai.us/sample/a1/ea/sample-a1ea1dbaae7b79b94e71a75ba1e01533.jpg
arrax_wdah8558,Arrax Wdah8558風の絵柄,Style,0,0.00%,https://cdn.donmai.us/sample/59/38/sample-593811c3cb3703eea35b27aacd81ef39.jpg
black dog collard,Black Dog Collard,Others,3,0.07%,
holding rhongomyniad,Holding Rhongomyniad,Pose,3,0.07%,
squint your eyes,キャラ: Squint Your Eyes,Character,3,0.07%,
blood on penis,Blood On Penis,Others,3,0.07%,
after kiss,キスの後,Others,3,0.07%,
maam dragon quest dai no daibouken,Maam Dragon Quest Dai No Daibouken,Others,3,0.07%,
visible striped panties from under skirt,Visible Striped Panties From Under Skirt,Clothing,3,0.07%,
love letter,ラブレター,Others,3,0.07%,
looking up slightly,Looking Up Slightly,Background,3,0.07%,
tilt your chin back,Tilt Your Chin Back,Others,3,0.07%,
track marks,トラックマーク,Others,3,0.07%,
target#stunned,Target#stunned,Others,3,0.07%,
:: small breasts,キャラ: :: Small Breasts,Character,3,0.07%,
The best degree of perfection,The Best Degree Of Perfection,Others,3,0.07%,
bold,Bold,Others,3,0.07%,
azur lane animation illumination style,Azur Lane Animation Illumination Style風の絵柄,Style,3,0.07%,
holding leash,ひもを保持します,Pose,3,0.07%,
cum on hair,髪の毛に精液,Character,3,0.07%,
Put your hands on your hips girl,Put Your Hands On Your Hips Girl,Pose,3,0.07%,
hakos_baelz_1st_costume,キャラ: Hakos Baelz 1st Costume,Character,0,0.00%,https://cdn.donmai.us/sample/ec/a8/sample-eca8b6a749511aae4abe05a559413192.jpg
world of elegance,World Of Elegance,Others,3,0.07%,
soft smile girl,キャラ: Soft Smile Girl,Character,3,0.07%,
label_nikke,キャラ: Label Nikke,Character,0,0.00%,https://cdn.donmai.us/sample/4d/7a/sample-4d7a17459e1f85fdca436162aa324f89.jpg
toddler girl,キャラ: Toddler Girl,Character,3,0.07%,
sticking tongue out,Sticking Tongue Out,Others,3,0.07%,
short black miniskirt lifted by hand,Short Black Miniskirt Lifted By Hand,Clothing,3,0.07%,
0.1::artist:ciloranko::,0.1::ciloranko::,Others,3,0.07%,
grey sports bra,灰色のスポーツブラ,Clothing,3,0.07%,
labia breast,キャラ: Labia Breast,Character,3,0.07%,
human crush,Human Crush,Others,3,0.07%,
food focus,フードフォーカス,Others,3,0.07%,
Pink liquid is caked onto her hand,Pink Liquid Is Caked Onto Her Hand,Pose,3,0.07%,
source#shocked girl,キャラ: Source#shocked Girl,Character,3,0.07%,
slim slender,Slim Slender,Others,3,0.07%,
nihonga,日本画 (岩絵の具・余白の美),Others,3,0.07%,
wearing super cute yoga outfit: tight black cropped long sports underwire bra with cute straps and lace,Wearing Super Cute Yoga Outfit: Tight Black Cropped Long Sports Underwire Bra With Cute Straps And Lace,Clothing,3,0.07%,
electrical light,Electrical Light,Background,3,0.07%,
castorice honkai: star rail,Castorice Honkai: Star Rail,Others,3,0.07%,
iono_pokemon,キャラ: Iono Pokemon,Character,0,0.00%,https://cdn.donmai.us/sample/b0/37/sample-b037d149cda764f50efb027f55d4c482.jpg
perfect hands,Perfect Hands,Pose,3,0.07%,
legs down,Legs Down,Pose,3,0.07%,
smiling and looking at the girl,キャラ: Smiling And Looking At The Girl,Character,3,0.07%,
Glare girl,キャラ: Glare Girl,Character,3,0.07%,
flying,飛行,Pose,3,0.07%,
head backwards,Head Backwards,Others,3,0.07%,
embarrassed expression,Embarrassed Expression,Others,3,0.07%,
grab ass,Grab Ass,Others,3,0.07%,
bruises,Bruises,Others,3,0.07%,
liko pokemon,Liko Pokemon,Others,3,0.07%,
Turn your head to the side,Turn Your Head To The Side,Others,3,0.07%,
brown skin,キャラ: Brown Skin,Character,3,0.07%,
cryo cicin mage genshin impact cosplay,Cryo Cicin Mage Genshin Impact Cosplay,Others,3,0.07%,
blue archive game cg,Blue Archive Game Cg,Others,3,0.07%,
mx2j,Mx2j,Others,3,0.07%,
-2::bent over,-2::bent Over,Others,3,0.07%,
from abovet,From Abovet,Others,3,0.07%,
bikini skirt,ビキニスカート,Clothing,3,0.07%,
pick up one foot with hands,Pick Up One Foot With Hands,Pose,3,0.07%,
field of blades,ブレードのフィールド,Others,3,0.07%,
seductive expression,Seductive Expression,Others,3,0.07%,
toned skinny,キャラ: Toned Skinny,Character,3,0.07%,
black knee boots,Black Knee Boots,Clothing,3,0.07%,
extremely beautiful face,キャラ: Extremely Beautiful Face,Character,3,0.07%,
distr,ディストリビューション,Style,0,0.00%,https://cdn.donmai.us/sample/44/1b/sample-441be24a50221cbbe953f65239321b8e.jpg
||close-up|upper body|cowboy shot|from above|from side|profile view|POV|dutch angle|dynamic angle||,キャラ: ||close-up|upper Body|cowboy Shot|from Above|from Side|profile View|pov|dutch Angle|dynamic Angle||,Character,3,0.07%,
burnice_white,キャラ: Burnice White,Character,0,0.00%,https://cdn.donmai.us/original/86/0a/860a78909d99d866f0b8a8f683851182.mp4
mari_blue_archive,キャラ: Mari Blue Archive,Character,0,0.00%,https://cdn.donmai.us/sample/d0/43/sample-d04316b7e340a5a923d5418f092d3eb6.jpg
x arms,Xアーム,Pose,3,0.07%,
one hand near face,One Hand Near Face,Pose,3,0.07%,
blank page,空白ページ,Others,3,0.07%,
breasts_on_table,テーブルの胸,Character,0,0.00%,https://cdn.donmai.us/sample/03/86/sample-0386b4dd9c47056600ec9509f706e373.jpg
letter_hair_ornament,文字の髪の飾り,Character,0,0.00%,https://cdn.donmai.us/sample/97/41/sample-974180958a0a2546234b4c04dfe6ba72.jpg
glossy glistening,Glossy Glistening,Others,3,0.07%,
scared expression,Scared Expression,Others,3,0.07%,
boy on girl to fellatio,キャラ: Boy On Girl To Fellatio,Character,3,0.07%,
clear reflections in eyes,キャラ: Clear Reflections In Eyes,Character,3,0.07%,
Girl sitting on a chair,Girl Sitting On A Chair,Pose,3,0.07%,
hands behind back,Hands Behind Back,Pose,3,0.07%,
-1::facial hair,キャラ: -1::facial Hair,Character,3,0.07%,
shinku_nte,キャラ: Shinku Nte,Character,0,0.00%,https://cdn.donmai.us/sample/59/96/sample-5996025caf2ea933102636c54cbd9cca.jpg
3d female,3d Female,Others,3,0.07%,
a young athletic woman,A Young Athletic Woman,Others,3,0.07%,
high kick,ハイキック,Others,3,0.07%,
paper lanterns,Paper Lanterns,Others,3,0.07%,
trigger_zenless_zone_zero,キャラ: Trigger Zenless Zone Zero,Character,0,0.00%,https://cdn.donmai.us/sample/6e/1c/sample-6e1c9c89a71153ac861f96e50694e385.jpg
-3::door,-3::door,Others,3,0.07%,
dust boy,キャラ: Dust Boy,Character,3,0.07%,
waving hand,Waving Hand,Pose,3,0.07%,
artist:anmi,絵師: anmi風,Style,3,0.07%,
cynthia_pokemon,キャラ: Cynthia Pokemon,Character,0,0.00%,https://cdn.donmai.us/sample/46/ec/sample-46ec907e03195055e1fd962e7618da1a.jpg
see-through,透け,Others,3,0.07%,
heavy blush on neck and chest,キャラ: Heavy Blush On Neck And Chest,Character,3,0.07%,
marvel_rivals,作品: Marvel Rivals,Copyright,0,0.00%,https://cdn.donmai.us/sample/6d/22/sample-6d226597f2b3d08359e42539a54948a3.jpg
black pupils,Black Pupils,Others,3,0.07%,
artist:homare fool's art,絵師: homare fool's art風,Style,3,0.07%,
fat mons pussy,Fat Mons Pussy,Others,3,0.07%,
lucilla_wuthering_waves,キャラ: Lucilla Wuthering Waves,Character,0,0.00%,https://cdn.donmai.us/sample/3f/bf/sample-3fbf2225b50360b6ee190ffce7b9ab21.jpg
close-up dynamic shot from side-front angle,Close-up Dynamic Shot From Side-front Angle,Others,3,0.07%,
cum on breasts,胸に精液,Character,3,0.07%,
dark areolas::Raise your eyebrows,Dark Areolas::raise Your Eyebrows,Others,3,0.07%,
no text girl、 lucky lilac umamusume,キャラ: No Text Girl、 Lucky Lilac Umamusume,Character,3,0.07%,
idolmaster_shiny_colors,Idolmasterの光沢のある色,Copyright,0,0.00%,https://cdn.donmai.us/sample/d3/f8/sample-d3f81c0f3af51bfb40d2812038f5996c.jpg
:anal sex:: 3::pov,:anal Sex:: 3::pov,Others,3,0.07%,
dot eyes,キャラ: Dot Eyes,Character,3,0.07%,
dawnpokemonanime,Dawnpokemonanime,Others,3,0.07%,
vulva,Vulva,Others,3,0.07%,
ann1s.,Ann1s.風の絵柄,Style,0,0.00%,https://cdn.donmai.us/original/15/09/15093ee238699cbef08571ffe7c69c55.mp4
ootani_ouya,キャラ: Ootani Ouya,Character,0,0.00%,https://cdn.donmai.us/sample/22/6d/sample-226d2c0e1eb819ca0c66844b4adc4aa7.jpg
shiny gold armor,Shiny Gold Armor,Others,3,0.07%,
lying on a wooden beach lounge chair,Lying On A Wooden Beach Lounge Chair,Pose,3,0.07%,
silver hair,銀髪,Character,3,0.07%,
side view::  3::standing,Side View:: 3::standing,Pose,3,0.07%,
before sex,Before Sex,Others,3,0.07%,
stone buildings,Stone Buildings,Others,3,0.07%,
princess_carry,プリンセスキャリー,Others,3,0.07%,
xianyungenshin impact,Xianyungenshin Impact,Others,3,0.07%,
no bare skin,キャラ: No Bare Skin,Character,3,0.07%,
exasperated expression,Exasperated Expression,Others,3,0.07%,
presenting own breasts,キャラ: Presenting Own Breasts,Character,3,0.07%,
kurosaki ichigo cosplay,Kurosaki Ichigo Cosplay,Others,3,0.07%,
ready to draw,描く準備ができました,Others,3,0.07%,
hilda_pokemon,キャラ: Hilda Pokemon,Character,0,0.00%,https://cdn.donmai.us/sample/27/76/sample-27769977f2c0b2697254e03df55b8f00.jpg
::1.8::inverted_nipples,::1.8::inverted Nipples,Others,3,0.07%,
formidable_azur_lane cosplay shiranui_mai,Formidable Azur Lane Cosplay Shiranui Mai,Others,3,0.07%,
fujimaru body from neck down,Fujimaru Body From Neck Down,Others,3,0.07%,
tented,Tented,Others,3,0.07%,
confident and dignified expression,Confident And Dignified Expression,Others,3,0.07%,
black void,Black Void,Others,3,0.07%,
crimson,Crimson,Others,3,0.07%,
pleated skirt girl,Pleated Skirt Girl,Clothing,3,0.07%,
roxy_migurdia,ロキシー・ミグルディア,Character,0,0.00%,https://cdn.donmai.us/sample/af/31/sample-af3116f01c387b44f18496577079bf62.jpg
holding poke ball,ポークボールを持っています,Pose,3,0.07%,
stunned expression,Stunned Expression,Others,3,0.07%,
nekoyashiki_pushio,Nekoyashiki Pushio,Others,3,0.07%,
vibrant soft lighting,Vibrant Soft Lighting,Clothing,3,0.07%,
food_on_face,顔に食べ物,Character,0,0.00%,https://safebooru.org/images/1095/66cff79ac70e77142da6ce0266a94fcae83d0607.jpg
no text sakura_laurel_umamusume,No Text Sakura Laurel Umamusume,Others,3,0.07%,
casting spell,キャスティングスペル,Others,3,0.07%,
pet,ペット,Others,3,0.07%,
deep blush,キャラ: Deep Blush,Character,3,0.07%,
neverness_to_everness,作品: Neverness To Everness,Copyright,0,0.00%,https://cdn.donmai.us/sample/59/96/sample-5996025caf2ea933102636c54cbd9cca.jpg
disappearing,Disappearing,Others,3,0.07%,
being picked her nipple,Being Picked Her Nipple,Others,3,0.07%,
doremi doremi4704,Doremi Doremi4704,Others,3,0.07%,
Night in bedroom,Night In Bedroom,Background,3,0.07%,
blue stripes on skirt,Blue Stripes On Skirt,Clothing,3,0.07%,
hikari_blue_archive,キャラ: Hikari Blue Archive,Character,0,0.00%,https://cdn.donmai.us/sample/5a/8f/sample-5a8f0845d27ac03ad8ca640fcdb660d3.jpg
witch clothes,Witch Clothes,Clothing,3,0.07%,
supergirl_my_adventures_with_superman,キャラ: Supergirl My Adventures With Superman,Character,0,0.00%,https://cdn.donmai.us/sample/10/f4/sample-10f438135ef5b63d9adac108aa49cdef.jpg
odawara hakone,odawara hakone,Others,3,0.07%,
sense of motion,Sense Of Motion,Others,3,0.07%,
very dark skin,とても暗い肌,Character,3,0.07%,
pink striped panties,Pink Striped Panties,Clothing,3,0.07%,
defined catchlights crystal clear eyes with multiple highlights,Defined Catchlights Crystal Clear Eyes With Multiple Highlights,Background,3,0.07%,
below,Below,Others,3,0.07%,
rumi_blue_archive,キャラ: Rumi Blue Archive,Character,0,0.00%,https://cdn.donmai.us/sample/60/83/sample-608355583502f026c35103a5683b4bd8.jpg
panty_&_stocking_with_garterbelt,ガーターベルトとのパンティーとストッキング,Copyright,0,0.00%,https://cdn.donmai.us/sample/c1/a9/sample-c1a9b4db2ce8718b714880bda82f6000.jpg
Natural light,Natural Light,Background,3,0.07%,
no text narita_top_road_umamusume,No Text Narita Top Road Umamusume,Others,3,0.07%,
:: 6:: focus ass,:: 6:: Focus Ass,Others,3,0.07%,
small bust,Small Bust,Others,3,0.07%,
-2::sketch,-2::sketch,Others,3,0.07%,
wet_hair,ぬれた髪,Character,0,0.00%,https://cdn.donmai.us/sample/6e/1c/sample-6e1c9c89a71153ac861f96e50694e385.jpg
shivering intensely,Shivering Intensely,Others,3,0.07%,
body to body,Body To Body,Others,3,0.07%,
artist:Calm Mashiro,絵師: Calm Mashiro風,Style,3,0.07%,
minimalism,ミニマリズム,Others,3,0.07%,
one hand resting on chair back,One Hand Resting On Chair Back,Pose,3,0.07%,
knees apart feet together,足を一緒に膝を離します,Others,3,0.07%,
1Wa0,1wa0,Others,3,0.07%,
folded knees,Folded Knees,Others,3,0.07%,
koito yuu,Koito Yuu,Others,3,0.07%,
-2::simple background,-2::simple Background,Background,3,0.07%,
male head ouf of the frame,Male Head Ouf Of The Frame,Others,3,0.07%,
soft wool texture,Soft Wool Texture,Others,3,0.07%,
swinging weapon,Swinging Weapon,Others,3,0.07%,
Girl sitting on chair,Girl Sitting On Chair,Pose,3,0.07%,
hand smother,Hand Smother,Pose,3,0.07%,
griping curtains,Griping Curtains,Others,3,0.07%,
artist:yokota mamoru,絵師: yokota mamoru風,Style,3,0.07%,
pleasant face,キャラ: Pleasant Face,Character,3,0.07%,
from above view,From Above View,Others,3,0.07%,
apple_between_breasts,キャラ: Apple Between Breasts,Character,3,0.07%,
holding holy lance rhongomyniad,Holding Holy Lance Rhongomyniad,Pose,3,0.07%,
"fashionable look""","Fashionable Look""",Others,3,0.07%,
Kneeling,膝立ち,Pose,3,0.07%,https://cdn.donmai.us/sample/58/d9/sample-58d9a2f82a85050b66f729960a69a984.jpg
nail of feet,Nail Of Feet,Others,3,0.07%,
back to viewer,Back To Viewer,Others,3,0.07%,
white veil,白いベール,Others,3,0.07%,
extremely stinky atmosphere from barefeet,Extremely Stinky Atmosphere From Barefeet,Others,3,0.07%,
oroborus,Oroborus,Style,0,0.00%,https://cdn.donmai.us/sample/a6/0c/sample-a60c792b047c553b43f578eb204dbb9f.jpg
clear eye highlights,Clear Eye Highlights,Background,3,0.07%,
washing machine,洗濯機,Others,3,0.07%,
reverse suspended congress,逆停止した議会,Others,3,0.07%,
kita ikuyo,Kita Ikuyo,Others,3,0.07%,
O_O,o o,Others,3,0.07%,https://cdn.donmai.us/original/ce/73/ce73b798c4b290cf223c8bdaca1fc8d2.mp4
bite marks on breasts,キャラ: Bite Marks On Breasts,Character,3,0.07%,
pear-shaped figure,Pear-shaped Figure,Others,3,0.07%,
torso grab with two hands,Torso Grab With Two Hands,Pose,3,0.07%,
brown chaps,Brown Chaps,Others,3,0.07%,
::    3::all fours,:: 3::all Fours,Others,3,0.07%,
partially visible vulva,部分的に見える外陰,Others,3,0.07%,
da vinci eating crepe,Da Vinci Eating Crepe,Others,3,0.07%,
both hand over another's mouth. boy,Both Hand Over Another's Mouth. Boy,Pose,3,0.07%,
crying face,キャラ: Crying Face,Character,3,0.07%,
too many shapes,Too Many Shapes,Others,3,0.07%,
on back :: -2::stomach bulde,On Back :: -2::stomach Bulde,Others,3,0.07%,
drink on the plate,Drink On The Plate,Others,3,0.07%,
bandaid_on_face,顔にバンダイド,Character,0,0.00%,https://cdn.donmai.us/sample/2c/ab/sample-2cabc0e129213d060ace5ad558c2c697.jpg
snake_girl,キャラ: Snake Girl,Character,0,0.00%,https://cdn.donmai.us/sample/6e/1c/sample-6e1c9c89a71153ac861f96e50694e385.jpg
packed shoulder-to-shoulder,Packed Shoulder-to-shoulder,Others,3,0.07%,
short bob style,Short Bob Style風の絵柄,Style,3,0.07%,
paty,Paty,Others,3,0.07%,
ijichi nijika,Ijichi Nijika,Others,3,0.07%,
yutokamizu,ユトカミズ,Others,3,0.07%,
crying_with_eyes_open,目を開けて泣く,Character,0,0.00%,https://cdn.donmai.us/sample/56/f7/sample-56f7c899f88bb73f36aa71c16e0fe860.jpg
put out tongue,Put Out Tongue,Others,3,0.07%,
phase_connect,フェーズ接続,Copyright,0,0.00%,https://cdn.donmai.us/sample/90/8b/sample-908bc38c430456382fccf6d9e2f060ee.jpg
hair_over_eyes,目の上の髪,Character,0,0.00%,https://cdn.donmai.us/sample/d2/dc/sample-d2dcccdc011e1c44189a642e3e730560.jpg
holding shinai,Holding Shinai,Pose,3,0.07%,
angry expression:,Angry Expression:,Others,3,0.07%,
the train is jam-packed during rush hour,The Train Is Jam-packed During Rush Hour,Others,3,0.07%,
hair_flowing_over,髪の毛が流れます,Character,0,0.00%,https://cdn.donmai.us/sample/57/ee/sample-57ee4302897784041faca8f31a093923.jpg
focus toes,Focus Toes,Others,3,0.07%,
curtain bangs,Curtain Bangs,Others,3,0.07%,
short unkempt dark brown hair,キャラ: Short Unkempt Dark Brown Hair,Character,3,0.07%,
penis in pussy,Penis In Pussy,Others,3,0.07%,
solarpunk,Solarpunk,Others,3,0.07%,
fate/stay_night,運命/滞在夜,Copyright,0,0.00%,https://cdn.donmai.us/sample/35/5e/sample-355eaab695f3227978697bcf4f8e263a.jpg
horn_hairband,キャラ: Horn Hairband,Character,0,0.00%,https://cdn.donmai.us/sample/2e/06/sample-2e06d6dc1e48f27b36f388c3fa8da4a7.jpg
top down angle,Top Down Angle,Others,3,0.07%,
outstretched arm,腕を伸ばした,Others,3,0.07%,
two side up,ツーサイドアップ,Others,3,0.07%,
simple monotone background,Simple Monotone Background,Background,3,0.07%,
love_live!_nijigasaki_high_school_idol_club,ライブが大好き！ Nijigasaki High School Idol Club,Copyright,0,0.00%,https://cdn.donmai.us/sample/15/1a/sample-151a3453ef0ed655fefd13b8469f3209.jpg
arms spread,Arms Spread,Pose,3,0.07%,
nail polish,マニキュア,Others,3,0.07%,
standing on one leg,片足に立っています,Pose,3,0.07%,
nimi_nightmare,キャラ: Nimi Nightmare,Character,0,0.00%,https://cdn.donmai.us/original/e9/53/e953c3800d47a96686700d1b0068d812.mp4
slender brown leather belt,Slender Brown Leather Belt,Others,3,0.07%,
dim atmospheric lighting,Dim Atmospheric Lighting,Background,3,0.07%,
dynamic tense pose,Dynamic Tense Pose,Pose,3,0.07%,
Swinging drumsticks,Swinging Drumsticks,Others,3,0.07%,
-1::looking at viewer,-1::looking At Viewer,Pose,3,0.07%,
pulling own panties,Pulling Own Panties,Clothing,3,0.07%,
bare thighs,キャラ: Bare Thighs,Character,3,0.07%,
grabbing girl waist,キャラ: Grabbing Girl Waist,Character,3,0.07%,
fluffy_hair,キャラ: Fluffy Hair,Character,0,0.00%,https://cdn.donmai.us/sample/0f/91/sample-0f91953bd6eca374f5ccd93574f47897.jpg
red lipstick mark,Red Lipstick Mark,Others,3,0.07%,
shapes,形,Others,3,0.07%,
big_hair,大きな髪,Character,0,0.00%,https://cdn.donmai.us/original/bc/36/bc36e5b0ccfd815dfa6373f3e59ccfc3.webp
pink one-piece swimsuit,ピンクのワンピース水着,Clothing,3,0.07%,
breast out,キャラ: Breast Out,Character,3,0.07%,
oil sheen:1.3、1girl 、 Realistic、night、dark room、nude,Oil Sheen:1.3、1girl 、 Realistic、night、dark Room、nude,Background,3,0.07%,
no text cesario_umamusume,No Text Cesario Umamusume,Others,3,0.07%,
focus shoulder,Focus Shoulder,Others,3,0.07%,
messy brush strokes,Messy Brush Strokes,Others,3,0.07%,
soft glow,Soft Glow,Others,3,0.07%,
holding skirt up,Holding Skirt Up,Clothing,3,0.07%,
mi_fu_arknights,キャラ: Mi Fu Arknights,Character,0,0.00%,https://cdn.donmai.us/sample/12/73/sample-12735293451b2b95343044ec78025354.jpg
jubilee,ジュビリー,Character,0,0.00%,https://cdn.donmai.us/sample/6d/22/sample-6d226597f2b3d08359e42539a54948a3.jpg
floating water drops,Floating Water Drops,Others,3,0.07%,
frilled white bikini,Frilled White Bikini,Clothing,3,0.07%,
A young,A Young,Others,3,0.07%,
6+girls,六人以上の女の子,Character,0,0.00%,https://cdn.donmai.us/sample/6e/1c/sample-6e1c9c89a71153ac861f96e50694e385.jpg
light diffusion,Light Diffusion,Background,3,0.07%,
4 years old,4 Years Old,Others,3,0.07%,
tro face,キャラ: Tro Face,Character,3,0.07%,
Smile,笑顔,Character,3,0.07%,https://cdn.donmai.us/sample/66/7a/sample-667a434f1391d112d9623bd57afd2e21.jpg
cross_hair_ornament,髪の飾り,Character,0,0.00%,https://cdn.donmai.us/sample/a1/d5/sample-a1d5be4963ce9bdd563e4e92eda81752.webm
no ilneart,No Ilneart,Others,3,0.07%,
holding letter,手紙を持っています,Pose,3,0.07%,
wind pressure effect,Wind Pressure Effect,Others,3,0.07%,
standing sex from behind,Standing Sex From Behind,Pose,3,0.07%,
close-up solo,キャラ: Close-up Solo,Character,3,0.07%,
white tight crop top,White Tight Crop Top,Others,3,0.07%,
spread pussy,くぱぁ,Others,3,0.07%,
bunny suit,Bunny Suit,Others,3,0.07%,
pixiv,pixiv,Others,3,0.07%,
close eye tightly,Close Eye Tightly,Others,3,0.07%,
her hand on his face,Her Hand On His Face,Pose,3,0.07%,
body leaning on,Body Leaning On,Pose,3,0.07%,
toned abs,Toned Abs,Others,3,0.07%,
stand,Stand,Others,3,0.07%,
blue long belt,Blue Long Belt,Others,3,0.07%,
cel shading,アニメセル画塗り (くっきりした影),Others,3,0.07%,
-2::looking back,-2::looking Back,Pose,3,0.07%,
licking soft serve,Licking Soft Serve,Others,3,0.07%,
grey buruma,Grey Buruma,Others,3,0.07%,
||huge|large|medium|small|| breasts,キャラ: ||huge|large|medium|small|| Breasts,Character,3,0.07%,
-10::spit screen,-10::spit Screen,Others,3,0.07%,
mast_nikke,キャラ: Mast Nikke,Character,0,0.00%,https://cdn.donmai.us/sample/0d/ac/sample-0daca7385054ea9207d983829939ce47.jpg
highly detailed clothing folds,Highly Detailed Clothing Folds,Clothing,3,0.07%,
"::  

city",":: 

city",Others,3,0.07%,
jungle pocket umamusume,Jungle Pocket Umamusume,Others,3,0.07%,
::  0.7::deep penetration,:: 0.7::deep Penetration,Others,3,0.07%,
leaning on ::   sex from behind,Leaning On :: Sex From Behind,Pose,3,0.07%,
holding a plate,Holding A Plate,Pose,3,0.07%,
deltarune,デルタルネ,Copyright,0,0.00%,https://cdn.donmai.us/sample/3f/33/sample-3f33c49ed1e388c33661b3fe0481c711.jpg
omaru_polka,オマル・ポルカ,Character,0,0.00%,https://cdn.donmai.us/sample/3d/88/sample-3d88f637c32cbaffac5744b45cb8f75b.jpg
year 1995,Year 1995,Others,3,0.07%,
top rated,Top Rated,Others,3,0.07%,
no top,No Top,Others,3,0.07%,
dynamic Angle,Dynamic Angle,Others,3,0.07%,
hand gag,Hand Gag,Pose,3,0.07%,
hintobento,Hintobento風の絵柄,Style,0,0.00%,https://cdn.donmai.us/sample/e1/cf/sample-e1cf5b21c9e88c9498d4426dd6a6cd7d.jpg
breasts_on_glass,ガラスの胸,Character,0,0.00%,https://cdn.donmai.us/sample/8e/17/sample-8e17f41081b7afd903821034e7c6289c.jpg
lying.,Lying.,Pose,3,0.07%,
god ray,God Ray,Others,3,0.07%,
straight-on view,Straight-on View,Others,3,0.07%,
tape gag,テープギャグ,Others,3,0.07%,
skirt slightly lifted,Skirt Slightly Lifted,Clothing,3,0.07%,
pebble_koseki_bijou,キャラ: Pebble Koseki Bijou,Character,0,0.00%,https://cdn.donmai.us/sample/ad/e5/sample-ade5df4bae059edd7baef9e253519f7f.jpg
absurdres. girl,キャラ: Absurdres. Girl,Character,3,0.07%,
very long hair,とても長い髪,Character,3,0.07%,
::sensual eyes ::  5.5:: nose blush,キャラ: ::sensual Eyes :: 5.5:: Nose Blush,Character,3,0.07%,
large pink areolae,Large Pink Areolae,Others,3,0.07%,
qos tattoo,Qos Tattoo,Others,3,0.07%,
pink floral maxi skirt,Pink Floral Maxi Skirt,Clothing,3,0.07%,
one hand gently lifting the front of her short skirt to expose panties,One Hand Gently Lifting The Front Of Her Short Skirt To Expose Panties,Clothing,3,0.07%,
wooden sliding door,Wooden Sliding Door,Others,3,0.07%,
snail_girl,カタツムリの女の子,Character,0,0.00%,https://safebooru.org/images/1095/3da1fab52b7c0b51c83729fe44b214bbe88e0c13.jpg
caelus_honkai:_star_rail,キャラ: Caelus Honkai: Star Rail,Character,0,0.00%,https://cdn.donmai.us/sample/85/d0/sample-85d05e270a2b63f46af8e4ac372d9e3c.jpg
very aesthetic curvy,Very Aesthetic Curvy,Quality,3,0.07%,
focus panty,Focus Panty,Others,3,0.07%,
gotou hitori,gotou hitori,Others,3,0.07%,
ass focus ::        5.5:: nose blush,キャラ: Ass Focus :: 5.5:: Nose Blush,Character,3,0.07%,
removed clothes,Removed Clothes,Clothing,3,0.07%,
Sharp line art,Sharp Line Art,Others,3,0.07%,
"""Stylish Japanese student in a modern urban school uniform","""stylish Japanese Student In A Modern Urban School Uniform",Clothing,3,0.07%,
lumine genshin impact,Lumine Genshin Impact,Others,3,0.07%,
having weapon,Having Weapon,Others,3,0.07%,
mine_blue_archive,キャラ: Mine Blue Archive,Character,0,0.00%,https://cdn.donmai.us/sample/10/ca/sample-10caf906fdd0dd5a43fb6cf54113edb0.jpg
bass guitar,ベースギター,Others,3,0.07%,
area69,Area69風の絵柄,Style,0,0.00%,https://cdn.donmai.us/sample/8c/74/sample-8c743384a9aebff5406c774e590c3798.jpg
white cotton panties,White Cotton Panties,Clothing,3,0.07%,
alpha_user_jxtj2385,Alpha User Jxtj2385風の絵柄,Style,0,0.00%,https://cdn.donmai.us/sample/8d/e7/sample-8de7022f857a1b40c0d0e6968ab01131.jpg
pepperonigirls und Panzer,キャラ: Pepperonigirls Und Panzer,Character,3,0.07%,
twin_tt_lsh,Twin Tt Lsh風の絵柄,Style,0,0.00%,https://cdn.donmai.us/sample/9a/7a/sample-9a7a9a2c584b6112175914550608d383.jpg
foot sole focus,Foot Sole Focus,Others,3,0.07%,
happy_valentine,ハッピーバレンタインデー,Others,3,0.07%,
sitting on cloud,雲の上に座っています,Pose,3,0.07%,
panties under pantyhosey,Panties Under Pantyhosey,Clothing,3,0.07%,
reverse peace sign,Reverse Peace Sign,Others,3,0.07%,
manly,男らしい,Others,3,0.07%,
nanao_naoekaki25,Nanao Naoekaki25風の絵柄,Style,0,0.00%,https://cdn.donmai.us/sample/d0/43/sample-d04316b7e340a5a923d5418f092d3eb6.jpg
small testicles,小さなtest丸,Others,3,0.07%,
white Silhouette,White Silhouette,Others,3,0.07%,
beautiful hands,Beautiful Hands,Pose,3,0.07%,
valentine chocolate,Valentine Chocolate,Others,3,0.07%,
::  4::missionary,:: 4::missionary,Others,3,0.07%,
gold city umamusume Bunny Girl Uniform,Gold City Umamusume Bunny Girl Uniform,Clothing,3,0.07%,
penis penetation,Penis Penetation,Others,3,0.07%,
duch angle,Duch Angle,Others,3,0.07%,
hand in own hair,自分の髪に手を入れます,Pose,3,0.07%,
ruanmei honkai: star rail,Ruanmei Honkai: Star Rail,Others,3,0.07%,
elegant blue and white regal outfit with red cape,Elegant Blue And White Regal Outfit With Red Cape,Others,3,0.07%,
daiwa_scarlet_umamusume,キャラ: Daiwa Scarlet Umamusume,Character,0,0.00%,https://cdn.donmai.us/sample/28/30/sample-2830a19d98a75337e55dbd77fceb01f5.jpg
fumihiko_fu_mihi_ko,Fumihiko Fu Mihi Ko風の絵柄,Style,0,0.00%,https://cdn.donmai.us/original/14/2a/142ad5af2d9c931746bcb0111d140940.jpg
legs_spread,Legs Spread,Pose,3,0.07%,
golden energy,Golden Energy,Others,3,0.07%,
drooping eyes,キャラ: Drooping Eyes,Character,3,0.07%,
staring blankly,Staring Blankly,Others,3,0.07%,
spiky_hair,キャラ: Spiky Hair,Character,0,0.00%,https://safebooru.org/images/1095/58afa7d4b419bcd67c93626264e0f7cbbc66c4d7.jpg
final_fantasy,ファイナルファンタジー,Copyright,0,0.00%,https://cdn.donmai.us/sample/89/83/sample-89839cda274be043c574ecbdcbe899cc.jpg
feet out of frame,フレームから足,Others,3,0.07%,
-3::blush,キャラ: -3::blush,Character,3,0.07%,
holding gift,贈り物を持っています,Pose,3,0.07%,
gray skirt,Gray Skirt,Clothing,3,0.07%,
x-men,エックスメン,Copyright,0,0.00%,https://cdn.donmai.us/sample/6d/22/sample-6d226597f2b3d08359e42539a54948a3.jpg
ichika_swimsuit_blue_archive,キャラ: Ichika Swimsuit Blue Archive,Character,0,0.00%,https://cdn.donmai.us/sample/ab/59/sample-ab599704ff81d243df47c525d8ebfce4.jpg
toma_toma50,Toma Toma50風の絵柄,Style,0,0.00%,https://cdn.donmai.us/sample/80/e1/sample-80e18b632a41608b444fdc53ef5a9be4.jpg
hanging red paper lantern with warm glow on right,Hanging Red Paper Lantern With Warm Glow On Right,Others,3,0.07%,
cover_bikini_girl_gta_vi,キャラ: Cover Bikini Girl Gta Vi,Character,0,0.00%,https://cdn.donmai.us/sample/88/ab/sample-88ab6245c8296632448bcd4609e49481.jpg
raora_panthera,キャラ: Raora Panthera,Character,0,0.00%,https://cdn.donmai.us/sample/7a/aa/sample-7aaabaa216dd9406510993d08df0efe9.jpg
energy beam,エネルギービーム,Others,3,0.07%,
iijima yun,三世のユン,Others,3,0.07%,
black long arm warmer on left arm,Black Long Arm Warmer On Left Arm,Others,3,0.07%,
artist:konpeto,絵師: konpeto風,Style,3,0.07%,
pink pelvic curtain,Pink Pelvic Curtain,Others,3,0.07%,
da vinci looking at fujimaru,Da Vinci Looking At Fujimaru,Others,3,0.07%,
saki_blue_archive,キャラ: Saki Blue Archive,Character,0,0.00%,https://cdn.donmai.us/sample/2f/0f/sample-2f0fcda0069fd0e45b870559d0b5f03f.jpg
bursting breasts,胸が破裂します,Character,3,0.07%,
-1.0::artist collaboration,-1.0::artist Collaboration,Others,3,0.07%,
feet together,一緒に足,Others,3,0.07%,
yakushiji saaya,ヤクシジ・サーヤ,Others,3,0.07%,
-1::hat,-1::hat,Clothing,3,0.07%,
leaning forward a little,Leaning Forward A Little,Pose,3,0.07%,
romantic atmosphere,Romantic Atmosphere,Others,3,0.07%,
nyantcha,ニャンチャ,Style,0,0.00%,https://cdn.donmai.us/sample/d6/b2/sample-d6b2180b7d5d80577630a8369889c3bd.jpg
hair_behind_ear,耳の後ろの髪,Character,0,0.00%,https://cdn.donmai.us/sample/83/32/sample-8332915adb78c5cdb43bc1dda483376c.jpg
Color,Color,Others,3,0.07%,
yuuka_blue_archive,キャラ: Yuuka Blue Archive,Character,0,0.00%,https://cdn.donmai.us/sample/84/54/sample-84541a7c1a6e805c8e0e92a8c72bd953.jpg
mikagirls & Panzer,キャラ: Mikagirls & Panzer,Character,3,0.07%,
dark lighting,Dark Lighting,Background,3,0.07%,
stomach hair  ::  -2::male blush,キャラ: Stomach Hair :: -2::male Blush,Character,3,0.07%,
ivory hair,キャラ: Ivory Hair,Character,3,0.07%,
candice pokemon,Candice Pokemon,Others,3,0.07%,
yellow panty,Yellow Panty,Others,3,0.07%,
description: a woman is sitting sideways with a box of valentine chocolates and a love letter on her lap,Description: A Woman Is Sitting Sideways With A Box Of Valentine Chocolates And A Love Letter On Her Lap,Pose,3,0.07%,
guided_breast_grab,ガイド付き乳房グラブ,Character,0,0.00%,https://cdn.donmai.us/sample/1e/83/sample-1e8317a451cd1fcb6adfcc65128631da.jpg
vaginal penis,Vaginal Penis,Others,3,0.07%,
in train,In Train,Others,3,0.07%,
cheshirrr,Cheshirrr,Style,0,0.00%,https://cdn.donmai.us/sample/27/76/sample-27769977f2c0b2697254e03df55b8f00.jpg
focus thighs,キャラ: Focus Thighs,Character,3,0.07%,
randoseru,ランデル,Others,3,0.07%,
crowd males tightly surrounded her,Crowd Males Tightly Surrounded Her,Others,3,0.07%,
yorumi rena 1st costume,Yorumi Rena 1st Costume,Others,3,0.07%,
void,Void,Others,3,0.07%,
adaman pokemon,Adaman Pokemon,Others,3,0.07%,
lift up one foot,Lift Up One Foot,Others,3,0.07%,
black paint blotch,Black Paint Blotch,Others,3,0.07%,
hoshino chiyoru,Hoshino Chiyoru,Others,3,0.07%,
town,町,Others,3,0.07%,
kubrick stare,キューブリック・ステア,Others,3,0.07%,
clearly defined fingers,Clearly Defined Fingers,Others,3,0.07%,
hakase fuyuki 1st costume,Hakase Fuyuki 1st Costume,Others,3,0.07%,
blue theme,青色,Others,3,0.07%,
rigid posture,Rigid Posture,Others,3,0.07%,
nov1527,Nov1527風の絵柄,Style,0,0.00%,https://cdn.donmai.us/sample/c8/22/sample-c822c292de0770dcb281f958f718f621.jpg
white chocker,White Chocker,Others,3,0.07%,
purple_heart_face_tattoo,キャラ: Purple Heart Face Tattoo,Character,3,0.07%,
bending over,Bending Over,Others,3,0.07%,
breast_grab,乳房グラブ,Character,0,0.00%,https://files.yande.re/sample/388f244050ba073f7c3c87c0c4dc9db4/yande.re%201266147%20sample%20bottomless%20breast_grab%20breasts%20horns%20kagari_%28pokemon%29%20nipples%20no_bra%20open_shirt%20pokemon%20pokemon_oras%20pokemon_rse%20pussy%20shirt_lift%20sweater%20uncensored.jpg
prominent black spade tattoo with white Q,Prominent Black Spade Tattoo With White Q,Others,3,0.07%,
red t-shirt,Red T-shirt,Clothing,3,0.07%,
fingers,指,Others,3,0.07%,
original cloth,Original Cloth,Others,3,0.07%,
artist:tomoshibi hidekazu,絵師: tomoshibi hidekazu風,Style,3,0.07%,
osukareen,Osukareen風の絵柄,Style,0,0.00%,https://cdn.donmai.us/original/f3/8c/f38c36c125cb6ec02333424a367d2649.mp4
colored ink medium,Colored Ink Medium,Others,3,0.07%,
anime-style woman with pink long twin tail,Anime-style Woman With Pink Long Twin Tail風の絵柄,Style,3,0.07%,
without panties,Without Panties,Clothing,3,0.07%,
pony,ポニー,Others,3,0.07%,
slightly low angle,Slightly Low Angle,Background,3,0.07%,
maylene pokemon,Maylene Pokemon,Others,3,0.07%,
tilt head to back,Tilt Head To Back,Others,3,0.07%,
white reverse bunny suit,White Reverse Bunny Suit,Others,3,0.07%,
::  4::arms behind back:: 2::bound wrists::  4::tape gag:: -3::clenched teeth:: 3::wide-hips::  boy,:: 4::arms Behind Back:: 2::bound Wrists:: 4::tape Gag:: -3::clenched Teeth:: 3::wide-hips:: Boy,Pose,3,0.07%,
empregnant,Empregnant,Others,3,0.07%,
cross-laced clothes,クロスレースの服,Clothing,3,0.07%,
groping her body,Groping Her Body,Others,3,0.07%,
detailed soles,Detailed Soles,Others,3,0.07%,
tight-fitting,Tight-fitting,Others,3,0.07%,
cheek-to-cheek,頬から頬,Others,3,0.07%,
pink chinese clothes,Pink Chinese Clothes,Clothing,3,0.07%,
rumi_swimsuit_blue_archive,キャラ: Rumi Swimsuit Blue Archive,Character,0,0.00%,https://cdn.donmai.us/sample/60/83/sample-608355583502f026c35103a5683b4bd8.jpg
agnes tachyon umamusume,Agnes Tachyon Umamusume,Others,3,0.07%,
cry,Cry,Others,3,0.07%,
close eye,Close Eye,Others,3,0.07%,
blue heart background,Blue Heart Background,Background,3,0.07%,
liking,好み,Style,0,0.00%,https://cdn.donmai.us/sample/39/93/sample-3993977b81e6de564e684efd7d0abbc8.webm
bow-shaped_hair,弓形の髪,Character,0,0.00%,https://cdn.donmai.us/sample/b0/37/sample-b037d149cda764f50efb027f55d4c482.jpg
background dataset,Background Dataset,Background,3,0.07%,
detailed fabric texture,Detailed Fabric Texture,Others,3,0.07%,
fair pale skin,キャラ: Fair Pale Skin,Character,3,0.07%,
star print,スタープリント,Others,3,0.07%,
knees bent,Knees Bent,Others,3,0.07%,
regrettable,Regrettable,Others,3,0.07%,
nervous_smile,神経質な笑顔,Character,0,0.00%,https://cdn.donmai.us/sample/2c/63/sample-2c6355e1b0a8bfd9f44817f3bb5f4ec1.jpg
:: people arms up,:: People Arms Up,Pose,3,0.07%,
klara pokemon,Klara Pokemon,Others,3,0.07%,
formidable_azur_lane,キャラ: Formidable Azur Lane,Character,0,0.00%,https://cdn.donmai.us/sample/d0/72/sample-d072c58e77f62e4338762ff5d9214656.jpg
fuwawa_abyssgard,キャラ: Fuwawa Abyssgard,Character,0,0.00%,https://cdn.donmai.us/sample/5f/dc/sample-5fdc2dc4198b3930ac3a8feb5ba19513.jpg
intense tension,Intense Tension,Others,3,0.07%,
breasts on glass,ガラスの胸,Character,3,0.07%,
kiriko_overwatch,キャラ: Kiriko Overwatch,Character,0,0.00%,https://cdn.donmai.us/sample/1c/3b/sample-1c3b9683ffa1f1101e2e51ea548032bb.jpg
buzz cut,丸刈り,Others,3,0.07%,
ORANGE PEKOEgirls und  Panzer,キャラ: Orange Pekoegirls Und Panzer,Character,3,0.07%,
face foucs,キャラ: Face Foucs,Character,3,0.07%,
ahegao face,キャラ: Ahegao Face,Character,3,0.07%,
one_breast_out,1つの胸が出ます,Character,0,0.00%,https://cdn.donmai.us/sample/92/71/sample-9271c9840d1e8a9f06729a15d9cf44c3.jpg
grey skirt,灰色のスカート,Clothing,3,0.07%,
cropped pants 2.0::aroused,Cropped Pants 2.0::aroused,Others,3,0.07%,
sparxie_honkai:_star_rail,キャラ: Sparxie Honkai: Star Rail,Character,0,0.00%,https://cdn.donmai.us/sample/87/66/sample-8766ee014f76303bc69a49ed33f27cf4.jpg
elysia herrscher of human:ego honkai impact,Elysia Herrscher Of Human:ego Honkai Impact,Others,3,0.07%,
pink fingerless gloves,Pink Fingerless Gloves,Others,3,0.07%,
dark olive green wristband,Dark Olive Green Wristband,Others,3,0.07%,
spreading legs,Spreading Legs,Pose,3,0.07%,
near park,Near Park,Others,3,0.07%,
small_testicles,小さなtest丸,Others,3,0.07%,
wooden interior background,Wooden Interior Background,Background,3,0.07%,
mark_under_both_eyes,キャラ: Mark Under Both Eyes,Character,0,0.00%,https://cdn.donmai.us/sample/e3/bc/sample-e3bc3213d605b2bccd5743aa3b9ae09a.jpg
huge testises,Huge Testises,Others,3,0.07%,
opened by self,自己によって開かれました,Others,3,0.07%,
illyasviel_von_einzbern,Illyasviel von einzbern,Character,0,0.00%,https://cdn.donmai.us/sample/c5/1a/sample-c51a18fbd4792cf2fbe24dbad636ef1d.jpg
dumbfounded,Dumbfounded,Others,3,0.07%,
energy,エネルギー,Others,3,0.07%,
closed eyes with tears ::   6::standing sex,Closed Eyes With Tears :: 6::standing Sex,Pose,3,0.07%,
0.1::artist:mikozin::,0.1::mikozin::,Others,3,0.07%,
maxwell_nikke,キャラ: Maxwell Nikke,Character,0,0.00%,https://cdn.donmai.us/sample/92/98/sample-9298bdf134f770dd5281372f366b9d23.jpg
uncertain gesture2::double_v,Uncertain Gesture2::double V,Others,3,0.07%,
thigh_tattoo,Thigh Tattoo,Others,3,0.07%,
splatter,スプラッタ,Others,3,0.07%,
other hand relaxed at side,Other Hand Relaxed At Side,Pose,3,0.07%,
volkor,Volkor,Style,0,0.00%,https://cdn.donmai.us/original/b5/79/b579e38449794bc827a80c5c54900fec.mp4
white thick cable knit sweater,White Thick Cable Knit Sweater,Others,3,0.07%,
bowlegged pose,Bowlegged Pose,Pose,3,0.07%,
goetz_von_berlichingen_rapture_beneath_the_blood_moon_azur_lane,キャラ: Goetz Von Berlichingen Rapture Beneath The Blood Moon Azur Lane,Character,0,0.00%,https://cdn.donmai.us/sample/08/13/sample-0813311ccad64eff0bf280113e6d6501.jpg
grab his nose,Grab His Nose,Others,3,0.07%,
put all one's strength,Put All One's Strength,Others,3,0.07%,
legs shaking,Legs Shaking,Pose,3,0.07%,
close to viewer,Close To Viewer,Others,3,0.07%,
Blue eyes,青の目,Character,3,0.07%,
licking popsicle,Licking Popsicle,Others,3,0.07%,
nishikigi chisatolycoris recoil,Nishikigi Chisatolycoris Recoil,Others,3,0.07%,
yuito_0,Yuito 0風の絵柄,Style,0,0.00%,https://cdn.donmai.us/sample/14/93/sample-1493e751ec54dcd581e90d3427774e0e.jpg
Cum on hair,髪の毛に精液,Character,3,0.07%,
boy's arms on girl's thigh,Boy's Arms On Girl's Thigh,Pose,3,0.07%,
::  3::arms behind back::bound wrists::   4::tape gag,:: 3::arms Behind Back::bound Wrists:: 4::tape Gag,Pose,3,0.07%,
unconscious,無意識,Others,3,0.07%,
UHD,Uhd,Others,3,0.07%,
on her stomach,On Her Stomach,Others,3,0.07%,
detailded eyes,キャラ: Detailded Eyes,Character,3,0.07%,
action freeze-frame,Action Freeze-frame,Others,3,0.07%,
smile triumphantly,キャラ: Smile Triumphantly,Character,3,0.07%,
pink onepiece swimsuit,Pink Onepiece Swimsuit,Clothing,3,0.07%,
scared::  arm grab,Scared:: Arm Grab,Others,3,0.07%,
off shoulder,肩見せ,Others,3,0.07%,
iwao178,IWAO178,Others,3,0.07%,
hand_on_hilt,柄の手,Pose,3,0.07%,
double legs,Double Legs,Pose,3,0.07%,
shinoda hajime,シノダ・ハジメ,Others,3,0.07%,
teary eye,Teary Eye,Others,3,0.07%,
black wristband on right wrist,Black Wristband On Right Wrist,Others,3,0.07%,
long white gloves,Long White Gloves,Others,3,0.07%,
pink and white horizontal striped panties,Pink And White Horizontal Striped Panties,Clothing,3,0.07%,
aura,オーラ,Others,3,0.07%,
white cuffs,White Cuffs,Others,3,0.07%,
biting crepe,Biting Crepe,Others,3,0.07%,
long blonde hair,キャラ: Long Blonde Hair,Character,3,0.07%,
on ground,地面に,Others,3,0.07%,
wedding dress,ウェディングドレス,Clothing,3,0.07%,
niko_blue_archive,キャラ: Niko Blue Archive,Character,0,0.00%,https://cdn.donmai.us/sample/c7/9b/sample-c79b569e70507cbcdcbcfe80a73de8cd.jpg
blemishine_arknights,Blemishine Arknights,Background,3,0.07%,
irys_hololive,キャラ: Irys Hololive,Character,0,0.00%,https://cdn.donmai.us/sample/2e/92/sample-2e927aed52505514c1f2c9aa7be657b0.jpg
pink theme,ピンク色,Others,3,0.07%,
and a yellow wristband. Her body build is slender. She has a vibrant,And A Yellow Wristband. Her Body Build Is Slender. She Has A Vibrant,Clothing,3,0.07%,
gray sky,Gray Sky,Background,3,0.07%,
Messy hair,ボサボサの髪,Character,2,0.05%,
upturned eyes::head tilt,キャラ: Upturned Eyes::head Tilt,Character,2,0.05%,
from above girl,キャラ: From Above Girl,Character,2,0.05%,
grabbing girl's arm,キャラ: Grabbing Girl's Arm,Character,2,0.05%,
cowboy shot boy,キャラ: Cowboy Shot Boy,Character,2,0.05%,
focus cleavage,キャラ: Focus Cleavage,Character,2,0.05%,
very long cleavage,キャラ: Very Long Cleavage,Character,2,0.05%,
no text blonde hair,キャラ: No Text Blonde Hair,Character,2,0.05%,
girls grinding their pussies against the man's penis,キャラ: Girls Grinding Their Pussies Against The Man's Penis,Character,2,0.05%,
covered navel,覆われたへそ,Character,2,0.05%,
artist:deadflow,絵師: deadflow風,Style,2,0.05%,
long hairdark purple dominatrix corset.purple gloves,キャラ: Long Hairdark Purple Dominatrix Corset.purple Gloves,Character,2,0.05%,
camera interface,キャラ: Camera Interface,Character,2,0.05%,
beautiful:: girl,キャラ: Beautiful:: Girl,Character,2,0.05%,
::  -2::sakura::   1 girl walking in park,キャラ: :: -2::sakura:: 1 Girl Walking In Park,Character,2,0.05%,
short hair on top,キャラ: Short Hair On Top,Character,2,0.05%,
mouth,口,Character,2,0.05%,
"dark areolas::

2:: Blushing","キャラ: Dark Areolas::

2:: Blushing",Character,2,0.05%,
multiple men with vulgar smile,キャラ: Multiple Men With Vulgar Smile,Character,2,0.05%,
thighs foucs,キャラ: Thighs Foucs,Character,2,0.05%,
eyes rolled,キャラ: Eyes Rolled,Character,2,0.05%,
eyes focus,キャラ: Eyes Focus,Character,2,0.05%,
blank eyes,空白の目,Character,2,0.05%,
"heart-shaped pupils

fair porcelain skin","キャラ: Heart-shaped Pupils

fair Porcelain Skin",Character,2,0.05%,
--2::open mouth,キャラ: --2::open Mouth,Character,2,0.05%,
cleft of venus boy,キャラ: Cleft Of Venus Boy,Character,2,0.05%,
||close-up|portrait|upper body|cowboy shot|from above|low angle||,キャラ: ||close-up|portrait|upper Body|cowboy Shot|from Above|low Angle||,Character,2,0.05%,
::   2::solo focus,キャラ: :: 2::solo Focus,Character,2,0.05%,
mouth focus,口の焦点,Character,2,0.05%,
house::  blush 0.2::nose blush::   2::nigiht,キャラ: House:: Blush 0.2::nose Blush:: 2::nigiht,Character,2,0.05%,
table girl,キャラ: Table Girl,Character,2,0.05%,
sucking another's breast,キャラ: Sucking Another's Breast,Character,2,0.05%,
girl focus，close up,キャラ: Girl Focus，close Up,Character,2,0.05%,
"medium_breasts
1.3::bunny_leotard","キャラ: Medium Breasts
1.3::bunny Leotard",Character,2,0.05%,
style,Style風の絵柄,Style,2,0.05%,
sweat drops on skin and neck,キャラ: Sweat Drops On Skin And Neck,Character,2,0.05%,
"round breasts
Exquisite and ultra-detailed","キャラ: Round Breasts
exquisite And Ultra-detailed",Character,2,0.05%,
finely textured hair,キャラ: Finely Textured Hair,Character,2,0.05%,
hair flowing down back,キャラ: Hair Flowing Down Back,Character,2,0.05%,
delicate silky hair,キャラ: Delicate Silky Hair,Character,2,0.05%,
closed mouth smile,キャラ: Closed Mouth Smile,Character,2,0.05%,
hair covering his eyes,キャラ: Hair Covering His Eyes,Character,2,0.05%,
black_butterfly_breasts_tattoo,キャラ: Black Butterfly Breasts Tattoo,Character,2,0.05%,
boy in foreground,キャラ: Boy In Foreground,Character,2,0.05%,
girls saa is obscured by the boy,キャラ: Girls Saa Is Obscured By The Boy,Character,2,0.05%,
open mouth 5::ass grab from behind,キャラ: Open Mouth 5::ass Grab From Behind,Character,2,0.05%,
messy_hair,ボサボサの髪,Character,1,0.02%,https://cdn.donmai.us/sample/75/c0/sample-75c0e675747a4c1f2a1fb54537f7f8d6.jpg
standing doggystyle position against the wall,Standing Doggystyle Position Against The Wall風の絵柄,Style,2,0.05%,
focus pussy::  teardrop  blush,キャラ: Focus Pussy:: Teardrop Blush,Character,2,0.05%,
boy hug girl from behind,キャラ: Boy Hug Girl From Behind,Character,2,0.05%,
kobinbin,コビンビン,Style,1,0.02%,https://cdn.donmai.us/sample/d6/6d/sample-d66d3e2629dfc462f457ab0b6722fd5d.jpg
"blush
cameltoe","キャラ: Blush
cameltoe",Character,2,0.05%,
blue floral hair clip,キャラ: Blue Floral Hair Clip,Character,2,0.05%,
heart-shaped pupils::2::empty eyes::head tilt,キャラ: Heart-shaped Pupils::2::empty Eyes::head Tilt,Character,2,0.05%,
artist:rebun,絵師: rebun風,Style,2,0.05%,
pink glow eyes,キャラ: Pink Glow Eyes,Character,2,0.05%,
pearly skin,キャラ: Pearly Skin,Character,2,0.05%,
-1.0::blush,キャラ: -1.0::blush,Character,2,0.05%,
focus boy's ass,キャラ: Focus Boy's Ass,Character,2,0.05%,
"blush
cleavage","キャラ: Blush
cleavage",Character,2,0.05%,
zombie girl,キャラ: Zombie Girl,Character,2,0.05%,
school boys in front of her are looking at her from front and blushing,キャラ: School Boys In Front Of Her Are Looking At Her From Front And Blushing,Character,2,0.05%,
saliva dripping from mouth,キャラ: Saliva Dripping From Mouth,Character,2,0.05%,
"water eyes
alternate costume","キャラ: Water Eyes
alternate Costume",Character,2,0.05%,
Game CG,ゲームCG風 (美少女ゲーム・RPGイベントCG),Style,2,0.05%,
missionary positionshort hair,キャラ: Missionary Positionshort Hair,Character,2,0.05%,
playboy bunny,バニーガール,Character,2,0.05%,
mouth open,キャラ: Mouth Open,Character,2,0.05%,
2 boys,キャラ: 2 Boys,Character,2,0.05%,
Penis between breasts,キャラ: Penis Between Breasts,Character,2,0.05%,
wavy  mouth,キャラ: Wavy Mouth,Character,2,0.05%,
::  -2::closed mouth,キャラ: :: -2::closed Mouth,Character,2,0.05%,
"flustered
White skin","キャラ: Flustered
white Skin",Character,2,0.05%,
embarrassed boy,キャラ: Embarrassed Boy,Character,2,0.05%,
closed mouth ::     2,キャラ: Closed Mouth :: 2,Character,2,0.05%,
::long straight black hair,キャラ: ::long Straight Black Hair,Character,2,0.05%,
focus face::  9::boy on top::  -3,キャラ: Focus Face:: 9::boy On Top:: -3,Character,2,0.05%,
bags under eyes,目の下のバッグ,Character,2,0.05%,
boy with black hair,キャラ: Boy With Black Hair,Character,2,0.05%,
messy pubic hair boy,キャラ: Messy Pubic Hair Boy,Character,2,0.05%,
bald hair:: -3::male blush,キャラ: Bald Hair:: -3::male Blush,Character,2,0.05%,
queen_of_spades_symbol:: boy,キャラ: Queen Of Spades Symbol:: Boy,Character,2,0.05%,
loving eyes,キャラ: Loving Eyes,Character,2,0.05%,
::  boy :,キャラ: :: Boy :,Character,2,0.05%,
ringed eyes,鳴った目,Character,2,0.05%,
two-tone hair,二色髪,Character,2,0.05%,
realistic feet skin,キャラ: Realistic Feet Skin,Character,2,0.05%,
body facing boy boy,キャラ: Body Facing Boy Boy,Character,2,0.05%,
artist:tomo eokaiteru,絵師: tomo eokaiteru風,Style,2,0.05%,
open mouth laugh,キャラ: Open Mouth Laugh,Character,2,0.05%,
cup on the top of breasts,キャラ: Cup On The Top Of Breasts,Character,2,0.05%,
girl's head on boy's body,キャラ: Girl's Head On Boy's Body,Character,2,0.05%,
"medium  breasts
medium hip","キャラ: Medium Breasts
medium Hip",Character,2,0.05%,
middle breast,キャラ: Middle Breast,Character,2,0.05%,
"::
Emphasize the cleavage","キャラ: ::
emphasize The Cleavage",Character,2,0.05%,
troubled face,キャラ: Troubled Face,Character,2,0.05%,
-1.0::smile,キャラ: -1.0::smile,Character,2,0.05%,
Her eyes are round and big  magenta eyes,キャラ: Her Eyes Are Round And Big Magenta Eyes,Character,2,0.05%,
beautiful face large breasts,キャラ: Beautiful Face Large Breasts,Character,2,0.05%,
clenched teeth 3::focus face,キャラ: Clenched Teeth 3::focus Face,Character,2,0.05%,
hairy male,キャラ: Hairy Male,Character,2,0.05%,
covered_face,覆われた顔,Character,2,0.05%,
fluffy hair,キャラ: Fluffy Hair,Character,2,0.05%,
windswept hair,キャラ: Windswept Hair,Character,2,0.05%,
artist:Flasso,絵師: Flasso風,Style,2,0.05%,
messy hair::  nsfw,キャラ: Messy Hair:: Nsfw,Character,2,0.05%,
violet eyes,キャラ: Violet Eyes,Character,2,0.05%,
very long breasts,キャラ: Very Long Breasts,Character,2,0.05%,
mask on face,キャラ: Mask On Face,Character,2,0.05%,
breast sandwiched,キャラ: Breast Sandwiched,Character,2,0.05%,
subsurface skin scattering,キャラ: Subsurface Skin Scattering,Character,2,0.05%,
boy's leg:: -1::male teeth::  2::bald hair,キャラ: Boy's Leg:: -1::male Teeth:: 2::bald Hair,Character,2,0.05%,
kiss boy's cheek,キャラ: Kiss Boy's Cheek,Character,2,0.05%,
straight hair,真っ直ぐな髪,Character,2,0.05%,
girl turned into a sex toy,キャラ: Girl Turned Into A Sex Toy,Character,2,0.05%,
shoujo manga style background,Shoujo Manga Style Background風の絵柄,Style,2,0.05%,
artist:fishine,絵師: fishine風,Style,2,0.05%,
long flowing green hair or short pink hair with flower accessories,キャラ: Long Flowing Green Hair Or Short Pink Hair With Flower Accessories,Character,2,0.05%,
blonde top hair,キャラ: Blonde Top Hair,Character,2,0.05%,
"youthful
2.0::nervous smile","キャラ: Youthful
2.0::nervous Smile",Character,2,0.05%,
-4::breasts out,キャラ: -4::breasts Out,Character,2,0.05%,
struggle girl,キャラ: Struggle Girl,Character,2,0.05%,
"fireflies.

soft skin
Tiny waist","キャラ: Fireflies.

soft Skin
tiny Waist",Character,2,0.05%,
artist:flasso,絵師: flasso風,Style,2,0.05%,
penis over eyes,目の上の陰茎,Character,2,0.05%,
chun-li,Chun-li,Character,1,0.02%,https://cdn.donmai.us/sample/a1/ea/sample-a1ea1dbaae7b79b94e71a75ba1e01533.jpg
feet on face,キャラ: Feet On Face,Character,2,0.05%,
-1::boy,キャラ: -1::boy,Character,2,0.05%,
faceless female,顔のない女性,Character,2,0.05%,
age up   :: 0.8::sagging breasts,キャラ: Age Up :: 0.8::sagging Breasts,Character,2,0.05%,
mirko,ミルコ,Character,1,0.02%,https://cdn.donmai.us/sample/88/ab/sample-88ab6245c8296632448bcd4609e49481.jpg
no text cute girl,キャラ: No Text Cute Girl,Character,2,0.05%,
breasts_tattoo,キャラ: Breasts Tattoo,Character,2,0.05%,
sandwich bread with lettuce positioned across breasts,キャラ: Sandwich Bread With Lettuce Positioned Across Breasts,Character,2,0.05%,
cum on thighs,キャラ: Cum On Thighs,Character,2,0.05%,
close eyes tightly,キャラ: Close Eyes Tightly,Character,2,0.05%,
hearts in the eyes,キャラ: Hearts In The Eyes,Character,2,0.05%,
fabric clinging to sweaty skin,キャラ: Fabric Clinging To Sweaty Skin,Character,2,0.05%,
"medium_breasts
1.3::blue_bunny_leotard","キャラ: Medium Breasts
1.3::blue Bunny Leotard",Character,2,0.05%,
cleavage cutout,切断の切り抜き,Character,2,0.05%,
breasts  out,キャラ: Breasts  out,Character,2,0.05%,
girl's leg,キャラ: Girl's Leg,Character,2,0.05%,
full flushed face,キャラ: Full Flushed Face,Character,2,0.05%,
happy girl,キャラ: Happy Girl,Character,2,0.05%,
cleavages,キャラ: Cleavages,Character,2,0.05%,
:: 1.5::hair down,キャラ: :: 1.5::hair Down,Character,2,0.05%,
cutout above navel,おへその上に切り取られます,Character,2,0.05%,
::  boy 3::prone bone sex,キャラ: :: Boy 3::prone Bone Sex,Character,2,0.05%,
nsfw official style,Nsfw Official Style風の絵柄,Style,2,0.05%,
-2::face,キャラ: -2::face,Character,2,0.05%,
pony play cosplay、horse bite marks on girl body、pointy breast、puffy nipplelarge areola、from random,キャラ: Pony Play Cosplay、horse Bite Marks On Girl Body、pointy Breast、puffy Nipplelarge Areola、from Random,Character,2,0.05%,
weird face,キャラ: Weird Face,Character,2,0.05%,
all fours::  1.5::solo focus,キャラ: All Fours:: 1.5::solo Focus,Character,2,0.05%,
no_face,キャラ: No Face,Character,2,0.05%,
awkward smile,キャラ: Awkward Smile,Character,2,0.05%,
head on boy's arm,キャラ: Head On Boy's Arm,Character,2,0.05%,
"Uncensored
girl trembling with sexual climax
blush","キャラ: Uncensored
girl Trembling With Sexual Climax
blush",Character,2,0.05%,
artist:sincos,絵師: sincos風,Style,2,0.05%,
smile||open mouth,キャラ: Smile||open Mouth,Character,2,0.05%,
Half-closed eyes,半分閉じた目,Character,2,0.05%,
anal sex:: focus face,キャラ: Anal Sex:: Focus Face,Character,2,0.05%,
breast lift,母乳リフト,Character,2,0.05%,
smile girl,キャラ: Smile Girl,Character,2,0.05%,
seductive smile boy,キャラ: Seductive Smile Boy,Character,2,0.05%,
::  large eyes,キャラ: :: Large Eyes,Character,2,0.05%,
hair hanging down,キャラ: Hair Hanging Down,Character,2,0.05%,
||very long|long|medium|short|very short|| hair,キャラ: ||very Long|long|medium|short|very Short|| Hair,Character,2,0.05%,
artist:poruserin,絵師: poruserin風,Style,2,0.05%,
Terasu mc art style,Terasu Mc Art Style風の絵柄,Style,2,0.05%,
huge breast,キャラ: Huge Breast,Character,2,0.05%,
doggystyle  grab from behind by both hands,Doggystyle Grab From Behind By Both Hands風の絵柄,Style,2,0.05%,
grabbing breast,キャラ: Grabbing Breast,Character,2,0.05%,
5.0::long hair::,キャラ: 5.0::long Hair::,Character,2,0.05%,
popsicle in mouth,口の中のアイスキャンディー,Character,2,0.05%,
cum in hair,キャラ: Cum In Hair,Character,2,0.05%,
no hair ornamentation,キャラ: No Hair Ornamentation,Character,2,0.05%,
adjusting hair,髪を調整します,Character,2,0.05%,
sensual eyes :: 4.5:: nose blush,キャラ: Sensual Eyes :: 4.5:: Nose Blush,Character,2,0.05%,
;large breast,キャラ: ;large Breast,Character,2,0.05%,
:>= ::    0::empty eyes,キャラ: :>= :: 0::empty Eyes,Character,2,0.05%,
intricate detailed face,キャラ: Intricate Detailed Face,Character,2,0.05%,
oepn eyes,キャラ: Oepn Eyes,Character,2,0.05%,
pushing breast,キャラ: Pushing Breast,Character,2,0.05%,
kakure_eria,Kakure Eria,Style,1,0.02%,https://cdn.donmai.us/sample/c8/34/sample-c8344bbe6947727cd2db27f172d76174.jpg
surprised   -2::x-ray::  7::focus face::  -3::separated screens,キャラ: Surprised -2::x-ray:: 7::focus Face:: -3::separated Screens,Character,2,0.05%,
no text kaname madoka magical girl,キャラ: No Text Kaname Madoka Magical Girl,Character,2,0.05%,
yellow hair bow,キャラ: Yellow Hair Bow,Character,2,0.05%,
bittersweet smile,キャラ: Bittersweet Smile,Character,2,0.05%,
boy's leg,キャラ: Boy's Leg,Character,2,0.05%,
blush 0.2::nose blush::   2::nigiht,キャラ: Blush 0.2::nose Blush:: 2::nigiht,Character,2,0.05%,
long silver hair,キャラ: Long Silver Hair,Character,2,0.05%,
｛｛sagging breasts｝｝,キャラ: ｛｛sagging Breasts｝｝,Character,2,0.05%,
large blue eyes,キャラ: Large Blue Eyes,Character,2,0.05%,
short undercut hair,キャラ: Short Undercut Hair,Character,2,0.05%,
face near yuu's face,キャラ: Face Near Yuu's Face,Character,2,0.05%,
closing eyes,キャラ: Closing Eyes,Character,2,0.05%,
raised eyebrow girl,キャラ: Raised Eyebrow Girl,Character,1,0.02%,
black eyes,黒の目,Character,1,0.02%,
:: 3::no eyes,キャラ: :: 3::no Eyes,Character,1,0.02%,
breast hold,豊胸手術,Character,1,0.02%,
looking up at viewer with upturned eyes,キャラ: Looking Up At Viewer With Upturned Eyes,Character,1,0.02%,
mouth mask,マウスマスク,Character,1,0.02%,
Close your eyes and tremble boy,キャラ: Close Your Eyes And Tremble Boy,Character,1,0.02%,
spank the girl,キャラ: Spank The Girl,Character,1,0.02%,
::    4::closed eyes,キャラ: :: 4::closed Eyes,Character,1,0.02%,
loooking down::  1.5::closed eyes,キャラ: Loooking Down:: 1.5::closed Eyes,Character,1,0.02%,
peeking at the girl,キャラ: Peeking At The Girl,Character,1,0.02%,
face to pussy::    3::all fours,キャラ: Face To Pussy:: 3::all Fours,Character,1,0.02%,
artist:Sincos,絵師: Sincos風,Style,1,0.02%,
face on pillow,キャラ: Face On Pillow,Character,1,0.02%,
face closed to man's body,キャラ: Face Closed To Man's Body,Character,1,0.02%,
artist:haku89,絵師: haku89風,Style,1,0.02%,
single breast out::s 2.0::seductive smile,キャラ: Single Breast Out::s 2.0::seductive Smile,Character,1,0.02%,
open mouth with tears,キャラ: Open Mouth With Tears,Character,1,0.02%,
tongue into foreskin,キャラ: Tongue Into Foreskin,Character,1,0.02%,
grabbing own breasts,キャラ: Grabbing Own Breasts,Character,1,0.02%,
intense half-lidded eyes,キャラ: Intense Half-lidded Eyes,Character,1,0.02%,
breast bounce,キャラ: Breast Bounce,Character,1,0.02%,
::-2::male blush,キャラ: ::-2::male Blush,Character,1,0.02%,
tusks out of his mouth,キャラ: Tusks Out Of His Mouth,Character,1,0.02%,
wavy closed mouth,キャラ: Wavy Closed Mouth,Character,1,0.02%,
mature face,キャラ: Mature Face,Character,1,0.02%,
flowing hair,キャラ: Flowing Hair,Character,1,0.02%,
single hair bun,シングルヘアパン,Character,1,0.02%,
"::


2.0::deep blush","キャラ: ::


2.0::deep Blush",Character,1,0.02%,
"medium_breasts
1.3::blue_bunny_suit","キャラ: Medium Breasts
1.3::blue Bunny Suit",Character,1,0.02%,
likcing tachyon's thighs,キャラ: Likcing Tachyon's Thighs,Character,1,0.02%,
serious girl,キャラ: Serious Girl,Character,1,0.02%,
deepthroat boy,キャラ: Deepthroat Boy,Character,1,0.02%,
Wink girl,キャラ: Wink Girl,Character,1,0.02%,
surrounded to boys,キャラ: Surrounded To Boys,Character,1,0.02%,
sensual eyes :: 0.5:: one eye closed,キャラ: Sensual Eyes :: 0.5:: One Eye Closed,Character,1,0.02%,
"black excessive armpit hair
【バニー】black simple bunny suit","キャラ: Black Excessive Armpit Hair
【バニー】black Simple Bunny Suit",Character,1,0.02%,
Sagging Breasts,胸をたるむ,Character,1,0.02%,
closed eyes with tear,キャラ: Closed Eyes With Tear,Character,1,0.02%,
girl focus,キャラ: Girl Focus,Character,1,0.02%,
little boys with a vulgar smile in front of her are looking at her from front,キャラ: Little Boys With A Vulgar Smile In Front Of Her Are Looking At Her From Front,Character,1,0.02%,
red brown hair,キャラ: Red Brown Hair,Character,1,0.02%,
male head::  -4::boy's ass:: 5::grabbing  penis to fellatoi,キャラ: Male Head:: -4::boy's Ass:: 5::grabbing Penis To Fellatoi,Character,1,0.02%,
pressing against cute girl,キャラ: Pressing Against Cute Girl,Character,1,0.02%,
sex::  -0.2::in bathtub ::   2::nose blush ::   on back,キャラ: Sex:: -0.2::in Bathtub :: 2::nose Blush :: On Back,Character,1,0.02%,
reverse cowgirl position ::  crying,キャラ: Reverse Cowgirl Position :: Crying,Character,1,0.02%,
wide shot:: girl,キャラ: Wide Shot:: Girl,Character,1,0.02%,
mouth to mouth,キャラ: Mouth To Mouth,Character,1,0.02%,
::   3.5:: nose blush,キャラ: :: 3.5:: Nose Blush,Character,1,0.02%,
covering eyes,目を覆う,Character,1,0.02%,
scared:: 5::upright_straddle :: 3.5::face focus,キャラ: Scared:: 5::upright Straddle :: 3.5::face Focus,Character,1,0.02%,
::big breasts,キャラ: ::big Breasts,Character,1,0.02%,
long hairbangs,キャラ: Long Hairbangs,Character,1,0.02%,
1 nude faceless big  brown skin man::  -2::male blush,キャラ: 1 Nude Faceless Big Brown Skin Man:: -2::male Blush,Character,1,0.02%,
covering another's mouth  from behind,キャラ: Covering Another's Mouth From Behind,Character,1,0.02%,
deep_blush,キャラ: Deep Blush,Character,1,0.02%,
artist:baffu,絵師: baffu風,Style,1,0.02%,
covering breasts with arm,キャラ: Covering Breasts With Arm,Character,1,0.02%,
people smile,キャラ: People Smile,Character,1,0.02%,
artist:ahemaru,絵師: ahemaru風,Style,1,0.02%,
orange eyes,橙の目,Character,1,0.02%,
breasts hanging,キャラ: Breasts Hanging,Character,1,0.02%,
"no text 
girl","キャラ: No Text 
girl",Character,1,0.02%,
little elementary school boys with a vulgar smile in front of her are looking at her from front,キャラ: Little Elementary School Boys With A Vulgar Smile In Front Of Her Are Looking At Her From Front,Character,1,0.02%,
1faceless tan boy,キャラ: 1faceless Tan Boy,Character,1,0.02%,
notice lines boy,キャラ: Notice Lines Boy,Character,1,0.02%,
hair. High-resolution,キャラ: Hair. High-resolution,Character,1,0.02%,
cicada block meme boy,キャラ: Cicada Block Meme Boy,Character,1,0.02%,
cum overflow::  ::4::sensual eyes,キャラ: Cum Overflow:: ::4::sensual Eyes,Character,1,0.02%,
-3::burr breasts,キャラ: -3::burr Breasts,Character,1,0.02%,
breast envy,胸のen望,Character,1,0.02%,
surprised ::  1.6:: groping:: breast sucking,キャラ: Surprised :: 1.6:: Groping:: Breast Sucking,Character,1,0.02%,
navel::   4::sensual eyes :: 7.5:: nose blush,キャラ: Navel:: 4::sensual Eyes :: 7.5:: Nose Blush,Character,1,0.02%,
long straight hair,キャラ: Long Straight Hair,Character,1,0.02%,
Cover the girl's mouth with a towel,キャラ: Cover The Girl's Mouth With A Towel,Character,1,0.02%,
"panting.

Style :  Ultra-detailed anime realism","Panting.

style : Ultra-detailed Anime Realism風の絵柄",Style,1,0.02%,
penis in pussy::  teardrop  blush,キャラ: Penis In Pussy:: Teardrop Blush,Character,1,0.02%,
eye roll boy,キャラ: Eye Roll Boy,Character,1,0.02%,
pony play cosplay、horse bite marks on girl body、pointy breast、puffy nipple、large areola、nipple ring、huge pubic hair、huge armpit hair、sweaty、steam、phenomenon、 smell、dirty smell body、horse bite marks on breast、1 brown horse in girl side,キャラ: Pony Play Cosplay、horse Bite Marks On Girl Body、pointy Breast、puffy Nipple、large Areola、nipple Ring、huge Pubic Hair、huge Armpit Hair、sweaty、steam、phenomenon、 Smell、dirty Smell Body、horse Bite Marks On Breast、1 Brown Horse In Girl Side,Character,1,0.02%,
cowboy shot:,キャラ: Cowboy Shot:,Character,1,0.02%,
straddling::    2.5::nose blush,キャラ: Straddling:: 2.5::nose Blush,Character,1,0.02%,
narrow open mouth,キャラ: Narrow Open Mouth,Character,1,0.02%,
brown skinned,キャラ: Brown Skinned,Character,1,0.02%,
pinkie_pie_equestria_girls,キャラ: Pinkie Pie Equestria Girls,Character,1,0.02%,
::    2.0:: 1 nude fat brown skin man,キャラ: :: 2.0:: 1 Nude Fat Brown Skin Man,Character,1,0.02%,
veiny face,キャラ: Veiny Face,Character,1,0.02%,
grabbing her thighs,キャラ: Grabbing Her Thighs,Character,1,0.02%,
hair pulled back,髪が引き戻されました,Character,1,0.02%,
smile crying,キャラ: Smile Crying,Character,1,0.02%,
finger to mouth,指から口,Character,1,0.02%,
Cum in your hair,キャラ: Cum In Your Hair,Character,1,0.02%,
thick thighs under girl's leg::  5::grab thighs,キャラ: Thick Thighs Under Girl's Leg:: 5::grab Thighs,Character,1,0.02%,
her breasts are wet and shiny,キャラ: Her Breasts Are Wet And Shiny,Character,1,0.02%,
scared ::  7.5:: nose blush,キャラ: Scared :: 7.5:: Nose Blush,Character,1,0.02%,
muscular male girl,キャラ: Muscular Male Girl,Character,1,0.02%,
open mouth::  7::ass focus,キャラ: Open Mouth:: 7::ass Focus,Character,1,0.02%,
open mouth ::   3::x-ray of deepthroat,キャラ: Open Mouth :: 3::x-ray Of Deepthroat,Character,1,0.02%,
talking girl,キャラ: Talking Girl,Character,1,0.02%,
wide open smile,キャラ: Wide Open Smile,Character,1,0.02%,
expressionless boy,キャラ: Expressionless Boy,Character,1,0.02%,
thighs together,キャラ: Thighs Together,Character,1,0.02%,
no text 1.5::an-94_silent_rouge_girls'_frontline,キャラ: No Text 1.5::an-94 Silent Rouge Girls' Frontline,Character,1,0.02%,
face to,キャラ: Face To,Character,1,0.02%,
male pubic hair,雄の毛,Character,1,0.02%,
girl's face to penis,キャラ: Girl's Face To Penis,Character,1,0.02%,
insanely detailed eyes,キャラ: Insanely Detailed Eyes,Character,1,0.02%,
-2::sucking breast,キャラ: -2::sucking Breast,Character,1,0.02%,
solo focus::  5:: one leg up,キャラ: Solo Focus:: 5:: One Leg Up,Character,1,0.02%,
artist: yd orange maru,絵師:  yd orange maru風,Style,1,0.02%,
2 breasts,キャラ: 2 Breasts,Character,1,0.02%,
blush::  2::upper body,キャラ: Blush:: 2::upper Body,Character,1,0.02%,
cowgirl positoin,キャラ: Cowgirl Positoin,Character,1,0.02%,
male eyes::  2::breast grab :: -3::closed eyes::  2::closed mouth,キャラ: Male Eyes:: 2::breast Grab :: -3::closed Eyes:: 2::closed Mouth,Character,1,0.02%,
no mouth,口はありません,Character,1,0.02%,
anal sex::  7.5:: nose blush,キャラ: Anal Sex:: 7.5:: Nose Blush,Character,1,0.02%,
hair flowing gently in breeze,キャラ: Hair Flowing Gently In Breeze,Character,1,0.02%,
medium  breast,キャラ: Medium Breast,Character,1,0.02%,
small open mouth,キャラ: Small Open Mouth,Character,1,0.02%,
one finger on mouth,キャラ: One Finger On Mouth,Character,1,0.02%,
glistening sweaty skin,キャラ: Glistening Sweaty Skin,Character,1,0.02%,
: 0.4::shaded face::  4::on back,キャラ: : 0.4::shaded Face:: 4::on Back,Character,1,0.02%,
crying::  cowboy shot,キャラ: Crying:: Cowboy Shot,Character,1,0.02%,
squeezed breast,キャラ: Squeezed Breast,Character,1,0.02%,
boy's thick thighs::   -1.0,キャラ: Boy's Thick Thighs:: -1.0,Character,1,0.02%,
lifting girl's leg onto shoulder,キャラ: Lifting Girl's Leg Onto Shoulder,Character,1,0.02%,
park::  1 girl walking in residential area,キャラ: Park:: 1 Girl Walking In Residential Area,Character,1,0.02%,
half-closed mouth,キャラ: Half-closed Mouth,Character,1,0.02%,
cleavage|pov,キャラ: Cleavage|pov,Character,1,0.02%,
:: 1 girl walking in park,キャラ: :: 1 Girl Walking In Park,Character,1,0.02%,
between breasts,谷間,Character,1,0.02%,
hair around arm,キャラ: Hair Around Arm,Character,1,0.02%,
troubled smile,キャラ: Troubled Smile,Character,1,0.02%,
artist:shirabe shiki,絵師: shirabe shiki風,Style,1,0.02%,
nose blush ::  glaring,キャラ: Nose Blush :: Glaring,Character,1,0.02%,
:4::sensual eyes :: 5.5:: nose blush,キャラ: :4::sensual Eyes :: 5.5:: Nose Blush,Character,1,0.02%,
photo of cynthia pokemon face in frame,キャラ: Photo Of Cynthia Pokemon Face In Frame,Character,1,0.02%,
nonna girls und panzer,キャラ: Nonna Girls Und Panzer,Character,1,0.02%,
::   3::open eyes,キャラ: :: 3::open Eyes,Character,1,0.02%,
Feet on boy's face boy,キャラ: Feet On Boy's Face Boy,Character,1,0.02%,
breast grab  from behind,キャラ: Breast Grab From Behind,Character,1,0.02%,
no text black hair,キャラ: No Text Black Hair,Character,1,0.02%,
queen of spades tattoo on breasts,キャラ: Queen Of Spades Tattoo On Breasts,Character,1,0.02%,
beach girl,キャラ: Beach Girl,Character,1,0.02%,
artist:xaxak,絵師: xaxak風,Style,1,0.02%,
surprised boy,キャラ: Surprised Boy,Character,1,0.02%,
doggystyle  torso grab by both hands sex from behind,Doggystyle Torso Grab By Both Hands Sex From Behind風の絵柄,Style,1,0.02%,
girl hold condom package in mouth,キャラ: Girl Hold Condom Package In Mouth,Character,1,0.02%,
Body facing the boy,キャラ: Body Facing The Boy,Character,1,0.02%,
dark-skinned man,キャラ: Dark-skinned Man,Character,1,0.02%,
face on ground,キャラ: Face On Ground,Character,1,0.02%,
smartphone covering mouth,キャラ: Smartphone Covering Mouth,Character,1,0.02%,
cum overflow :: 5.5:: nose blush,キャラ: Cum Overflow :: 5.5:: Nose Blush,Character,1,0.02%,
-2::hair down,キャラ: -2::hair Down,Character,1,0.02%,
close your eyes,キャラ: Close Your Eyes,Character,1,0.02%,
:::   1:::ass ripples: ::. 4::focus face,キャラ: ::: 1:::ass Ripples: ::. 4::focus Face,Character,1,0.02%,
sensual eyes::  6::upper body,キャラ: Sensual Eyes:: 6::upper Body,Character,1,0.02%,
cum overflow boy,キャラ: Cum Overflow Boy,Character,1,0.02%,
cover his mouth,キャラ: Cover His Mouth,Character,1,0.02%,
closed mouth::     1.5::glaring,キャラ: Closed Mouth:: 1.5::glaring,Character,1,0.02%,
artist:bingbingzi,絵師: bingbingzi風,Style,1,0.02%,
touch_another's_breast,キャラ: Touch Another's Breast,Character,1,0.02%,
::   1.3:: solo focus,キャラ: :: 1.3:: Solo Focus,Character,1,0.02%,
:>= ::  upturned eyes,キャラ: :>= :: Upturned Eyes,Character,1,0.02%,
side face ::  7::looking to the side,キャラ: Side Face :: 7::looking To The Side,Character,1,0.02%,
artist:ikeuchi tanuma,絵師: ikeuchi tanuma風,Style,1,0.02%,
no text seductive smile,キャラ: No Text Seductive Smile,Character,1,0.02%,
Peace Sign girl,キャラ: Peace Sign Girl,Character,1,0.02%,
bulge girl,キャラ: Bulge Girl,Character,1,0.02%,
anime collor、animate、anime coloring、 anime screencap、glamorous、erotic、1Wa0、4.5、Milkman style 、Sharp line art、azurlane animation illumination style、 anime coloring、vibrant colors、extremely beautiful face、perfect face、detailed eyes、detailed skin、Reality up、 shiny skin、glossy skin、dynamic action shot illumination、dynamite erotic adulty body、come hither,Anime Collor、animate、anime Coloring、 Anime Screencap、glamorous、erotic、1wa0、4.5、milkman Style 、sharp Line Art、azurlane Animation Illumination Style、 Anime Coloring、vibrant Colors、extremely Beautiful Face、perfect Face、detailed Eyes、detailed Skin、reality Up、 Shiny Skin、glossy Skin、dynamic Action Shot Illumination、dynamite Erotic Adulty Body、come Hither風の絵柄,Style,1,0.02%,
sweat girl,キャラ: Sweat Girl,Character,1,0.02%,
-0.5::breast grab,キャラ: -0.5::breast Grab,Character,1,0.02%,
from behind girl,キャラ: From Behind Girl,Character,1,0.02%,
deep penetration  ::  1.5:: nose blush,キャラ: Deep Penetration :: 1.5:: Nose Blush,Character,1,0.02%,
glowing red eyes,キャラ: Glowing Red Eyes,Character,1,0.02%,
artist:hews,絵師: hews風,Style,1,0.02%,
"Alternative hairstyle
 game CG","Alternative Hairstyle
 Game Cg風の絵柄",Style,1,0.02%,
mirror surface girl,キャラ: Mirror Surface Girl,Character,1,0.02%,
disheveled hair,キャラ: Disheveled Hair,Character,1,0.02%,
faceless::  -3::male blush,キャラ: Faceless:: -3::male Blush,Character,1,0.02%,
glasses::big breasts,キャラ: Glasses::big Breasts,Character,1,0.02%,
Plump thighs,キャラ: Plump Thighs,Character,1,0.02%,
red hair bow,キャラ: Red Hair Bow,Character,1,0.02%,
sex from behind::  5::nose blush,キャラ: Sex From Behind:: 5::nose Blush,Character,1,0.02%,
breasts spread,キャラ: Breasts Spread,Character,1,0.02%,
Mirror surface,キャラ: Mirror Surface,Character,1,0.02%,
face in bowl,キャラ: Face In Bowl,Character,1,0.02%,
||solo,キャラ: ||solo,Character,1,0.02%,
breasts on guitar,キャラ: Breasts On Guitar,Character,1,0.02%,
doggystyle sex::   0.3::anime coloring,Doggystyle Sex:: 0.3::anime Coloring風の絵柄,Style,1,0.02%,
*动作* evil smile,キャラ: *动作* Evil Smile,Character,1,0.02%,
::face only,キャラ: ::face Only,Character,1,0.02%,
button_eyes,ボタンの目,Character,1,0.02%,
horn::Dead person's skin color,キャラ: Horn::dead Person's Skin Color,Character,1,0.02%,
::: 3::cowboy shot,キャラ: ::: 3::cowboy Shot,Character,1,0.02%,
artist:namidame,絵師: namidame風,Style,1,0.02%,
"uterus cross section
 boy","キャラ: Uterus Cross Section
 Boy",Character,1,0.02%,
drawing in the style of genshin impact,Drawing In The Style Of Genshin Impact風の絵柄,Style,1,0.02%,
tired    2::nose blush::     closed mouth,キャラ: Tired 2::nose Blush:: Closed Mouth,Character,1,0.02%,
stomach hair  ::    1.4::tape gag,キャラ: Stomach Hair :: 1.4::tape Gag,Character,1,0.02%,
-2::hairpin,キャラ: -2::hairpin,Character,1,0.02%,
::eyes,キャラ: ::eyes,Character,1,0.02%,
::1::beautiful detailed eyes,キャラ: ::1::beautiful Detailed Eyes,Character,1,0.02%,
penis on navel,キャラ: Penis On Navel,Character,1,0.02%,
breast grab from behind,キャラ: Breast Grab From Behind,Character,1,0.02%,
face near tachyon's armpit,キャラ: Face Near Tachyon's Armpit,Character,1,0.02%,
leg on boy's shoulder,キャラ: Leg On Boy's Shoulder,Character,1,0.02%,
clenched teeth girl,キャラ: Clenched Teeth Girl,Character,1,0.02%,
fighter girl,キャラ: Fighter Girl,Character,1,0.02%,
breasts choking,キャラ: Breasts Choking,Character,1,0.02%,
house:: blush 0.2::nose blush::   2::nigiht,キャラ: House:: Blush 0.2::nose Blush:: 2::nigiht,Character,1,0.02%,
only 1girl,キャラ: Only 1girl,Character,1,0.02%,
pov:: blush,キャラ: Pov:: Blush,Character,1,0.02%,
match OK sign and mouth,キャラ: Match Ok Sign And Mouth,Character,1,0.02%,
focus face ::   -2::soles,キャラ: Focus Face :: -2::soles,Character,1,0.02%,
girl's leg::  focus face,キャラ: Girl's Leg:: Focus Face,Character,1,0.02%,
Mirror surface  girl,キャラ: Mirror Surface Girl,Character,1,0.02%,
tongue under foreskin,キャラ: Tongue Under Foreskin,Character,1,0.02%,
hair between ass crack,キャラ: Hair Between Ass Crack,Character,1,0.02%,
close-up pussy peneteration::  -4::reverse cowgirl position:::  face to face,キャラ: Close-up Pussy Peneteration:: -4::reverse Cowgirl Position::: Face To Face,Character,1,0.02%,
grab  another's  breast,キャラ: Grab Another's Breast,Character,1,0.02%,
smooth and flushed. Long almond eyes,キャラ: Smooth And Flushed. Long Almond Eyes,Character,1,0.02%,
licking inside the foreskin without pulling it back,キャラ: Licking Inside The Foreskin Without Pulling It Back,Character,1,0.02%,
super shaded skin,キャラ: Super Shaded Skin,Character,1,0.02%,
arm on boy's shoulder,キャラ: Arm On Boy's Shoulder,Character,1,0.02%,
afterimage girl,キャラ: Afterimage Girl,Character,1,0.02%,
breast smother,乳房窒息,Character,1,0.02%,
messy hair::   fellatio,キャラ: Messy Hair:: Fellatio,Character,1,0.02%,
boy bent over girl,キャラ: Boy Bent Over Girl,Character,1,0.02%,
breast grab ::   nose blush,キャラ: Breast Grab :: Nose Blush,Character,1,0.02%,
pony play cosplay、horse bite marks on girl body、pointy breast、puffy nipple、large areola、sweaty、steam、phenomenon、smell、dirty smell body、,キャラ: Pony Play Cosplay、horse Bite Marks On Girl Body、pointy Breast、puffy Nipple、large Areola、sweaty、steam、phenomenon、smell、dirty Smell Body、,Character,1,0.02%,
"-6::6 fingers::
2::orgasm face","キャラ: -6::6 Fingers::
2::orgasm Face",Character,1,0.02%,
pussy::2::female closed eyes,キャラ: Pussy::2::female Closed Eyes,Character,1,0.02%,
::hair ornament,キャラ: ::hair Ornament,Character,1,0.02%,
red hair bow girl,キャラ: Red Hair Bow Girl,Character,1,0.02%,
artist:csyday,絵師: csyday風,Style,1,0.02%,
heart-shaped eyes,ハート型の目,Character,1,0.02%,
:: -2::male blush:,キャラ: :: -2::male Blush:,Character,1,0.02%,
white bunny girl,キャラ: White Bunny Girl,Character,1,0.02%,
ahegao boy,キャラ: Ahegao Boy,Character,1,0.02%,
facing to boy,キャラ: Facing To Boy,Character,1,0.02%,
no text Solo,キャラ: No Text Solo,Character,1,0.02%,
head tilt ::  0::closed eyes with tears,キャラ: Head Tilt :: 0::closed Eyes With Tears,Character,1,0.02%,
pony tail hair,キャラ: Pony Tail Hair,Character,1,0.02%,
face near oumae's face,キャラ: Face Near Oumae's Face,Character,1,0.02%,
confident dominant face,キャラ: Confident Dominant Face,Character,1,0.02%,
focus face::   　4,キャラ: Focus Face:: 　4,Character,1,0.02%,
skin,キャラ: Skin,Character,1,0.02%,
pinlk hair,キャラ: Pinlk Hair,Character,1,0.02%,
multiple boys,複数人の男の子,Character,1,0.02%,
exhausted face,キャラ: Exhausted Face,Character,1,0.02%,
breasts like beef,キャラ: Breasts Like Beef,Character,1,0.02%,
sucking saeki's breast,キャラ: Sucking Saeki's Breast,Character,1,0.02%,
eyes omitted,キャラ: Eyes Omitted,Character,1,0.02%,
teasing:: -1::smile,キャラ: Teasing:: -1::smile,Character,1,0.02%,
small eyes,キャラ: Small Eyes,Character,1,0.02%,
rape eyes,キャラ: Rape Eyes,Character,1,0.02%,
::  5.5:: nose blush,キャラ: :: 5.5:: Nose Blush,Character,1,0.02%,
::   -5::male blush,キャラ: :: -5::male Blush,Character,1,0.02%,
look at boy boy,キャラ: Look At Boy Boy,Character,1,0.02%,
spoken ellipsis boy,キャラ: Spoken Ellipsis Boy,Character,1,0.02%,
after sex ::  open mouth,キャラ: After Sex :: Open Mouth,Character,1,0.02%,
love boy,キャラ: Love Boy,Character,1,0.02%,
worried eyes,キャラ: Worried Eyes,Character,1,0.02%,
Bend down and put the drink on the boy's table,キャラ: Bend Down And Put The Drink On The Boy's Table,Character,1,0.02%,
open eyes with tears,キャラ: Open Eyes With Tears,Character,1,0.02%,
one eye closed with tears  ::2::reverse cowgirl positioin,キャラ: One Eye Closed With Tears ::2::reverse Cowgirl Positioin,Character,1,0.02%,
fingers into another's mouth,キャラ: Fingers Into Another's Mouth,Character,1,0.02%,
pony play cosplay、horse bite marks on girl body、pointy breast、puffy nipple、large areola、nipple ring、huge pubic hair、huge armpit hair、sweaty、steam、phenomenon、 smell、dirty smell body、horse bite marks on breast、1 horse、large brown horse、horse and girl Snuggle up、‪recording、viewfinder、battery indicator‬,キャラ: Pony Play Cosplay、horse Bite Marks On Girl Body、pointy Breast、puffy Nipple、large Areola、nipple Ring、huge Pubic Hair、huge Armpit Hair、sweaty、steam、phenomenon、 Smell、dirty Smell Body、horse Bite Marks On Breast、1 Horse、large Brown Horse、horse And Girl Snuggle Up、‪recording、viewfinder、battery Indicator‬,Character,1,0.02%,
pulling hair,キャラ: Pulling Hair,Character,1,0.02%,
head between girl's thights,キャラ: Head Between Girl's Thights,Character,1,0.02%,
spread mouth,キャラ: Spread Mouth,Character,1,0.02%,
multiple men with vulgar smile around her,キャラ: Multiple Men With Vulgar Smile Around Her,Character,1,0.02%,
cleavage|race queen bodysuit,キャラ: Cleavage|race Queen Bodysuit,Character,1,0.02%,
-2::eyes,キャラ: -2::eyes,Character,1,0.02%,
-8::separated screens::  6::cowboy shot::  -2,キャラ: -8::separated Screens:: 6::cowboy Shot:: -2,Character,1,0.02%,
long voluminous curly hair,キャラ: Long Voluminous Curly Hair,Character,1,0.02%,
long hairdark dominatrix,キャラ: Long Hairdark Dominatrix,Character,1,0.02%,
dot mouth,ドット口,Character,1,0.02%,
-1.2::closed eyes,キャラ: -1.2::closed Eyes,Character,1,0.02%,
blushing cheeks,キャラ: Blushing Cheeks,Character,1,0.02%,
full body boy,キャラ: Full Body Boy,Character,1,0.02%,
complementary colors girl,キャラ: Complementary Colors Girl,Character,1,0.02%,
cleavage|straddling pillow,キャラ: Cleavage|straddling Pillow,Character,1,0.02%,
soft thighs,キャラ: Soft Thighs,Character,1,0.02%,
artist:takano suzu,絵師: takano suzu風,Style,1,0.02%,
pokemon official art style,Pokemon Official Art Style風の絵柄,Style,1,0.02%,
side face::  4::missionary,キャラ: Side Face:: 4::missionary,Character,1,0.02%,
thick thighs|one eye closed,キャラ: Thick Thighs|one Eye Closed,Character,1,0.02%,
Cowgirl Position,カウガールの位置,Character,1,0.02%,
realistic skin shading,キャラ: Realistic Skin Shading,Character,1,0.02%,
biting mark on breast,キャラ: Biting Mark On Breast,Character,1,0.02%,
face_tattoo,キャラ: Face Tattoo,Character,1,0.02%,
cum on the hair,キャラ: Cum On The Hair,Character,1,0.02%,
knees over girl,キャラ: Knees Over Girl,Character,1,0.02%,
grabbing another's breast  nsfw,キャラ: Grabbing Another's Breast Nsfw,Character,1,0.02%,
male face,キャラ: Male Face,Character,1,0.02%,
:: 4::closed eyes with tears::     -1:: open eyes,キャラ: :: 4::closed Eyes With Tears:: -1:: Open Eyes,Character,1,0.02%,
Dutch angle girl,キャラ: Dutch Angle Girl,Character,1,0.02%,
glairng::   3.6::closed eyes,キャラ: Glairng:: 3.6::closed Eyes,Character,1,0.02%,
reverse cowgirl position,逆カウガールの位置,Character,1,0.02%,
:cheek skindentation,キャラ: :cheek Skindentation,Character,1,0.02%,
Artist:nyuu_manekin-eko,絵師: nyuu_manekin-eko風,Style,1,0.02%,
being drunk boy,キャラ: Being Drunk Boy,Character,1,0.02%,
::deep skin,キャラ: ::deep Skin,Character,1,0.02%,
1arm around boy's waist,キャラ: 1arm Around Boy's Waist,Character,1,0.02%,
::  1.7::wide-eyed::   1.0::large pink anus::   2.5:: nose blush,キャラ: :: 1.7::wide-eyed:: 1.0::large Pink Anus:: 2.5:: Nose Blush,Character,1,0.02%,
boy hold girl,キャラ: Boy Hold Girl,Character,1,0.02%,
slip shoulders  girl,キャラ: Slip Shoulders Girl,Character,1,0.02%,
::   4::1boy licking pussy,キャラ: :: 4::1boy Licking Pussy,Character,1,0.02%,
ak-12_quiet_azure_girls'_frontline,キャラ: Ak-12 Quiet Azure Girls' Frontline,Character,1,0.02%,
focus mouth,キャラ: Focus Mouth,Character,1,0.02%,
looking at viewearlarge breasts,キャラ: Looking At Viewearlarge Breasts,Character,1,0.02%,
bright joyful face,キャラ: Bright Joyful Face,Character,1,0.02%,
thick thighs ass1.5::aftersex,キャラ: Thick Thighs Ass1.5::aftersex,Character,1,0.02%,
"aroused gaze and 

Beautiful and detailed eyes","キャラ: Aroused Gaze And 

beautiful And Detailed Eyes",Character,1,0.02%,
::  -1::  closed eyes with tears,キャラ: :: -1:: Closed Eyes With Tears,Character,1,0.02%,
sensual eyes ::   4::wide-hips,キャラ: Sensual Eyes :: 4::wide-hips,Character,1,0.02%,
Cowgirl,キャラ: Cowgirl,Character,1,0.02%,
focus face::   -0.2::deep penetration ::    2::pov,キャラ: Focus Face:: -0.2::deep Penetration :: 2::pov,Character,1,0.02%,
embarrassed face,キャラ: Embarrassed Face,Character,1,0.02%,
-5::nose blush,キャラ: -5::nose Blush,Character,1,0.02%,
messy wavy blonde hair,キャラ: Messy Wavy Blonde Hair,Character,1,0.02%,
artist: askaskzy,絵師:  askaskzy風,Style,1,0.02%,
sensual eyes ::   2::crying,キャラ: Sensual Eyes :: 2::crying,Character,1,0.02%,
cleavage|wariza,キャラ: Cleavage|wariza,Character,1,0.02%,
target#carried girl,キャラ: Target#carried Girl,Character,1,0.02%,
Say hello to a girl,キャラ: Say Hello To A Girl,Character,1,0.02%,
hair over eyes,目の上の髪,Character,1,0.02%,
tooth leak from mouth,キャラ: Tooth Leak From Mouth,Character,1,0.02%,
1 clothed fat big faceless man,キャラ: 1 Clothed Fat Big Faceless Man,Character,1,0.02%,
insert the syringe into the girl's nipple.,キャラ: Insert The Syringe Into The Girl's Nipple.,Character,1,0.02%,
solo focus::     2::all fours,キャラ: Solo Focus:: 2::all Fours,Character,1,0.02%,
pov::  empty eyes2::penis in deep mouth,キャラ: Pov:: Empty Eyes2::penis In Deep Mouth,Character,1,0.02%,
phone covered eyes,キャラ: Phone Covered Eyes,Character,1,0.02%,
cum in the hair,キャラ: Cum In The Hair,Character,1,0.02%,
artist:natsume_eri,絵師: natsume_eri風,Style,1,0.02%,
close eyes girl,キャラ: Close Eyes Girl,Character,1,0.02%,
grab girl's,キャラ: Grab Girl's,Character,1,0.02%,
breast,キャラ: Breast,Character,1,0.02%,
grabbing girl's head,キャラ: Grabbing Girl's Head,Character,1,0.02%,
dual wielding girl,キャラ: Dual Wielding Girl,Character,1,0.02%,
bar censor on eyes,キャラ: Bar Censor On Eyes,Character,1,0.02%,
dutch angle ::  0::side face,キャラ: Dutch Angle :: 0::side Face,Character,1,0.02%,
boys take picture with smartphone,キャラ: Boys Take Picture With Smartphone,Character,1,0.02%,
face in pillow,枕の顔,Character,1,0.02%,
body hair,体毛,Character,1,0.02%,
da vinci burying face in fujimaru chest,キャラ: Da Vinci Burying Face In Fujimaru Chest,Character,1,0.02%,
artist:magister,絵師: magister風,Style,1,0.02%,
nose blush  ::: 4.5::surprised,キャラ: Nose Blush ::: 4.5::surprised,Character,1,0.02%,
strong smile,キャラ: Strong Smile,Character,1,0.02%,
detailed elaborate hair,キャラ: Detailed Elaborate Hair,Character,1,0.02%,
girl at the door,キャラ: Girl At The Door,Character,1,0.02%,
war girl,キャラ: War Girl,Character,1,0.02%,
sensual eyes ::  7.5:: nose blush,キャラ: Sensual Eyes :: 7.5:: Nose Blush,Character,1,0.02%,
regrettable girl,キャラ: Regrettable Girl,Character,1,0.02%,
torogao:: 7::surprised::  2::cowboy shot,キャラ: Torogao:: 7::surprised:: 2::cowboy Shot,Character,1,0.02%,
:::  4:: girl on top,キャラ: ::: 4:: Girl On Top,Character,1,0.02%,
face press,キャラ: Face Press,Character,1,0.02%,
kiss face to face,キャラ: Kiss Face To Face,Character,1,0.02%,
clean the foreskin,キャラ: Clean The Foreskin,Character,1,0.02%,
medium hair,ミディアムヘア,Character,1,0.02%,
"blush
armpits","キャラ: Blush
armpits",Character,1,0.02%,
boys smile,キャラ: Boys Smile,Character,1,0.02%,
skin seams,キャラ: Skin Seams,Character,1,0.02%,
Open mouth,開いた口,Character,1,0.02%,
artist:curse 023,絵師: curse 023風,Style,1,0.02%,
1boy pulling another's,キャラ: 1boy Pulling Another's,Character,1,0.02%,
precum on breasts,キャラ: Precum On Breasts,Character,1,0.02%,
tears falling from eyes,キャラ: Tears Falling From Eyes,Character,1,0.02%,
half-closed-eyes,キャラ: Half-closed-eyes,Character,1,0.02%,
detailed faces,キャラ: Detailed Faces,Character,1,0.02%,
faceless::  2:: bald hair,キャラ: Faceless:: 2:: Bald Hair,Character,1,0.02%,
small boy,キャラ: Small Boy,Character,1,0.02%,
girls,キャラ: Girls,Character,1,0.02%,
covering nipples|breasts out,キャラ: Covering Nipples|breasts Out,Character,1,0.02%,
-6.0::artist collaboration :: girl,キャラ: -6.0::artist Collaboration :: Girl,Character,1,0.02%,
cowboy shot::      6::from side,キャラ: Cowboy Shot:: 6::from Side,Character,1,0.02%,
cleavage emphasis|arched back,キャラ: Cleavage Emphasis|arched Back,Character,1,0.02%,
artist:cuboon,絵師: cuboon風,Style,1,0.02%,
licking pussy by tongue::  2::faceless male,キャラ: Licking Pussy By Tongue:: 2::faceless Male,Character,1,0.02%,
half-open eyes,キャラ: Half-open Eyes,Character,1,0.02%,
::bouncing breast::  -1::open mouth::   0.8::wavy closed mouth::   head back 2,キャラ: ::bouncing Breast:: -1::open Mouth:: 0.8::wavy Closed Mouth:: Head Back 2,Character,1,0.02%,
black excessive armpit hair,キャラ: Black Excessive Armpit Hair,Character,1,0.02%,
grab another' mouth to open,キャラ: Grab Another' Mouth To Open,Character,1,0.02%,
"【ポーズ】

【自由欄】
black excessive armpit hair","キャラ: 【ポーズ】

【自由欄】
black Excessive Armpit Hair",Character,1,0.02%,
::closed eyes,キャラ: ::closed Eyes,Character,1,0.02%,
yume kawaii girl,キャラ: Yume Kawaii Girl,Character,1,0.02%,
artist:null nyanpyoun,絵師: null nyanpyoun風,Style,1,0.02%,
silver gray eyes,キャラ: Silver Gray Eyes,Character,1,0.02%,
closed eyes :: 8::faceless man:,キャラ: Closed Eyes :: 8::faceless Man:,Character,1,0.02%,
blush::  5::soles,キャラ: Blush:: 5::soles,Character,1,0.02%,
breasts tattoo,キャラ: Breasts Tattoo,Character,1,0.02%,
ass focus ::   3::one eye closed with tears::      5.5:: nose blush,キャラ: Ass Focus :: 3::one Eye Closed With Tears:: 5.5:: Nose Blush,Character,1,0.02%,
tremblingclosed eyes,キャラ: Tremblingclosed Eyes,Character,1,0.02%,
greeting smile,キャラ: Greeting Smile,Character,1,0.02%,
penis on face,顔にペニス,Character,1,0.02%,
::4:: girl on top,キャラ: ::4:: Girl On Top,Character,1,0.02%,
bitter smile,キャラ: Bitter Smile,Character,1,0.02%,
artist:sciamano240 ::  incredibly absurdres,絵師: sciamano240 ::  incredibly absurdres風,Style,1,0.02%,
open mouth:::    0.8::constricted pupils:: 9.5::deepthroat::-2::from behind::    1::excessive cum,キャラ: Open Mouth::: 0.8::constricted Pupils:: 9.5::deepthroat::-2::from Behind:: 1::excessive Cum,Character,1,0.02%,
in inset panel: fujimaru ritsuka male face,キャラ: In Inset Panel: Fujimaru Ritsuka Male Face,Character,1,0.02%,
teasing face,キャラ: Teasing Face,Character,1,0.02%,
extremely detailed hair,キャラ: Extremely Detailed Hair,Character,1,0.02%,
weak boy,キャラ: Weak Boy,Character,1,0.02%,
megaphone_on_mouth,キャラ: Megaphone On Mouth,Character,1,0.02%,
male blonde hair,キャラ: Male Blonde Hair,Character,1,0.02%,
sensual eyes ::  5.5:: nose blush,キャラ: Sensual Eyes :: 5.5:: Nose Blush,Character,1,0.02%,
black nails boy,キャラ: Black Nails Boy,Character,1,0.02%,
artist:ahemaru::1.3::artist:alp::1.2::artist:shinichi::year 2025,絵師: ahemaru::1.3::artist:alp::1.2::artist:shinichi::year 2025風,Style,1,0.02%,
1 nude boy,キャラ: 1 Nude Boy,Character,1,0.02%,
surprised girl,キャラ: Surprised Girl,Character,1,0.02%,
grab breasts from behind,キャラ: Grab Breasts From Behind,Character,1,0.02%,
bignbreast,キャラ: Bignbreast,Character,1,0.02%,
side view of face,キャラ: Side View Of Face,Character,1,0.02%,
tooths from mouth,キャラ: Tooths From Mouth,Character,1,0.02%,
mouth inside,キャラ: Mouth Inside,Character,1,0.02%,
happiness:: boy,キャラ: Happiness:: Boy,Character,1,0.02%,
crying with eyes open,目を開けて泣く,Character,1,0.02%,
dark skined male,キャラ: Dark Skined Male,Character,1,0.02%,
::  1 girl walking in residental area,キャラ: :: 1 Girl Walking In Residental Area,Character,1,0.02%,
surprised:: 2::upturned eyes::  6,キャラ: Surprised:: 2::upturned Eyes:: 6,Character,1,0.02%,
real skin,キャラ: Real Skin,Character,1,0.02%,
"no text text:  I LOVE BBC
 girl","キャラ: No Text Text: I Love Bbc
 Girl",Character,1,0.02%,
no text girl、lovesonlyyou umamusume,キャラ: No Text Girl、lovesonlyyou Umamusume,Character,1,0.02%,
Cum in the hair,キャラ: Cum In The Hair,Character,1,0.02%,
blood from mouth,口からの血,Character,1,0.02%,
side face with closed eyes :,キャラ: Side Face With Closed Eyes :,Character,1,0.02%,
wet glistening skin covered in slippery sweat,キャラ: Wet Glistening Skin Covered In Slippery Sweat,Character,1,0.02%,
stitched_face,ステッチされた顔,Character,1,0.02%,
hair flowing in wind,キャラ: Hair Flowing In Wind,Character,1,0.02%,
artist: misaka 12003-gou,絵師:  misaka 12003-gou風,Style,1,0.02%,
ass focus ::     4::scared::  1.1::shaded face,キャラ: Ass Focus :: 4::scared:: 1.1::shaded Face,Character,1,0.02%,
happiness boy,キャラ: Happiness Boy,Character,1,0.02%,
tying hair,髪を結ぶ,Character,1,0.02%,
doggystyle  sex from behind,Doggystyle Sex From Behind風の絵柄,Style,1,0.02%,
open mouth:: 3::wide-hips::  boy,キャラ: Open Mouth:: 3::wide-hips:: Boy,Character,1,0.02%,
heart shaped eyes,キャラ: Heart Shaped Eyes,Character,1,0.02%,
side face:: -4::dutch angle,キャラ: Side Face:: -4::dutch Angle,Character,1,0.02%,
sensual eyes ::   4::wide-eyed,キャラ: Sensual Eyes :: 4::wide-eyed,Character,1,0.02%,
-4.5::face,キャラ: -4.5::face,Character,1,0.02%,
orange pekoegirls und  Panzer,キャラ: Orange Pekoegirls Und Panzer,Character,1,0.02%,
fujimaru blushing heavily,キャラ: Fujimaru Blushing Heavily,Character,1,0.02%,
mature eyes,キャラ: Mature Eyes,Character,1,0.02%,
imminent:: cowgirl position,キャラ: Imminent:: Cowgirl Position,Character,1,0.02%,
no text 1.5::girl,キャラ: No Text 1.5::girl,Character,1,0.02%,
no text. girl,キャラ: No Text. Girl,Character,1,0.02%,
tucking hair,キャラ: Tucking Hair,Character,1,0.02%,
realistic feet skin:: 4::toes,キャラ: Realistic Feet Skin:: 4::toes,Character,1,0.02%,
-2.0::cum in mouth,キャラ: -2.0::cum In Mouth,Character,1,0.02%,
asphyxiation boy,キャラ: Asphyxiation Boy,Character,1,0.02%,
artist: wlop,絵師:  wlop風,Style,1,0.02%,
hair flowing in evening breeze,キャラ: Hair Flowing In Evening Breeze,Character,1,0.02%,
giggantic breasts,キャラ: Giggantic Breasts,Character,1,0.02%,
wavy eyes,波状の目,Character,1,0.02%,
::breasts focus,キャラ: ::breasts Focus,Character,1,0.02%,
oil sheen:1.3、、、1girl,キャラ: Oil Sheen:1.3、、、1girl,Character,1,0.02%,
:::   2::open mouth,キャラ: ::: 2::open Mouth,Character,1,0.02%,
glans in mouth,キャラ: Glans In Mouth,Character,1,0.02%,
powergirl,キャラ: Powergirl,Character,1,0.02%,
Boy wearing black shorts,キャラ: Boy Wearing Black Shorts,Character,1,0.02%,
hair around waist,キャラ: Hair Around Waist,Character,1,0.02%,
no text girl、super creek umamusume,キャラ: No Text Girl、super Creek Umamusume,Character,1,0.02%,
::  2::bouncing breast::  4::from below,キャラ: :: 2::bouncing Breast:: 4::from Below,Character,1,0.02%,
closed eyes face,キャラ: Closed Eyes Face,Character,1,0.02%,
facelessmale,キャラ: Facelessmale,Character,1,0.02%,
fighting stance girl,キャラ: Fighting Stance Girl,Character,1,0.02%,
messy two-tone hair,キャラ: Messy Two-tone Hair,Character,1,0.02%,
empty eyes boy,キャラ: Empty Eyes Boy,Character,1,0.02%,
-2::white in mouth,キャラ: -2::white In Mouth,Character,1,0.02%,
pony play cosplay、horse bite marks on girl body、pointy breast、puffy nipple、large areola、nipple ring、huge pubic hair、huge armpit hair、sweaty、steam、phenomenon、 smell、dirty smell body、horse bite marks on breast、1 horse、large brown horse、horse and girl Snuggle up,キャラ: Pony Play Cosplay、horse Bite Marks On Girl Body、pointy Breast、puffy Nipple、large Areola、nipple Ring、huge Pubic Hair、huge Armpit Hair、sweaty、steam、phenomenon、 Smell、dirty Smell Body、horse Bite Marks On Breast、1 Horse、large Brown Horse、horse And Girl Snuggle Up,Character,1,0.02%,
face ro face,キャラ: Face Ro Face,Character,1,0.02%,
hold down girl,キャラ: Hold Down Girl,Character,1,0.02%,
female pubic hair,女性の陰毛,Character,1,0.02%,
??? boy,キャラ: ??? Boy,Character,1,0.02%,
artist:betabeet,絵師: betabeet風,Style,1,0.02%,
big hair,大きな髪,Character,1,0.02%,
false smile,誤った笑顔,Character,1,0.02%,
half-closed mouth ::   0.7::glaring,キャラ: Half-closed Mouth :: 0.7::glaring,Character,1,0.02%,
no text girl、lucky lilac umamusume,キャラ: No Text Girl、lucky Lilac Umamusume,Character,1,0.02%,
upper body girl,キャラ: Upper Body Girl,Character,1,0.02%,
breasts squeezed,キャラ: Breasts Squeezed,Character,1,0.02%,
artist:ie,絵師: ie風,Style,1,0.02%,
Emphasize the cleavage,キャラ: Emphasize The Cleavage,Character,1,0.02%,
no text girl、almond eye umamusume,キャラ: No Text Girl、almond Eye Umamusume,Character,1,0.02%,
mouth pull,マウスプル,Character,1,0.02%,
navel piercing,へそピアス,Character,1,0.02%,
head between thighs,太ももの間の頭,Character,1,0.02%,
breast expansion,乳房の膨張,Character,1,0.02%,
looking at the boy boy,キャラ: Looking At The Boy Boy,Character,1,0.02%,
artist:antilous,絵師: antilous風,Style,1,0.02%,
pinkie_pie_equestria_girls_tail,キャラ: Pinkie Pie Equestria Girls Tail,Character,1,0.02%,
front view girl,キャラ: Front View Girl,Character,1,0.02%,
grabbing penis1.5::excessive pubic hair,キャラ: Grabbing Penis1.5::excessive Pubic Hair,Character,1,0.02%,
-0.3::deep penetration   ::  9::boy on top::  focus pussy:: 3::crying,キャラ: -0.3::deep Penetration :: 9::boy On Top:: Focus Pussy:: 3::crying,Character,1,0.02%,
tear eye girl,キャラ: Tear Eye Girl,Character,1,0.02%,
cute Blue eye  girl,キャラ: Cute Blue Eye Girl,Character,1,0.02%,
pussy juice stains on thighs,キャラ: Pussy Juice Stains On Thighs,Character,1,0.02%,
stare at viewer  :: upturned eyes,キャラ: Stare At Viewer :: Upturned Eyes,Character,1,0.02%,
blush|lifting hair,キャラ: Blush|lifting Hair,Character,1,0.02%,
cum on face::  3::trembling::    3::wide-eyed,キャラ: Cum On Face:: 3::trembling:: 3::wide-eyed,Character,1,0.02%,
face to nipples,キャラ: Face To Nipples,Character,1,0.02%,
artist: sy4 ::  -0.5::flat color,絵師:  sy4 ::  -0.5::flat color風,Style,1,0.02%,
licking cafe's face,キャラ: Licking Cafe's Face,Character,1,0.02%,
covered mouth,覆われた口,Character,1,0.02%,
wet pussy:: boy,キャラ: Wet Pussy:: Boy,Character,1,0.02%,
covering the girl's mouth and nose,キャラ: Covering The Girl's Mouth And Nose,Character,1,0.02%,
ahegoa face,キャラ: Ahegoa Face,Character,1,0.02%,
Beautiful and detailed eyes,キャラ: Beautiful And Detailed Eyes,Character,1,0.02%,
soft skin art,キャラ: Soft Skin Art,Character,1,0.02%,
artist:ohisashiburi,絵師: ohisashiburi風,Style,1,0.02%,
standing doggystyle    slight open mouth,Standing Doggystyle Slight Open Mouth風の絵柄,Style,1,0.02%,
dirty face,汚れた顔,Character,1,0.02%,
*服装* bursting breasts,キャラ: *服装* Bursting Breasts,Character,1,0.02%,
indian style medium breasts,Indian Style Medium Breasts風の絵柄,Style,1,0.02%,
boys grab smartphone,キャラ: Boys Grab Smartphone,Character,1,0.02%,
long hair flowing naturally,キャラ: Long Hair Flowing Naturally,Character,1,0.02%,
fire-red face,キャラ: Fire-red Face,Character,1,0.02%,
natural hair,キャラ: Natural Hair,Character,1,0.02%,
-2::burr breasts,キャラ: -2::burr Breasts,Character,1,0.02%,
no text girl、 ceasarioumamusume,キャラ: No Text Girl、 Ceasarioumamusume,Character,1,0.02%,
skin dents,キャラ: Skin Dents,Character,1,0.02%,
complete black wolf girl,キャラ: Complete Black Wolf Girl,Character,1,0.02%,
rating:general girl,キャラ: Rating:general Girl,Character,1,0.02%,
very long wild hair with ponytail,キャラ: Very Long Wild Hair With Ponytail,Character,1,0.02%,
red gift box boy,キャラ: Red Gift Box Boy,Character,1,0.02%,
nose blush :::  3.0::anime coloring,キャラ: Nose Blush ::: 3.0::anime Coloring,Character,1,0.02%,
pale glowing skin,キャラ: Pale Glowing Skin,Character,1,0.02%,
::    2::closed eyes,キャラ: :: 2::closed Eyes,Character,1,0.02%,
Alternative hairstyle,Alternative Hairstyle風の絵柄,Style,1,0.02%,
no text 1.5::clara girls und panzer,キャラ: No Text 1.5::clara Girls Und Panzer,Character,1,0.02%,
Turn your back to the girl,キャラ: Turn Your Back To The Girl,Character,1,0.02%,
highly detailed shiny skin,キャラ: Highly Detailed Shiny Skin,Character,1,0.02%,
looking at breast,キャラ: Looking At Breast,Character,1,0.02%,
platinum blonde hair,プラチナブロンドの髪,Character,1,0.02%,
upside-down::  2::closed eyes with tears,キャラ: Upside-down:: 2::closed Eyes With Tears,Character,1,0.02%,
bald boy,キャラ: Bald Boy,Character,1,0.02%,
penis in mouth,キャラ: Penis In Mouth,Character,1,0.02%,
face away,キャラ: Face Away,Character,1,0.02%,
-1::navel::   4::looking up,キャラ: -1::navel:: 4::looking Up,Character,1,0.02%,
wave mouth,キャラ: Wave Mouth,Character,1,0.02%,
strands sticking to his face with sweat and cum. Eyes half-closed in pleasure,キャラ: Strands Sticking To His Face With Sweat And Cum. Eyes Half-closed In Pleasure,Character,1,0.02%,
symmetrical docking girl,キャラ: Symmetrical Docking Girl,Character,1,0.02%,
tender face,キャラ: Tender Face,Character,1,0.02%,
boys arm up,キャラ: Boys Arm Up,Character,1,0.02%,
long hairdark purple dominatrix corset.,キャラ: Long Hairdark Purple Dominatrix Corset.,Character,1,0.02%,
surprised ::  3.5:: nose blush,キャラ: Surprised :: 3.5:: Nose Blush,Character,1,0.02%,
boy on top::  2::male lips,キャラ: Boy On Top:: 2::male Lips,Character,1,0.02%,
Roll your eyes boy,キャラ: Roll Your Eyes Boy,Character,1,0.02%,
face between breasts,胸の間の顔,Character,1,0.02%,
Angry girl,キャラ: Angry Girl,Character,1,0.02%,
cowboy shot::  missionary,キャラ: Cowboy Shot:: Missionary,Character,1,0.02%,
artist:ahrdkl,絵師: ahrdkl風,Style,1,0.02%,
"【背景暈し】

【髪型】

【身体特徴】
huge breasts","キャラ: 【背景暈し】

【髪型】

【身体特徴】
huge Breasts",Character,1,0.02%,
behind girl,キャラ: Behind Girl,Character,1,0.02%,
girl on top ::  2::dutch angle,キャラ: Girl On Top :: 2::dutch Angle,Character,1,0.02%,
tears with eyes closed,キャラ: Tears With Eyes Closed,Character,1,0.02%,
1 nude faceless brown skin man::  -2::male blush,キャラ: 1 Nude Faceless Brown Skin Man:: -2::male Blush,Character,1,0.02%,
move the line boy,キャラ: Move The Line Boy,Character,1,0.02%,
caressing girl breasts,キャラ: Caressing Girl Breasts,Character,1,0.02%,
closed mouth 2::hair down,キャラ: Closed Mouth 2::hair Down,Character,1,0.02%,
people looking at girl,キャラ: People Looking At Girl,Character,1,0.02%,
close mouth girl,キャラ: Close Mouth Girl,Character,1,0.02%,
Squint your eyes,キャラ: Squint Your Eyes,Character,1,0.02%,
lower body boy,キャラ: Lower Body Boy,Character,1,0.02%,
head between breasts,胸の間に頭,Character,1,0.02%,
ahegao face mixed with forced smile,キャラ: Ahegao Face Mixed With Forced Smile,Character,1,0.02%,
fingers in another's mouth,キャラ: Fingers In Another's Mouth,Character,1,0.02%,
Thigh strap money clip boy,キャラ: Thigh Strap Money Clip Boy,Character,1,0.02%,
tongue out ahegoa face,キャラ: Tongue Out Ahegoa Face,Character,1,0.02%,
focus face::   6.5::nose blush,キャラ: Focus Face:: 6.5::nose Blush,Character,1,0.02%,
heavy blush spreading across his cheeks,キャラ: Heavy Blush Spreading Across His Cheeks,Character,1,0.02%,
exaggerated detailed beautiful eyes,キャラ: Exaggerated Detailed Beautiful Eyes,Character,1,0.02%,
-2.0::flesh-colored skin,キャラ: -2.0::flesh-colored Skin,Character,1,0.02%,
closed eyes::   2::clenched teeth,キャラ: Closed Eyes:: 2::clenched Teeth,Character,1,0.02%,
1 clothed faceless fat man,キャラ: 1 Clothed Faceless Fat Man,Character,1,0.02%,
dynamic::  4::closed eyes with tears,キャラ: Dynamic:: 4::closed Eyes With Tears,Character,1,0.02%,
giving boy,キャラ: Giving Boy,Character,1,0.02%,
faceless::   -2::male teeth,キャラ: Faceless:: -2::male Teeth,Character,1,0.02%,
from side::  5::nose blush::   6::boy on top,キャラ: From Side:: 5::nose Blush:: 6::boy On Top,Character,1,0.02%,
mischievous smile,キャラ: Mischievous Smile,Character,1,0.02%,
narrow open  mouth,キャラ: Narrow Open Mouth,Character,1,0.02%,
faceless big man,キャラ: Faceless Big Man,Character,1,0.02%,
artist:sushispin,絵師: sushispin風,Style,1,0.02%,
big hair girl,キャラ: Big Hair Girl,Character,1,0.02%,
::  5::nose blush,キャラ: :: 5::nose Blush,Character,1,0.02%,
breast bandage,キャラ: Breast Bandage,Character,1,0.02%,
foreskin bulge,キャラ: Foreskin Bulge,Character,1,0.02%,
colored skin,色付きの肌,Character,1,0.02%,
side face ::  4::closed eyes with tears,キャラ: Side Face :: 4::closed Eyes With Tears,Character,1,0.02%,
from above boy,キャラ: From Above Boy,Character,1,0.02%,
severe fatigue girl,キャラ: Severe Fatigue Girl,Character,1,0.02%,
Stand facing the boy,キャラ: Stand Facing The Boy,Character,1,0.02%,
highly detailed face and eyes,キャラ: Highly Detailed Face And Eyes,Character,1,0.02%,
foreshortening used to emphasize her thighs,キャラ: Foreshortening Used To Emphasize Her Thighs,Character,1,0.02%,
::    7::focus face,キャラ: :: 7::focus Face,Character,1,0.02%,
angry boy,キャラ: Angry Boy,Character,1,0.02%,
tip of penis   nose blush,キャラ: Tip Of Penis Nose Blush,Character,1,0.02%,
fake smile,キャラ: Fake Smile,Character,1,0.02%,
Artist:takeda_hiromitsu,絵師: takeda_hiromitsu風,Style,1,0.02%,
lower body::  4::focus face,キャラ: Lower Body:: 4::focus Face,Character,1,0.02%,
gold armpit hair,キャラ: Gold Armpit Hair,Character,1,0.02%,
:: 3.4::open mouth ::   -2::clenched teeth,キャラ: :: 3.4::open Mouth :: -2::clenched Teeth,Character,1,0.02%,
breast milk,母乳,Character,1,0.02%,
*动作* half-closed eyes,キャラ: *动作* Half-closed Eyes,Character,1,0.02%,
artist:fuooooo,絵師: fuooooo風,Style,1,0.02%,
artist:Tsunako,絵師: Tsunako風,Style,1,0.02%,
golden hair with black tips,キャラ: Golden Hair With Black Tips,Character,1,0.02%,
mouth to ear,キャラ: Mouth To Ear,Character,1,0.02%,
gigantix breasts,キャラ: Gigantix Breasts,Character,1,0.02%,
boy on top::  focus pussy:: 0::crying,キャラ: Boy On Top:: Focus Pussy:: 0::crying,Character,1,0.02%,
dolphin shorts girl,キャラ: Dolphin Shorts Girl,Character,1,0.02%,
focus soles::  4::cowboy shot,キャラ: Focus Soles:: 4::cowboy Shot,Character,1,0.02%,
bald hair:: 2::missionary,キャラ: Bald Hair:: 2::missionary,Character,1,0.02%,
dirty skin,キャラ: Dirty Skin,Character,1,0.02%,
closed mouth 1.6::bouncing breast,キャラ: Closed Mouth 1.6::bouncing Breast,Character,1,0.02%,
licking cafe's upper breasts,キャラ: Licking Cafe's Upper Breasts,Character,1,0.02%,
Sappy Romance  1.4::blush,キャラ: Sappy Romance 1.4::blush,Character,1,0.02%,
a lot of focus on his groin and thighs,キャラ: A Lot Of Focus On His Groin And Thighs,Character,1,0.02%,
From the side girl,キャラ: From The Side Girl,Character,1,0.02%,
*画质* detailed eyes,キャラ: *画质* Detailed Eyes,Character,1,0.02%,
sucking breast,キャラ: Sucking Breast,Character,1,0.02%,
presenting phone to boy,キャラ: Presenting Phone To Boy,Character,1,0.02%,
imagine boy,キャラ: Imagine Boy,Character,1,0.02%,
covered eyes,覆われた目,Character,1,0.02%,
artist:misyune,絵師: misyune風,Style,1,0.02%,
v over eye boy,キャラ: V Over Eye Boy,Character,1,0.02%,
full body girl,キャラ: Full Body Girl,Character,1,0.02%,
grab breasts,キャラ: Grab Breasts,Character,1,0.02%,
kiss boy,キャラ: Kiss Boy,Character,1,0.02%,
blue and gold hair ornament,キャラ: Blue And Gold Hair Ornament,Character,1,0.02%,
hair flowing gently,キャラ: Hair Flowing Gently,Character,1,0.02%,
::   5::face focus,キャラ: :: 5::face Focus,Character,1,0.02%,
doggystyle position,Doggystyle Position風の絵柄,Style,1,0.02%,
